-- Copyright (C) 2015-Endless, CrazyBird Corporation
-- Thank you for use CrazyBird's design tools

DEPTH = 25600;
WIDTH = 24;
ADDRESS_RADIX = UNS;
DATA_RADIX = HEX;

CONTENT BEGIN

0 : 81c0f5;
1 : 81c0f5;
2 : 81c0f5;
3 : 81c0f5;
4 : 81c0f5;
5 : 81c0f5;
6 : 81c0f5;
7 : 81c0f5;
8 : 81c0f5;
9 : 81c0f5;
10 : 81c0f5;
11 : 81c0f5;
12 : 81c0f5;
13 : 81c0f5;
14 : 81c0f5;
15 : 81c0f5;
16 : 81c0f5;
17 : 81c0f5;
18 : 81c0f5;
19 : 81c0f5;
20 : 81c0f5;
21 : 81c0f5;
22 : 81c0f5;
23 : 81c0f5;
24 : 81c0f5;
25 : 81c0f5;
26 : 81c0f5;
27 : 81c0f5;
28 : 81c0f5;
29 : 81c0f5;
30 : 81c0f5;
31 : 81c0f5;
32 : 81c0f5;
33 : 81c0f5;
34 : 81c0f5;
35 : 81c0f5;
36 : 81c0f5;
37 : 81c0f5;
38 : 81c0f5;
39 : 81c0f5;
40 : 81c0f5;
41 : 81c0f5;
42 : 81c0f5;
43 : 81c0f6;
44 : 81c0f5;
45 : 7fc3e9;
46 : 7fc6f2;
47 : 7dc2ff;
48 : 7abbf9;
49 : 7cb1db;
50 : 9bc0cf;
51 : d9eee7;
52 : fafff7;
53 : fefdf8;
54 : f9faf5;
55 : f9faf5;
56 : fafbf6;
57 : fafbf6;
58 : fbfcf6;
59 : fbfcf7;
60 : fcfdfb;
61 : fdfdfe;
62 : fdfdfd;
63 : fdfdfd;
64 : fdfdfd;
65 : fdfdfd;
66 : fdfdfd;
67 : fdfdfc;
68 : fdfdfb;
69 : fdfdfb;
70 : fdfdfb;
71 : fdfdfb;
72 : fdfdfb;
73 : fdfdfb;
74 : fdfdfb;
75 : fdfdfb;
76 : fdfdfb;
77 : fdfdfb;
78 : fdfdfb;
79 : fdfdfb;
80 : fdfdfb;
81 : fdfdfb;
82 : fdfdfb;
83 : fdfdfd;
84 : fdfdfd;
85 : fdfdfd;
86 : fdfdfd;
87 : fdfdfd;
88 : fdfdfd;
89 : fdfdfd;
90 : fdfdfd;
91 : fdfdfd;
92 : fdfdfd;
93 : fdfdfd;
94 : fdfdfd;
95 : fdfdfd;
96 : fdfdfd;
97 : fdfdfd;
98 : fdfdfd;
99 : fdfdfd;
100 : fdfdfd;
101 : fdfdfd;
102 : fdfdfd;
103 : fdfdfd;
104 : fdfdfd;
105 : fdfdfd;
106 : fdfdfd;
107 : fdfdfd;
108 : fdfdfd;
109 : fdfdfd;
110 : fdfdfd;
111 : fdfdfd;
112 : fdfdfd;
113 : fdfdfd;
114 : fcfefd;
115 : fafefd;
116 : f9fefd;
117 : fbfefc;
118 : fefdfb;
119 : fffbfb;
120 : fffbfc;
121 : fdfdfd;
122 : fcfefd;
123 : fbfefd;
124 : fafffd;
125 : f9fffd;
126 : f9fffd;
127 : fafffd;
128 : fdfdfd;
129 : fdfdfd;
130 : fdfdfd;
131 : fdfdfd;
132 : fdfdfd;
133 : fdfdfd;
134 : fdfdfd;
135 : fcfcfc;
136 : fbfbfb;
137 : fbfbfb;
138 : fbfbfb;
139 : fbfbfb;
140 : fbfbfb;
141 : fbfbfb;
142 : fbfbfb;
143 : fbfbfb;
144 : fbfbfb;
145 : fbfbfb;
146 : fbfbfb;
147 : fbfbfb;
148 : fbfbfb;
149 : fbfbfb;
150 : fbfbfa;
151 : fbfbfa;
152 : fbfbfb;
153 : fbfbfc;
154 : fbfaff;
155 : fbfaff;
156 : fbfaff;
157 : fcfbfe;
158 : fdfdff;
159 : fefeff;
160 : 81c0f5;
161 : 81c0f5;
162 : 81c0f5;
163 : 81c0f5;
164 : 81c0f5;
165 : 81c0f5;
166 : 81c0f5;
167 : 81c0f5;
168 : 81c0f5;
169 : 81c0f5;
170 : 81c0f5;
171 : 81c0f5;
172 : 81c0f5;
173 : 81c0f5;
174 : 81c0f5;
175 : 81c0f5;
176 : 81c0f5;
177 : 81c0f5;
178 : 81c0f5;
179 : 81c0f5;
180 : 81c0f5;
181 : 81c0f5;
182 : 81c0f5;
183 : 81c0f5;
184 : 81c0f5;
185 : 81c0f5;
186 : 81c0f5;
187 : 81c0f5;
188 : 81c0f5;
189 : 81c0f5;
190 : 81c0f5;
191 : 81c0f5;
192 : 81c0f5;
193 : 81c0f5;
194 : 81c0f5;
195 : 81c0f5;
196 : 81c0f5;
197 : 81c0f5;
198 : 81c0f5;
199 : 81c0f5;
200 : 81c0f5;
201 : 81c0f5;
202 : 81c0f5;
203 : 81c0f5;
204 : 80c0f4;
205 : 82c1f0;
206 : 87c2f9;
207 : 86beff;
208 : 83b2ee;
209 : 93b7de;
210 : d3ebf7;
211 : fdffff;
212 : fbfbf6;
213 : f8f8f6;
214 : f9f9f7;
215 : fbfbf9;
216 : fbfbf9;
217 : fbfbf8;
218 : fbfbf9;
219 : fbfbf9;
220 : fdfdfc;
221 : fdfdfe;
222 : fdfdfd;
223 : fdfdfd;
224 : fdfdfd;
225 : fdfdfd;
226 : fdfdfd;
227 : fdfdfc;
228 : fdfdfb;
229 : fdfdfb;
230 : fdfdfb;
231 : fdfdfb;
232 : fdfdfb;
233 : fdfdfb;
234 : fdfdfb;
235 : fdfdfb;
236 : fdfdfb;
237 : fdfdfb;
238 : fdfdfb;
239 : fdfdfb;
240 : fdfdfb;
241 : fdfdfb;
242 : fdfdfb;
243 : fdfdfd;
244 : fdfdfd;
245 : fdfdfd;
246 : fdfdfd;
247 : fdfdfd;
248 : fdfdfd;
249 : fdfdfd;
250 : fdfdfd;
251 : fdfdfd;
252 : fdfdfd;
253 : fdfdfd;
254 : fdfdfd;
255 : fdfdfd;
256 : fdfdfd;
257 : fdfdfd;
258 : fdfdfd;
259 : fdfdfd;
260 : fdfdfd;
261 : fdfdfd;
262 : fdfdfd;
263 : fdfdfd;
264 : fdfdfd;
265 : fdfdfd;
266 : fdfdfd;
267 : fdfdfd;
268 : fdfdfd;
269 : fdfdfd;
270 : fdfdfd;
271 : fdfdfd;
272 : fdfdfd;
273 : fffcfd;
274 : fefcfd;
275 : fdfdfd;
276 : fcfefd;
277 : fcfefd;
278 : fefdfd;
279 : fffbfd;
280 : fffbfe;
281 : fffcfe;
282 : fffcfe;
283 : fffbfe;
284 : fffbfe;
285 : fefcfe;
286 : fefcfe;
287 : fffbfe;
288 : fdfdfd;
289 : fdfdfd;
290 : fdfdfd;
291 : fdfdfd;
292 : fdfdfd;
293 : fdfdfd;
294 : fdfdfd;
295 : fcfcfc;
296 : fbfbfb;
297 : fbfbfb;
298 : fbfbfb;
299 : fbfbfb;
300 : fbfbfb;
301 : fbfbfb;
302 : fbfbfb;
303 : fbfbfb;
304 : fbfbfb;
305 : fbfbfb;
306 : fbfbfb;
307 : fbfbfb;
308 : fbfbfb;
309 : fbfbfb;
310 : fbfbfb;
311 : fbfbfb;
312 : fbfbfb;
313 : fbfbfc;
314 : fbfbfd;
315 : fbfbfc;
316 : fbfbfc;
317 : fcfcfb;
318 : fefdfc;
319 : fffefd;
320 : 81c0f5;
321 : 81c0f5;
322 : 81c0f5;
323 : 81c0f5;
324 : 81c0f5;
325 : 81c0f5;
326 : 81c0f5;
327 : 81c0f5;
328 : 81c0f5;
329 : 81c0f5;
330 : 81c0f5;
331 : 81c0f5;
332 : 81c0f5;
333 : 81c0f5;
334 : 81c0f5;
335 : 81c0f5;
336 : 81c0f5;
337 : 81c0f5;
338 : 81c0f5;
339 : 81c0f5;
340 : 81c0f5;
341 : 81c0f5;
342 : 81c0f5;
343 : 81c0f5;
344 : 81c0f5;
345 : 81c0f5;
346 : 81c0f5;
347 : 81c0f5;
348 : 81c0f5;
349 : 81c0f5;
350 : 81c0f5;
351 : 81c0f5;
352 : 81c0f5;
353 : 81c0f5;
354 : 81c0f5;
355 : 81c0f5;
356 : 81c0f5;
357 : 81c0f5;
358 : 81c0f5;
359 : 81c0f5;
360 : 81c0f5;
361 : 81c0f5;
362 : 81c0f5;
363 : 81c0f5;
364 : 80c0f4;
365 : 82bef8;
366 : 89bdff;
367 : 8cb8f9;
368 : 8bace1;
369 : c0d5ec;
370 : faffff;
371 : fafefc;
372 : f7f7f4;
373 : f8f7f6;
374 : fbfbfa;
375 : fbfbfa;
376 : fafaf9;
377 : fbfbfa;
378 : fcfcfb;
379 : fcfcfb;
380 : fdfdfc;
381 : fdfdfd;
382 : fdfdfd;
383 : fdfdfd;
384 : fdfdfd;
385 : fdfdfd;
386 : fdfdfd;
387 : fdfdfc;
388 : fdfdfb;
389 : fdfdfb;
390 : fdfdfb;
391 : fdfdfb;
392 : fdfdfb;
393 : fdfdfb;
394 : fdfdfb;
395 : fdfdfb;
396 : fdfdfb;
397 : fdfdfb;
398 : fdfdfb;
399 : fdfdfb;
400 : fdfdfb;
401 : fdfdfb;
402 : fdfdfb;
403 : fdfdfd;
404 : fdfdfd;
405 : fdfdfd;
406 : fdfdfd;
407 : fdfdfd;
408 : fdfdfd;
409 : fdfdfd;
410 : fdfdfd;
411 : fdfdfd;
412 : fdfdfd;
413 : fdfdfd;
414 : fdfdfd;
415 : fdfdfd;
416 : fdfdfd;
417 : fdfdfd;
418 : fdfdfd;
419 : fdfdfd;
420 : fdfdfd;
421 : fdfdfd;
422 : fdfdfd;
423 : fdfdfd;
424 : fdfdfd;
425 : fdfdfd;
426 : fdfdfd;
427 : fdfdfd;
428 : fdfdfd;
429 : fdfdfd;
430 : fdfdfd;
431 : fdfdfd;
432 : fdfdfd;
433 : fffdfd;
434 : fefdfd;
435 : fdfefd;
436 : fcfffd;
437 : fcfefe;
438 : fcfdfe;
439 : fcfefe;
440 : fefcff;
441 : fffcff;
442 : fffcff;
443 : fffcff;
444 : fffbff;
445 : fffbff;
446 : fffbff;
447 : fffbff;
448 : fdfdfd;
449 : fdfdfd;
450 : fdfdfd;
451 : fdfdfd;
452 : fdfdfd;
453 : fdfdfd;
454 : fdfdfd;
455 : fcfcfc;
456 : fbfbfb;
457 : fbfbfb;
458 : fbfbfb;
459 : fbfbfb;
460 : fbfbfb;
461 : fbfbfb;
462 : fbfbfb;
463 : fbfbfb;
464 : fbfbfb;
465 : fbfbfb;
466 : fbfbfb;
467 : fbfbfb;
468 : fbfbfb;
469 : fbfbfb;
470 : fbfbfb;
471 : fbfbfc;
472 : fbfbfc;
473 : fbfbfa;
474 : fbfbf9;
475 : fbfcf7;
476 : fbfbf7;
477 : fcfbf9;
478 : fefefc;
479 : ffffff;
480 : 81c0f5;
481 : 81c0f5;
482 : 81c0f5;
483 : 81c0f5;
484 : 81c0f5;
485 : 81c0f5;
486 : 81c0f5;
487 : 81c0f5;
488 : 81c0f5;
489 : 81c0f5;
490 : 81c0f5;
491 : 81c0f5;
492 : 81c0f5;
493 : 81c0f5;
494 : 81c0f5;
495 : 81c0f5;
496 : 81c0f5;
497 : 81c0f5;
498 : 81c0f5;
499 : 81c0f5;
500 : 81c0f5;
501 : 81c0f5;
502 : 81c0f5;
503 : 81c0f5;
504 : 81c0f5;
505 : 81c0f5;
506 : 81c0f5;
507 : 81c0f5;
508 : 81c0f5;
509 : 81c0f5;
510 : 81c0f5;
511 : 81c0f5;
512 : 81c0f5;
513 : 81c0f5;
514 : 81c0f5;
515 : 81c0f5;
516 : 81c0f5;
517 : 81c0f5;
518 : 81c0f5;
519 : 81c0f5;
520 : 81c0f5;
521 : 81c0f5;
522 : 81c0f5;
523 : 81c0f5;
524 : 80bff4;
525 : 7dbefd;
526 : 82beff;
527 : 87b5f1;
528 : 8eaed8;
529 : cfe3f1;
530 : f9ffff;
531 : f4fdf9;
532 : f7faf8;
533 : faf9f9;
534 : fbfbfb;
535 : fbfbfb;
536 : fcfcfc;
537 : fcfcfc;
538 : fcfcfc;
539 : fcfcfc;
540 : fdfdfd;
541 : fdfdfd;
542 : fdfdfd;
543 : fdfdfd;
544 : fdfdfd;
545 : fdfdfd;
546 : fdfdfd;
547 : fdfdfc;
548 : fdfdfb;
549 : fdfdfb;
550 : fdfdfb;
551 : fdfdfb;
552 : fdfdfb;
553 : fdfdfb;
554 : fdfdfb;
555 : fdfdfb;
556 : fdfdfb;
557 : fdfdfb;
558 : fdfdfb;
559 : fdfdfb;
560 : fdfdfb;
561 : fdfdfb;
562 : fdfdfb;
563 : fdfdfd;
564 : fdfdfd;
565 : fdfdfd;
566 : fdfdfd;
567 : fdfdfd;
568 : fdfdfd;
569 : fdfdfd;
570 : fdfdfd;
571 : fdfdfd;
572 : fdfdfd;
573 : fdfdfd;
574 : fdfdfd;
575 : fdfdfd;
576 : fdfdfd;
577 : fdfdfd;
578 : fdfdfd;
579 : fdfdfd;
580 : fdfdfd;
581 : fdfdfd;
582 : fdfdfd;
583 : fdfdfd;
584 : fdfdfd;
585 : fdfdfd;
586 : fdfdfd;
587 : fdfdfd;
588 : fdfdfd;
589 : fdfdfd;
590 : fdfdfd;
591 : fefdfd;
592 : fcfdfd;
593 : f8fefc;
594 : f9fefc;
595 : fafffd;
596 : fcfffe;
597 : fdffff;
598 : feffff;
599 : ffffff;
600 : ffffff;
601 : ffffff;
602 : ffffff;
603 : ffffff;
604 : ffffff;
605 : fdfeff;
606 : fafdfe;
607 : f7fcfe;
608 : fcfdfd;
609 : fefdfd;
610 : fdfdfd;
611 : fdfdfd;
612 : fdfdfd;
613 : fdfdfd;
614 : fdfdfd;
615 : fdfdfd;
616 : fbfbfb;
617 : fbfbfb;
618 : fbfbfb;
619 : fbfbfb;
620 : fbfbfb;
621 : fbfbfb;
622 : fbfbfb;
623 : fbfbfb;
624 : fbfbfb;
625 : fbfbfb;
626 : fbfbfb;
627 : fbfbfb;
628 : fbfbfb;
629 : fbfbfa;
630 : fbfafc;
631 : fbfafe;
632 : fbfbfc;
633 : fbfcf9;
634 : fbfcf6;
635 : fbfbf6;
636 : fcfbfa;
637 : fcfcfb;
638 : fdffff;
639 : f2f9fb;
640 : 81c0f5;
641 : 81c0f5;
642 : 81c0f5;
643 : 81c0f5;
644 : 81c0f5;
645 : 81c0f5;
646 : 81c0f5;
647 : 81c0f5;
648 : 81c0f5;
649 : 81c0f5;
650 : 81c0f5;
651 : 81c0f5;
652 : 81c0f5;
653 : 81c0f5;
654 : 81c0f5;
655 : 81c0f5;
656 : 81c0f5;
657 : 81c0f5;
658 : 81c0f5;
659 : 81c0f5;
660 : 81c0f5;
661 : 81c0f5;
662 : 81c0f5;
663 : 81c0f5;
664 : 81c0f5;
665 : 81c0f5;
666 : 81c0f5;
667 : 81c0f5;
668 : 81c0f5;
669 : 81c0f5;
670 : 81c0f5;
671 : 81c0f5;
672 : 81c0f5;
673 : 81c0f5;
674 : 81c0f5;
675 : 81c0f5;
676 : 81c0f5;
677 : 81c0f5;
678 : 81c0f5;
679 : 81c0f5;
680 : 81c0f5;
681 : 81c0f5;
682 : 81c0f5;
683 : 81c0f5;
684 : 80bff4;
685 : 7bbffc;
686 : 7ebfff;
687 : 7fb4ed;
688 : 86afd5;
689 : cbe7f2;
690 : f6ffff;
691 : f2fdf7;
692 : f7faf9;
693 : fbfafb;
694 : fafafb;
695 : fbfbfd;
696 : fcfcfe;
697 : fcfcfd;
698 : fcfcfd;
699 : fcfcfd;
700 : fdfdfd;
701 : fdfdfd;
702 : fdfdfd;
703 : fdfdfd;
704 : fdfdfd;
705 : fdfdfd;
706 : fdfdfd;
707 : fdfdfc;
708 : fdfdfb;
709 : fdfdfb;
710 : fdfdfb;
711 : fdfdfb;
712 : fdfdfb;
713 : fdfdfb;
714 : fdfdfb;
715 : fdfdfb;
716 : fdfdfb;
717 : fdfdfb;
718 : fdfdfb;
719 : fdfdfb;
720 : fdfdfb;
721 : fdfdfb;
722 : fdfdfb;
723 : fdfdfd;
724 : fdfdfd;
725 : fdfdfd;
726 : fdfdfd;
727 : fdfdfd;
728 : fdfdfd;
729 : fdfdfd;
730 : fdfdfd;
731 : fdfdfd;
732 : fdfdfd;
733 : fdfdfd;
734 : fdfdfd;
735 : fdfdfd;
736 : fdfdfd;
737 : fdfdfd;
738 : fdfdfd;
739 : fdfdfd;
740 : fdfdfd;
741 : fdfdfd;
742 : fdfdfd;
743 : fdfdfd;
744 : fdfdfd;
745 : fdfdfd;
746 : fdfdfd;
747 : fdfdfd;
748 : fdfdfd;
749 : fdfdfd;
750 : fdfdfd;
751 : fefdfd;
752 : fcfdfd;
753 : f3fdf9;
754 : f5fcfa;
755 : fefeff;
756 : ffffff;
757 : fffeff;
758 : fff8ff;
759 : fcedf9;
760 : f6eaf3;
761 : f1e8ef;
762 : efe3ec;
763 : f2e6f0;
764 : fdf7fc;
765 : ffffff;
766 : f8ffff;
767 : f2fbfd;
768 : f7f8f8;
769 : fefdfd;
770 : fefefe;
771 : fdfdfd;
772 : fdfdfd;
773 : fdfdfd;
774 : fdfdfd;
775 : fdfdfd;
776 : fbfbfb;
777 : fbfbfb;
778 : fbfbfb;
779 : fbfbfb;
780 : fbfbfb;
781 : fbfbfb;
782 : fbfbfb;
783 : fbfbfb;
784 : fbfbfb;
785 : fbfbfb;
786 : fbfbfb;
787 : fbfbfb;
788 : fbfbfb;
789 : fbfbfa;
790 : fbfafd;
791 : fbfaff;
792 : fbfbfb;
793 : fbfcf6;
794 : fbfcf7;
795 : fafaf9;
796 : fdfbfd;
797 : ffffff;
798 : dff2f8;
799 : 97b0bf;
800 : 81c0f5;
801 : 81c0f5;
802 : 81c0f5;
803 : 81c0f5;
804 : 81c0f5;
805 : 81c0f5;
806 : 81c0f5;
807 : 81c0f5;
808 : 81c0f5;
809 : 81c0f5;
810 : 81c0f5;
811 : 81c0f5;
812 : 81c0f5;
813 : 81c0f5;
814 : 81c0f5;
815 : 81c0f5;
816 : 81c0f5;
817 : 81c0f5;
818 : 81c0f5;
819 : 81c0f5;
820 : 81c0f5;
821 : 81c0f5;
822 : 81c0f5;
823 : 81c0f5;
824 : 81c0f5;
825 : 81c0f5;
826 : 81c0f5;
827 : 81c0f5;
828 : 81c0f5;
829 : 81c0f5;
830 : 80c0f5;
831 : 81c0f5;
832 : 81c0f5;
833 : 81c0f5;
834 : 81c0f5;
835 : 81c0f5;
836 : 81c0f4;
837 : 81c0f4;
838 : 81c0f5;
839 : 81c0f5;
840 : 81c0f5;
841 : 81c0f5;
842 : 81c0f5;
843 : 81c0f5;
844 : 80bff4;
845 : 7ebdf6;
846 : 81bdf9;
847 : 7eb5ef;
848 : 7eafd8;
849 : c0e2f0;
850 : f5ffff;
851 : f9f9f7;
852 : fdf7f8;
853 : fbfbfe;
854 : fafafc;
855 : fafafc;
856 : fcfcfe;
857 : fcfcfe;
858 : fcfcfe;
859 : fcfcff;
860 : fdfdfe;
861 : fdfdfd;
862 : fdfdfd;
863 : fdfdfd;
864 : fdfdfd;
865 : fdfdfd;
866 : fdfdfd;
867 : fdfdfc;
868 : fdfdfb;
869 : fdfdfb;
870 : fdfdfb;
871 : fdfdfb;
872 : fdfdfb;
873 : fdfdfb;
874 : fdfdfb;
875 : fdfdfb;
876 : fdfdfb;
877 : fdfdfb;
878 : fdfdfb;
879 : fdfdfb;
880 : fdfdfb;
881 : fdfdfb;
882 : fdfdfb;
883 : fdfdfd;
884 : fdfdfd;
885 : fdfdfd;
886 : fdfdfd;
887 : fdfdfd;
888 : fdfdfd;
889 : fdfdfd;
890 : fdfdfd;
891 : fdfdfd;
892 : fdfdfd;
893 : fdfdfd;
894 : fdfdfd;
895 : fdfdfd;
896 : fdfdfd;
897 : fdfdfd;
898 : fdfdfd;
899 : fdfdfd;
900 : fdfdfd;
901 : fdfdfd;
902 : fdfdfd;
903 : fdfdfd;
904 : fdfdfd;
905 : fdfdfd;
906 : fdfdfd;
907 : fdfdfd;
908 : fdfdfd;
909 : fdfdfd;
910 : fdfdfd;
911 : fdfdfd;
912 : fdfefd;
913 : fbfdfb;
914 : ffffff;
915 : fbf2f6;
916 : e4cad5;
917 : d4adbf;
918 : c99bb0;
919 : c492a9;
920 : c390a8;
921 : c491a9;
922 : c692aa;
923 : c494aa;
924 : d4adc0;
925 : f2dbea;
926 : fffbff;
927 : ffffff;
928 : fcfdfc;
929 : f7f7f7;
930 : fcfbfb;
931 : fefefe;
932 : fdfdfd;
933 : fdfdfd;
934 : fdfdfd;
935 : fdfdfd;
936 : fbfbfb;
937 : fbfbfb;
938 : fbfbfb;
939 : fbfbfb;
940 : fbfbfb;
941 : fbfbfb;
942 : fbfbfb;
943 : fbfbfb;
944 : fbfbfb;
945 : fbfbfb;
946 : fbfbfb;
947 : fbfbfb;
948 : fbfbfb;
949 : fbfbfa;
950 : fbfafd;
951 : fbfaff;
952 : fbfbfb;
953 : fbfbf7;
954 : fafbf8;
955 : fdfdfe;
956 : ffffff;
957 : e3e1ee;
958 : 85a6be;
959 : 78a6c0;
960 : 81c0f5;
961 : 81c0f5;
962 : 81c0f5;
963 : 81c0f5;
964 : 81c0f5;
965 : 81c0f5;
966 : 81c0f5;
967 : 81c0f5;
968 : 81c0f5;
969 : 81c0f5;
970 : 81c0f5;
971 : 81c0f5;
972 : 81c0f5;
973 : 81c0f5;
974 : 81c0f5;
975 : 81c0f5;
976 : 81c0f5;
977 : 81c0f5;
978 : 81c0f5;
979 : 81c0f5;
980 : 81c0f5;
981 : 81c0f5;
982 : 81c0f5;
983 : 81c0f5;
984 : 81c0f5;
985 : 81c0f5;
986 : 81c0f5;
987 : 81c0f5;
988 : 81c0f5;
989 : 81c0f5;
990 : 82bff5;
991 : 82c0f5;
992 : 81c0f5;
993 : 81c0f5;
994 : 81c0f6;
995 : 81c0f6;
996 : 81c0f6;
997 : 81c0f6;
998 : 81c0f5;
999 : 81c0f5;
1000 : 82bff6;
1001 : 82bff5;
1002 : 82bff5;
1003 : 83bff5;
1004 : 82bef4;
1005 : 84bbf3;
1006 : 85bcf5;
1007 : 80b8f2;
1008 : 78aad9;
1009 : b0d4e9;
1010 : f1ffff;
1011 : fdf6f6;
1012 : fff8f9;
1013 : fafaff;
1014 : f8f8fe;
1015 : f9f9fe;
1016 : fbfaff;
1017 : fcfbff;
1018 : fcfbfe;
1019 : fdfbfe;
1020 : fdfcfd;
1021 : fcfdfd;
1022 : fcfdfd;
1023 : fcfdfd;
1024 : fdfdfd;
1025 : fdfdfd;
1026 : fdfdfd;
1027 : fdfdfc;
1028 : fdfdfb;
1029 : fdfdfb;
1030 : fdfdfb;
1031 : fdfdfb;
1032 : fdfdfb;
1033 : fdfdfb;
1034 : fdfdfb;
1035 : fdfdfb;
1036 : fdfdfb;
1037 : fdfdfb;
1038 : fdfdfb;
1039 : fdfdfb;
1040 : fdfdfb;
1041 : fdfdfb;
1042 : fdfdfb;
1043 : fdfdfd;
1044 : fdfdfd;
1045 : fdfdfd;
1046 : fdfdfd;
1047 : fdfdfd;
1048 : fdfdfd;
1049 : fdfdfd;
1050 : fdfdfd;
1051 : fdfdfd;
1052 : fdfdfd;
1053 : fdfdfd;
1054 : fdfdfd;
1055 : fdfdfd;
1056 : fdfdfd;
1057 : fdfdfd;
1058 : fdfdfd;
1059 : fdfdfd;
1060 : fdfdfd;
1061 : fdfdfd;
1062 : fdfdfd;
1063 : fdfdfd;
1064 : fdfdfd;
1065 : fdfdfd;
1066 : fdfdfd;
1067 : fdfdfd;
1068 : fdfdfd;
1069 : fdfdfd;
1070 : fdfdfd;
1071 : fcfcfc;
1072 : feffff;
1073 : ffffff;
1074 : efdee4;
1075 : b894a1;
1076 : b07d91;
1077 : ca8ba6;
1078 : d992b0;
1079 : e093b4;
1080 : ea95b9;
1081 : f399bf;
1082 : f19cbf;
1083 : e898ba;
1084 : d48fae;
1085 : c08ba5;
1086 : c9a1b7;
1087 : e2c9d9;
1088 : f9f7f9;
1089 : feffff;
1090 : f5f8f7;
1091 : fafbfa;
1092 : fefdfe;
1093 : fdfdfd;
1094 : fdfdfd;
1095 : fdfdfd;
1096 : fbfbfb;
1097 : fbfbfb;
1098 : fbfbfb;
1099 : fbfbfb;
1100 : fbfbfb;
1101 : fbfbfb;
1102 : fbfbfb;
1103 : fbfbfb;
1104 : fbfbfb;
1105 : fbfbfb;
1106 : fbfbfb;
1107 : fbfbfb;
1108 : fbfbfb;
1109 : fbfbfb;
1110 : fbfbfc;
1111 : fbfbfd;
1112 : fbfbfa;
1113 : fbfbf8;
1114 : fcfcfa;
1115 : ffffff;
1116 : f9f3fd;
1117 : adaac0;
1118 : 76a0c2;
1119 : 88c4e8;
1120 : 81c0f5;
1121 : 81c0f5;
1122 : 81c0f5;
1123 : 81c0f5;
1124 : 81c0f5;
1125 : 81c0f5;
1126 : 81c0f5;
1127 : 81c0f5;
1128 : 81c0f5;
1129 : 81c0f5;
1130 : 81c0f5;
1131 : 81c0f5;
1132 : 81c0f5;
1133 : 81c0f5;
1134 : 81c0f5;
1135 : 81c0f5;
1136 : 81c0f5;
1137 : 81c0f5;
1138 : 81c0f5;
1139 : 81c0f5;
1140 : 81c0f5;
1141 : 81c0f5;
1142 : 81c0f5;
1143 : 81c0f5;
1144 : 81c0f5;
1145 : 81c0f5;
1146 : 81c0f5;
1147 : 81c0f5;
1148 : 81c0f5;
1149 : 81c0f5;
1150 : 86bef1;
1151 : 86bff0;
1152 : 82c0f2;
1153 : 7fc1f5;
1154 : 7ec0f8;
1155 : 80bffb;
1156 : 85bdfc;
1157 : 83bdfc;
1158 : 81bff9;
1159 : 81bff8;
1160 : 82bff8;
1161 : 83bef7;
1162 : 84bef6;
1163 : 84bef6;
1164 : 84bef5;
1165 : 80bff2;
1166 : 7ec1f4;
1167 : 7fbef6;
1168 : 7bafe6;
1169 : 8cb2dc;
1170 : d2e6f9;
1171 : fcfefd;
1172 : fafaf4;
1173 : f9fbfa;
1174 : fbf8ff;
1175 : fcf7ff;
1176 : fafaff;
1177 : f7fcff;
1178 : fbfaff;
1179 : fff8fb;
1180 : fcfbf9;
1181 : f9fefc;
1182 : f9fdfc;
1183 : f9fdfc;
1184 : fbfdfc;
1185 : fcfcfc;
1186 : fcfcfa;
1187 : fdfcfb;
1188 : fdfdfd;
1189 : fdfdfd;
1190 : fdfdfd;
1191 : fdfdfd;
1192 : fdfdfd;
1193 : fdfdfd;
1194 : fdfdfd;
1195 : fefefe;
1196 : fefefe;
1197 : fefefe;
1198 : fefefe;
1199 : fefefe;
1200 : fefefe;
1201 : fefefe;
1202 : fefefe;
1203 : fefefe;
1204 : fefefe;
1205 : fefefe;
1206 : fefefe;
1207 : fefefe;
1208 : fefefe;
1209 : fefefe;
1210 : fdfdfd;
1211 : fdfdfd;
1212 : fdfdfd;
1213 : fdfdfd;
1214 : fdfdfd;
1215 : fdfdfd;
1216 : fdfdfd;
1217 : fdfdfd;
1218 : fdfdfd;
1219 : fdfdfd;
1220 : fdfdfd;
1221 : fdfdfd;
1222 : fdfdfd;
1223 : fdfdfd;
1224 : fdfdfd;
1225 : fbfefe;
1226 : fbfffe;
1227 : fefefe;
1228 : fffcfe;
1229 : fffcfd;
1230 : fefcfc;
1231 : ffffff;
1232 : ffffff;
1233 : ddd3d8;
1234 : ba8b9e;
1235 : d381a2;
1236 : f49ec0;
1237 : f4acca;
1238 : f3adcc;
1239 : f5a1c7;
1240 : f49bc0;
1241 : f49fbf;
1242 : f59ec1;
1243 : f7a1c6;
1244 : f7a5ca;
1245 : e79fc3;
1246 : ce8cb0;
1247 : be81a2;
1248 : c6a4b7;
1249 : f7eff5;
1250 : ffffff;
1251 : f3fefa;
1252 : fdfdfd;
1253 : fffbff;
1254 : fcfdff;
1255 : fafdfe;
1256 : fcfbfb;
1257 : fbfbfb;
1258 : fbfbfb;
1259 : fbfbfb;
1260 : fbfbfb;
1261 : fbfbfb;
1262 : fbfbfb;
1263 : fbfbfb;
1264 : fbfbfb;
1265 : fbfbfb;
1266 : fbfbfb;
1267 : fbfbfb;
1268 : fbfbfb;
1269 : fbfbfb;
1270 : fbfbfc;
1271 : fbfbfd;
1272 : fbfbf9;
1273 : fbfcf6;
1274 : fcfdf9;
1275 : ffffff;
1276 : fdf9ff;
1277 : c9c7d8;
1278 : 7fa7c9;
1279 : 7ab4d9;
1280 : 81c0f5;
1281 : 81c0f5;
1282 : 81c0f5;
1283 : 81c0f5;
1284 : 81c0f5;
1285 : 81c0f5;
1286 : 81c0f5;
1287 : 81c0f5;
1288 : 81c0f5;
1289 : 81c0f5;
1290 : 81c0f5;
1291 : 81c0f5;
1292 : 81c0f5;
1293 : 81c0f5;
1294 : 81c0f5;
1295 : 81c0f5;
1296 : 81c0f5;
1297 : 81c0f5;
1298 : 81c0f5;
1299 : 81c0f5;
1300 : 81c0f5;
1301 : 81c0f5;
1302 : 81c0f5;
1303 : 81c0f5;
1304 : 81c0f5;
1305 : 81c0f5;
1306 : 81c0f5;
1307 : 81c0f5;
1308 : 81c0f5;
1309 : 81c0f5;
1310 : 82c1ef;
1311 : 81c0ed;
1312 : 7ec2f0;
1313 : 7dc2f2;
1314 : 7fc1f4;
1315 : 82bff5;
1316 : 88bcf6;
1317 : 85bdf6;
1318 : 7fc0f5;
1319 : 80c1f4;
1320 : 7ec1f4;
1321 : 7ec1f4;
1322 : 7cc3f4;
1323 : 7ac3f3;
1324 : 79c4f1;
1325 : 7cc2f2;
1326 : 7fc1f5;
1327 : 80c1f8;
1328 : 83bcf5;
1329 : 7daada;
1330 : a2c0de;
1331 : e3f5ff;
1332 : f9ffff;
1333 : fcfcf9;
1334 : fff8fa;
1335 : fff6fb;
1336 : fef8fb;
1337 : f8fbfe;
1338 : f7fbff;
1339 : fbfaff;
1340 : fcfbfc;
1341 : fbfcfb;
1342 : fbfcfc;
1343 : fbfcfb;
1344 : fbfdfc;
1345 : fcfcfc;
1346 : fcfcf8;
1347 : fcfcfa;
1348 : fdfdfd;
1349 : fdfdfd;
1350 : fdfdfd;
1351 : fdfdfd;
1352 : fdfdfd;
1353 : fdfdfd;
1354 : fdfdfd;
1355 : fefefe;
1356 : fefefe;
1357 : fefefe;
1358 : fefefe;
1359 : fefefe;
1360 : fefefe;
1361 : fefefe;
1362 : fefefe;
1363 : fefefe;
1364 : fefefe;
1365 : fefefe;
1366 : fefefe;
1367 : fefefe;
1368 : fefefe;
1369 : fefefe;
1370 : fdfdfd;
1371 : fdfdfd;
1372 : fdfdfd;
1373 : fdfdfd;
1374 : fdfdfd;
1375 : fdfdfd;
1376 : fdfdfd;
1377 : fdfdfd;
1378 : fdfdfd;
1379 : fdfdfd;
1380 : fdfdfd;
1381 : fdfdfd;
1382 : fdfdfd;
1383 : fdfdfd;
1384 : fdfdfd;
1385 : fefdfd;
1386 : fefdfd;
1387 : fdfdfd;
1388 : fcfdfc;
1389 : fcfbfc;
1390 : ffffff;
1391 : ffffff;
1392 : c8bfc3;
1393 : aa8e9b;
1394 : db9eb6;
1395 : ffa9cc;
1396 : fba2c6;
1397 : e99fbf;
1398 : e29ebd;
1399 : e89abf;
1400 : ea98bc;
1401 : e799b9;
1402 : e998ba;
1403 : e897bd;
1404 : e99cc2;
1405 : f1a7cd;
1406 : f3abd3;
1407 : e9a5cb;
1408 : c48caa;
1409 : c0a1b4;
1410 : f8f5f8;
1411 : ffffff;
1412 : fbfdfc;
1413 : fefcfe;
1414 : fafdff;
1415 : fafdfe;
1416 : fcfbfb;
1417 : fbfbfb;
1418 : fbfbfb;
1419 : fbfbfb;
1420 : fbfbfb;
1421 : fbfbfb;
1422 : fbfbfb;
1423 : fbfbfb;
1424 : fbfbfb;
1425 : fbfbfb;
1426 : fbfbfb;
1427 : fbfbfb;
1428 : fbfbfb;
1429 : fbfbfb;
1430 : fbfbfc;
1431 : fbfbfd;
1432 : fbfbfa;
1433 : fafbf6;
1434 : fbfdf7;
1435 : fdfcff;
1436 : ffffff;
1437 : f0eef9;
1438 : abc4da;
1439 : 8bb0c6;
1440 : 81c0f5;
1441 : 81c0f5;
1442 : 81c0f5;
1443 : 81c0f5;
1444 : 81c0f5;
1445 : 81c0f5;
1446 : 81c0f5;
1447 : 81c0f5;
1448 : 81c0f5;
1449 : 81c0f5;
1450 : 81c0f5;
1451 : 81c0f5;
1452 : 81c0f5;
1453 : 81c0f5;
1454 : 81c0f5;
1455 : 81c0f5;
1456 : 81c0f5;
1457 : 81c0f5;
1458 : 81c0f5;
1459 : 81c0f5;
1460 : 81c0f5;
1461 : 81c0f5;
1462 : 81c0f5;
1463 : 81c0f5;
1464 : 81c0f5;
1465 : 81c0f5;
1466 : 81c0f5;
1467 : 81c0f5;
1468 : 81c0f5;
1469 : 81c0f5;
1470 : 80c1f3;
1471 : 7dc1f2;
1472 : 7bc3f2;
1473 : 7ac4f2;
1474 : 7bc3f3;
1475 : 7fc2f2;
1476 : 83bff2;
1477 : 84bef2;
1478 : 83bff3;
1479 : 83bff2;
1480 : 81c0f2;
1481 : 80c0f3;
1482 : 7fc1f3;
1483 : 7ec1f4;
1484 : 7dc2f3;
1485 : 7fc1f4;
1486 : 7fc0f7;
1487 : 7fc0f8;
1488 : 81c0f9;
1489 : 86bef1;
1490 : 85b2d9;
1491 : 98bfdc;
1492 : d2f0fb;
1493 : fbffff;
1494 : ffffff;
1495 : fffbfb;
1496 : fff9f3;
1497 : fbfbf8;
1498 : f8fdff;
1499 : f8fdff;
1500 : fbfafe;
1501 : fdf8fe;
1502 : fdf9fd;
1503 : fdfafb;
1504 : fcfcfb;
1505 : fcfcfb;
1506 : fcfcfb;
1507 : fcfcfc;
1508 : fdfdfd;
1509 : fdfdfd;
1510 : fdfdfd;
1511 : fdfdfd;
1512 : fdfdfd;
1513 : fdfdfd;
1514 : fdfdfd;
1515 : fdfdfd;
1516 : fdfdfd;
1517 : fdfdfd;
1518 : fdfdfd;
1519 : fdfdfd;
1520 : fdfdfd;
1521 : fdfdfd;
1522 : fdfdfd;
1523 : fdfdfd;
1524 : fdfdfd;
1525 : fdfdfd;
1526 : fdfdfd;
1527 : fdfdfd;
1528 : fdfdfd;
1529 : fdfdfd;
1530 : fdfdfd;
1531 : fdfdfd;
1532 : fdfdfd;
1533 : fdfdfd;
1534 : fdfdfd;
1535 : fdfdfd;
1536 : fdfdfd;
1537 : fdfdfd;
1538 : fdfdfd;
1539 : fdfdfd;
1540 : fdfdfd;
1541 : fdfdfd;
1542 : fdfdfd;
1543 : fdfdfd;
1544 : fdfdfd;
1545 : fffcfc;
1546 : fefbfc;
1547 : fafdfc;
1548 : f8fefd;
1549 : ffffff;
1550 : ffffff;
1551 : c5b2b9;
1552 : a88994;
1553 : dca7be;
1554 : f9adcc;
1555 : f79dc0;
1556 : f096bb;
1557 : eda1c3;
1558 : eea9c9;
1559 : f5add0;
1560 : faafd4;
1561 : f6acd1;
1562 : f4abcf;
1563 : f3a8ce;
1564 : eea1c8;
1565 : e79bc4;
1566 : e69ec7;
1567 : eda5cf;
1568 : fbabd5;
1569 : c98bac;
1570 : bda1b3;
1571 : faf5fa;
1572 : ffffff;
1573 : fbfdfc;
1574 : fafdfa;
1575 : fbfcfb;
1576 : fcfbfc;
1577 : fbfbfb;
1578 : fbfbfb;
1579 : fbfbfb;
1580 : fbfbfb;
1581 : fbfbfb;
1582 : fbfbfb;
1583 : fbfbfb;
1584 : fbfbfb;
1585 : fbfbfb;
1586 : fbfbfb;
1587 : fbfbfb;
1588 : fbfbfb;
1589 : fbfbfb;
1590 : fbfbfc;
1591 : fbfbfc;
1592 : fbfbfa;
1593 : fbfcf8;
1594 : fbfcf9;
1595 : fcfbfd;
1596 : fdfbff;
1597 : fcfaff;
1598 : f3fcff;
1599 : e6f2f7;
1600 : 81c0f5;
1601 : 81c0f5;
1602 : 81c0f5;
1603 : 81c0f5;
1604 : 81c0f5;
1605 : 81c0f5;
1606 : 81c0f5;
1607 : 81c0f5;
1608 : 81c0f5;
1609 : 81c0f5;
1610 : 81c0f5;
1611 : 81c0f5;
1612 : 81c0f5;
1613 : 81c0f5;
1614 : 81c0f5;
1615 : 81c0f5;
1616 : 81c0f5;
1617 : 81c0f5;
1618 : 81c0f5;
1619 : 81c0f5;
1620 : 81c0f5;
1621 : 81c0f5;
1622 : 81c0f5;
1623 : 81c0f5;
1624 : 81c0f5;
1625 : 81c0f5;
1626 : 81c0f5;
1627 : 81c0f5;
1628 : 81c1f5;
1629 : 82c1f6;
1630 : 82befc;
1631 : 80bffc;
1632 : 7dc2fb;
1633 : 79c4f9;
1634 : 78c5f7;
1635 : 7ac4f5;
1636 : 7ec2f3;
1637 : 7ec3f3;
1638 : 7dc4f4;
1639 : 7dc3f4;
1640 : 7fc1f6;
1641 : 81c0f8;
1642 : 82bff8;
1643 : 83bff9;
1644 : 84befa;
1645 : 84c0f6;
1646 : 80c0f6;
1647 : 7ebff8;
1648 : 7ec1f9;
1649 : 81c1f7;
1650 : 7fbdea;
1651 : 7ab2dc;
1652 : 8ac1e4;
1653 : b1e0f4;
1654 : daf4fe;
1655 : f8fdff;
1656 : fffffe;
1657 : fffffe;
1658 : fdffff;
1659 : fafeff;
1660 : fbf9ff;
1661 : fbf9ff;
1662 : fdf9fd;
1663 : fdf9f9;
1664 : fefbf9;
1665 : fdfcfa;
1666 : fafdfc;
1667 : fbfdfc;
1668 : fdfdfd;
1669 : fdfdfd;
1670 : fdfdfd;
1671 : fdfdfd;
1672 : fdfdfd;
1673 : fdfdfd;
1674 : fdfdfd;
1675 : fdfdfd;
1676 : fdfdfd;
1677 : fcfcfc;
1678 : fdfdfd;
1679 : fdfdfd;
1680 : fdfdfd;
1681 : fdfdfd;
1682 : fdfdfd;
1683 : fcfcfc;
1684 : fdfdfd;
1685 : fcfcfc;
1686 : fcfcfc;
1687 : fdfdfd;
1688 : fdfdfd;
1689 : fdfdfd;
1690 : fdfdfd;
1691 : fcfcfc;
1692 : fdfdfd;
1693 : fdfdfd;
1694 : fcfcfc;
1695 : fcfcfc;
1696 : fcfcfc;
1697 : fcfcfc;
1698 : fcfcfc;
1699 : fcfcfc;
1700 : fcfcfc;
1701 : fcfcfc;
1702 : fdfdfd;
1703 : fdfdfd;
1704 : fdfdfd;
1705 : fefbfd;
1706 : fffbfd;
1707 : fcfefd;
1708 : fcffff;
1709 : ffffff;
1710 : cdbac0;
1711 : a98490;
1712 : e3afc1;
1713 : f6adca;
1714 : ef9abc;
1715 : f295bb;
1716 : f99ec5;
1717 : fdadd2;
1718 : feb7da;
1719 : ffbadd;
1720 : ffbae0;
1721 : ffbbe0;
1722 : ffbae0;
1723 : ffbae0;
1724 : ffb6dd;
1725 : f5aad3;
1726 : e59cc5;
1727 : e89ac5;
1728 : ffa2d4;
1729 : fca8d4;
1730 : b8809f;
1731 : c7adbe;
1732 : ffffff;
1733 : ffffff;
1734 : fcfef8;
1735 : fafbf8;
1736 : fbfbfc;
1737 : fbfbfb;
1738 : fbfbfb;
1739 : fbfbfb;
1740 : fbfbfb;
1741 : fbfbfb;
1742 : fbfbfb;
1743 : fbfbfb;
1744 : fbfbfb;
1745 : fbfbfb;
1746 : fbfbfb;
1747 : fbfbfb;
1748 : fbfbfb;
1749 : fbfbfb;
1750 : fbfbfb;
1751 : fbfbfb;
1752 : fbfbfa;
1753 : fbfbf9;
1754 : fbfbfa;
1755 : fbfbfc;
1756 : fbfaff;
1757 : fbfbff;
1758 : feffff;
1759 : ffffff;
1760 : 81c0f5;
1761 : 81c0f5;
1762 : 81c0f5;
1763 : 81c0f5;
1764 : 81c0f5;
1765 : 81c0f5;
1766 : 81c0f5;
1767 : 81c0f5;
1768 : 81c0f5;
1769 : 81c0f5;
1770 : 81c0f5;
1771 : 81c0f5;
1772 : 81c0f5;
1773 : 81c0f5;
1774 : 81c0f5;
1775 : 81c0f5;
1776 : 81c0f5;
1777 : 81c0f5;
1778 : 81c0f5;
1779 : 81c0f5;
1780 : 81c0f5;
1781 : 81c0f5;
1782 : 81c0f5;
1783 : 81c0f5;
1784 : 81c0f5;
1785 : 81c0f5;
1786 : 81c0f5;
1787 : 81c0f5;
1788 : 81c1f5;
1789 : 82c1f6;
1790 : 83bdfd;
1791 : 83bdff;
1792 : 81c1ff;
1793 : 80c2fc;
1794 : 81c1f5;
1795 : 86c0f2;
1796 : 8cbdf1;
1797 : 85c1ef;
1798 : 7ac9ee;
1799 : 7bc7f0;
1800 : 7dc6f2;
1801 : 7ec5f5;
1802 : 7ec4f8;
1803 : 7fc3f9;
1804 : 7fc3fb;
1805 : 84c0f6;
1806 : 84bff5;
1807 : 80c0f7;
1808 : 7ec1f7;
1809 : 7dc1f7;
1810 : 7ec3f6;
1811 : 81c4f3;
1812 : 77beed;
1813 : 6cb4e4;
1814 : 83b5dd;
1815 : adcbe7;
1816 : cce1f3;
1817 : dbedf5;
1818 : e6f6fa;
1819 : effaff;
1820 : fafeff;
1821 : fcfdff;
1822 : fbfafe;
1823 : fdfaf9;
1824 : fefbf8;
1825 : fdfcfa;
1826 : fafdfc;
1827 : fafdfd;
1828 : fdfdfd;
1829 : fdfdfd;
1830 : fdfdfd;
1831 : fdfdfd;
1832 : fdfdfd;
1833 : fdfdfd;
1834 : fdfdfd;
1835 : fdfdfd;
1836 : fcfcfc;
1837 : fcfcfc;
1838 : fcfcfc;
1839 : fcfcfc;
1840 : fcfcfc;
1841 : fcfcfc;
1842 : fcfcfc;
1843 : fbfbfb;
1844 : fbfbfb;
1845 : fcfcfc;
1846 : fcfcfc;
1847 : fcfcfc;
1848 : fcfcfc;
1849 : fcfcfc;
1850 : fcfcfc;
1851 : fcfcfc;
1852 : fcfcfc;
1853 : fdfdfd;
1854 : fcfcfc;
1855 : fcfcfc;
1856 : fcfcfc;
1857 : fcfcfc;
1858 : fcfcfc;
1859 : fcfcfc;
1860 : fcfcfc;
1861 : fcfcfc;
1862 : fcfcfc;
1863 : fdfdfd;
1864 : fdfdfd;
1865 : fefdfe;
1866 : fffeff;
1867 : ffffff;
1868 : ffffff;
1869 : d6c8cd;
1870 : a7828e;
1871 : dfabbb;
1872 : f2aec6;
1873 : ec98bc;
1874 : ec96bb;
1875 : f6a1c6;
1876 : ffaed5;
1877 : ffb3db;
1878 : ffb8de;
1879 : fdb8dd;
1880 : fcb7db;
1881 : fcb7dc;
1882 : fbb7dc;
1883 : fbb8dc;
1884 : fcb9df;
1885 : ffb9e0;
1886 : f8add5;
1887 : ec9dc6;
1888 : f094c4;
1889 : ffa5d3;
1890 : eb9dc6;
1891 : b984a1;
1892 : e6d0de;
1893 : ffffff;
1894 : fbfbf5;
1895 : fbfcf8;
1896 : fbfbfc;
1897 : fbfbfb;
1898 : fbfbfb;
1899 : fbfbfb;
1900 : fbfbfb;
1901 : fbfbfb;
1902 : fbfbfb;
1903 : fbfbfb;
1904 : fbfbfb;
1905 : fbfbfb;
1906 : fbfbfb;
1907 : fbfbfb;
1908 : fbfbfb;
1909 : fbfbfb;
1910 : fbfbfb;
1911 : fbfbfa;
1912 : fbfbfa;
1913 : fbfbfa;
1914 : fbfbfa;
1915 : fbfbfd;
1916 : fbfbfe;
1917 : fcfcff;
1918 : fbfbfe;
1919 : fbfafe;
1920 : 81c0f5;
1921 : 81c0f5;
1922 : 81c0f5;
1923 : 81c0f5;
1924 : 81c0f5;
1925 : 81c0f5;
1926 : 81c0f5;
1927 : 81c0f5;
1928 : 81c0f5;
1929 : 81c0f5;
1930 : 81c0f5;
1931 : 81c0f5;
1932 : 81c0f5;
1933 : 81c0f5;
1934 : 81c0f5;
1935 : 81c0f5;
1936 : 81c0f5;
1937 : 81c0f5;
1938 : 81c0f5;
1939 : 81c0f5;
1940 : 81c0f5;
1941 : 81c0f5;
1942 : 81c0f5;
1943 : 81c0f5;
1944 : 81c0f5;
1945 : 81c0f5;
1946 : 81c0f5;
1947 : 81c0f5;
1948 : 81c0f5;
1949 : 82c1f6;
1950 : 80c1fb;
1951 : 80c2fd;
1952 : 83c1f9;
1953 : 8abff3;
1954 : 96bbed;
1955 : a2b5e9;
1956 : aeafe6;
1957 : aeafe1;
1958 : a6b5e0;
1959 : a2b7e3;
1960 : 9cbae6;
1961 : 95bce9;
1962 : 8fbeec;
1963 : 8cc0ee;
1964 : 89c1ef;
1965 : 86c0f4;
1966 : 85bff6;
1967 : 83c0f5;
1968 : 80c1f6;
1969 : 7ec1f5;
1970 : 7cc2f6;
1971 : 7bc3f6;
1972 : 78c3f6;
1973 : 77c0f4;
1974 : 7bb8ec;
1975 : 7fb2e3;
1976 : 85b6df;
1977 : 84b4d5;
1978 : 87b2d1;
1979 : 96b8d9;
1980 : cedeed;
1981 : faffff;
1982 : fcffff;
1983 : fcfdfa;
1984 : fdfbf7;
1985 : fdfcfa;
1986 : fafdfd;
1987 : fafdfe;
1988 : fdfdfd;
1989 : fdfdfd;
1990 : fdfdfd;
1991 : fdfdfd;
1992 : fdfdfd;
1993 : fdfdfd;
1994 : fdfdfd;
1995 : fcfcfc;
1996 : fcfcfc;
1997 : fcfcfc;
1998 : fbfbfb;
1999 : fbfbfb;
2000 : fbfbfb;
2001 : fbfbfb;
2002 : fbfbfb;
2003 : fafafa;
2004 : fbfbfb;
2005 : fbfbfb;
2006 : fbfbfb;
2007 : fbfbfb;
2008 : fbfbfb;
2009 : fbfbfb;
2010 : fbfbfb;
2011 : fbfbfb;
2012 : fcfcfc;
2013 : fcfcfc;
2014 : fcfcfc;
2015 : fcfcfc;
2016 : fcfcfc;
2017 : fcfcfc;
2018 : fcfcfc;
2019 : fcfcfc;
2020 : fcfcfc;
2021 : fcfcfc;
2022 : fcfcfc;
2023 : fcfcfc;
2024 : fdfdfd;
2025 : fdfefe;
2026 : fefdfd;
2027 : ffffff;
2028 : ecdde2;
2029 : b18d98;
2030 : d5a3b4;
2031 : f1b1c6;
2032 : e99cb6;
2033 : ec9abd;
2034 : efa3c5;
2035 : f9b0d2;
2036 : ffb6da;
2037 : ffb4db;
2038 : ffb4dc;
2039 : feb8df;
2040 : fdb8de;
2041 : fdb7db;
2042 : fbb7dc;
2043 : fab8dc;
2044 : f9b9db;
2045 : fcbadc;
2046 : ffb9de;
2047 : f8afd4;
2048 : e49dc2;
2049 : ec98c2;
2050 : ffa8d7;
2051 : db8eb6;
2052 : cb9fb7;
2053 : fceef8;
2054 : fffdfd;
2055 : fdfdfb;
2056 : fbfbfb;
2057 : fbfbfb;
2058 : fbfbfb;
2059 : fbfbfb;
2060 : fbfbfb;
2061 : fbfbfb;
2062 : fbfbfb;
2063 : fbfbfb;
2064 : fbfbfb;
2065 : fbfbfb;
2066 : fbfbfb;
2067 : fbfbfb;
2068 : fbfbfb;
2069 : fbfbfb;
2070 : fbfbfa;
2071 : fbfbf8;
2072 : fbfbfb;
2073 : fbfbfd;
2074 : fbfbfb;
2075 : fbfbfc;
2076 : fbfbfb;
2077 : fcfcfc;
2078 : fcfaff;
2079 : fcfaff;
2080 : 81c0f5;
2081 : 81c0f5;
2082 : 81c0f5;
2083 : 81c0f5;
2084 : 81c0f5;
2085 : 81c0f5;
2086 : 81c0f5;
2087 : 81c0f5;
2088 : 81c0f5;
2089 : 81c0f5;
2090 : 81c0f5;
2091 : 81c0f5;
2092 : 81c0f5;
2093 : 81c0f5;
2094 : 81c0f5;
2095 : 81c0f5;
2096 : 81c0f5;
2097 : 81c0f5;
2098 : 81c0f5;
2099 : 81c0f5;
2100 : 81c0f5;
2101 : 81c0f5;
2102 : 81c0f5;
2103 : 80c0f5;
2104 : 80c0f4;
2105 : 80c0f4;
2106 : 81c0f5;
2107 : 81c0f5;
2108 : 82c0f5;
2109 : 82c1f6;
2110 : 7ac7f8;
2111 : 7cc6f6;
2112 : 89c0f0;
2113 : 9abaea;
2114 : afb2e5;
2115 : c3a9e0;
2116 : cfa3dd;
2117 : da9dd8;
2118 : df9cd4;
2119 : d89fd6;
2120 : cea2d8;
2121 : c2a9db;
2122 : b4afe0;
2123 : aab3e3;
2124 : a1b8e5;
2125 : 8dbff1;
2126 : 85c1f4;
2127 : 83c1f2;
2128 : 80c2f3;
2129 : 7dc2f3;
2130 : 7bc2f5;
2131 : 7ac3f8;
2132 : 7ac2f3;
2133 : 7fbfee;
2134 : 82bef3;
2135 : 7fbbf4;
2136 : 7dbef6;
2137 : 7bbef3;
2138 : 74b3e3;
2139 : 689fd0;
2140 : 91acc3;
2141 : e4eff0;
2142 : feffff;
2143 : fbfbf7;
2144 : fdfbf6;
2145 : fdfcf9;
2146 : fafcfd;
2147 : fbfcfe;
2148 : fdfdfd;
2149 : fdfdfd;
2150 : fdfdfd;
2151 : fdfdfd;
2152 : fdfdfd;
2153 : fdfdfd;
2154 : fdfdfd;
2155 : fcfcfc;
2156 : fbfbfb;
2157 : fbfbfb;
2158 : fbfbfb;
2159 : fbfbfb;
2160 : fbfbfb;
2161 : fbfbfb;
2162 : fbfbfb;
2163 : fafafa;
2164 : fafafa;
2165 : fbfbfb;
2166 : fbfbfb;
2167 : fbfbfb;
2168 : fbfbfb;
2169 : fbfbfb;
2170 : fbfbfb;
2171 : fbfbfb;
2172 : fbfbfb;
2173 : fbfbfb;
2174 : fcfcfc;
2175 : fcfcfc;
2176 : fcfcfc;
2177 : fcfcfc;
2178 : fcfcfc;
2179 : fcfcfc;
2180 : fcfcfc;
2181 : fcfcfc;
2182 : fbfbfb;
2183 : fcfcfc;
2184 : fcfcfc;
2185 : fafdfc;
2186 : feffff;
2187 : fff3f7;
2188 : c9abb4;
2189 : d09eae;
2190 : f4b4c9;
2191 : e8a1b9;
2192 : e89cb7;
2193 : f0a2c5;
2194 : f7b1d3;
2195 : fcb9db;
2196 : feb8dc;
2197 : ffb6dc;
2198 : ffb4db;
2199 : fbb6dd;
2200 : fcb7dd;
2201 : feb6db;
2202 : fcb8db;
2203 : fab9db;
2204 : fab9db;
2205 : fab7da;
2206 : ffb7db;
2207 : ffbadb;
2208 : e9aecd;
2209 : e69ac1;
2210 : fd9ecc;
2211 : f7a3cd;
2212 : cb92b1;
2213 : ebd6e4;
2214 : ffffff;
2215 : fdfcfb;
2216 : fafbfa;
2217 : fbfbfa;
2218 : fbfbfa;
2219 : fbfbfa;
2220 : fbfbfa;
2221 : fbfbfa;
2222 : fbfbfa;
2223 : fbfafd;
2224 : fbfafd;
2225 : fbfafd;
2226 : fbfafd;
2227 : fbfafd;
2228 : fbfafd;
2229 : fbfafe;
2230 : fbfafb;
2231 : fcfbf7;
2232 : fcfbf9;
2233 : fcfbfa;
2234 : fcfbfa;
2235 : fcfbf9;
2236 : fcfbf9;
2237 : fdfcf9;
2238 : fffafc;
2239 : fff9fe;
2240 : 81c0f5;
2241 : 81c0f5;
2242 : 81c0f5;
2243 : 81c0f5;
2244 : 81c0f5;
2245 : 81c0f5;
2246 : 81c0f5;
2247 : 81c0f5;
2248 : 81c0f5;
2249 : 81c0f5;
2250 : 81c0f5;
2251 : 81c0f5;
2252 : 81c0f5;
2253 : 81c0f5;
2254 : 81c0f5;
2255 : 81c0f5;
2256 : 81c0f5;
2257 : 81c0f5;
2258 : 81c0f5;
2259 : 81c0f5;
2260 : 81c0f5;
2261 : 81c0f5;
2262 : 82bff5;
2263 : 81bff2;
2264 : 7ec1ef;
2265 : 7ec1f1;
2266 : 82bbf7;
2267 : 85b9fa;
2268 : 83bef6;
2269 : 7fc5f1;
2270 : 7ac8f4;
2271 : 87c2f2;
2272 : a2b7e8;
2273 : beace1;
2274 : d6a3da;
2275 : e49dd8;
2276 : e899d9;
2277 : e898d6;
2278 : e899d0;
2279 : ed96ce;
2280 : f096cc;
2281 : e799cd;
2282 : d6a0d4;
2283 : c5a8db;
2284 : b6ade1;
2285 : a0b8e8;
2286 : 8fc0ea;
2287 : 84c4ec;
2288 : 7cc6ef;
2289 : 7dc4f3;
2290 : 7ec1f6;
2291 : 7fbff8;
2292 : 7fc0f7;
2293 : 80bdf2;
2294 : 85bbf6;
2295 : 86bcf9;
2296 : 81bef8;
2297 : 83c3f9;
2298 : 85c1f0;
2299 : 82b8e5;
2300 : 8db4cd;
2301 : d2e9ef;
2302 : fdffff;
2303 : fffef2;
2304 : fdfdf4;
2305 : f9fdfa;
2306 : f5fdfd;
2307 : f8fcfc;
2308 : fcfcfc;
2309 : fcfcfc;
2310 : fcfcfc;
2311 : fcfcfc;
2312 : fcfcfc;
2313 : fcfcfc;
2314 : fcfcfc;
2315 : fbfbfb;
2316 : fbfbfb;
2317 : fbfbfb;
2318 : fbfbfb;
2319 : fbfbfb;
2320 : fbfbfb;
2321 : fbfbfb;
2322 : fbfbfb;
2323 : fbfbfb;
2324 : fbfbfb;
2325 : fbfbfb;
2326 : fbfbfb;
2327 : fbfbfb;
2328 : fbfbfb;
2329 : fbfbfb;
2330 : fbfbfb;
2331 : fbfbfb;
2332 : fbfbfb;
2333 : fbfbfb;
2334 : fbfbfb;
2335 : fbfbfb;
2336 : fbfbfb;
2337 : fbfbfb;
2338 : fbfbfb;
2339 : fbfbfb;
2340 : fbfbfb;
2341 : fcfafb;
2342 : fbfbfb;
2343 : fafcfb;
2344 : f9fdfb;
2345 : fdfbfb;
2346 : ffffff;
2347 : e0cdd3;
2348 : bd909e;
2349 : e9a3ba;
2350 : f3a1be;
2351 : e79bba;
2352 : e8a2c3;
2353 : f5aad0;
2354 : feb4d9;
2355 : ffb8dd;
2356 : ffb7dc;
2357 : feb7db;
2358 : fcb6da;
2359 : fab6da;
2360 : fab7db;
2361 : fbb7dc;
2362 : fbb7dc;
2363 : fcb7dc;
2364 : fdb7dc;
2365 : fdb7dc;
2366 : feb6dc;
2367 : ffb9df;
2368 : f4aed0;
2369 : e69fc2;
2370 : efa3c9;
2371 : f6a8ce;
2372 : d38faf;
2373 : e6c3d2;
2374 : ffffff;
2375 : fafffb;
2376 : fbfcfb;
2377 : fafcfa;
2378 : fafcfa;
2379 : fafcfa;
2380 : fafcfa;
2381 : fafcfa;
2382 : fafcfa;
2383 : fcfbfd;
2384 : fcfbfd;
2385 : fcfbfd;
2386 : fcfbfd;
2387 : fcfbfd;
2388 : fbfbfd;
2389 : fafbfe;
2390 : fbfbfb;
2391 : fdfaf7;
2392 : fdfaf8;
2393 : fdfaf8;
2394 : fefaf9;
2395 : fffaf9;
2396 : fff9fa;
2397 : fff9fa;
2398 : fff8fb;
2399 : fff8fb;
2400 : 81c0f5;
2401 : 81c0f5;
2402 : 81c0f5;
2403 : 81c0f5;
2404 : 81c0f5;
2405 : 81c0f5;
2406 : 81c0f5;
2407 : 81c0f5;
2408 : 81c0f5;
2409 : 81c0f5;
2410 : 81c0f5;
2411 : 81c0f5;
2412 : 81c0f5;
2413 : 81c0f5;
2414 : 81c0f5;
2415 : 81c0f5;
2416 : 81c0f5;
2417 : 81c0f5;
2418 : 81c0f5;
2419 : 81c0f5;
2420 : 81c0f5;
2421 : 80c1f5;
2422 : 84bef5;
2423 : 86bbf3;
2424 : 81bef2;
2425 : 80bff4;
2426 : 81bdfa;
2427 : 83bafd;
2428 : 83bdfa;
2429 : 82c3f3;
2430 : 8ec0ec;
2431 : a2b7e5;
2432 : bcacde;
2433 : d9a0d6;
2434 : eb99cf;
2435 : ef99cc;
2436 : ea9cca;
2437 : e79aca;
2438 : e896c9;
2439 : ea95c6;
2440 : ee94c6;
2441 : ed96c8;
2442 : e49ace;
2443 : db9ed4;
2444 : d4a0d9;
2445 : b9adde;
2446 : a2b8e1;
2447 : 94bde5;
2448 : 86c2ea;
2449 : 84c2f1;
2450 : 84bff6;
2451 : 83befb;
2452 : 82c0fb;
2453 : 81c0f5;
2454 : 85bff8;
2455 : 85befc;
2456 : 7ebcf9;
2457 : 7cbdf5;
2458 : 80beef;
2459 : 7db2e1;
2460 : a1c6de;
2461 : e3f8fa;
2462 : fafffc;
2463 : fffcf2;
2464 : fcfcf4;
2465 : f8fcfb;
2466 : f6fdfd;
2467 : f8fdfb;
2468 : fbfbfb;
2469 : fbfbfb;
2470 : fbfbfb;
2471 : fbfbfb;
2472 : fbfbfb;
2473 : fbfbfb;
2474 : fbfbfb;
2475 : fbfbfb;
2476 : fbfbfb;
2477 : fbfbfb;
2478 : fbfbfb;
2479 : fbfbfb;
2480 : fbfbfb;
2481 : fbfbfb;
2482 : fbfbfb;
2483 : fbfbfb;
2484 : fbfbfb;
2485 : fbfbfb;
2486 : fbfbfb;
2487 : fbfbfb;
2488 : fbfbfb;
2489 : fbfbfb;
2490 : fbfbfb;
2491 : fbfbfb;
2492 : fbfbfb;
2493 : fbfbfb;
2494 : fbfbfb;
2495 : fbfbfb;
2496 : fbfbfb;
2497 : fbfbfb;
2498 : fbfbfb;
2499 : fbfbfb;
2500 : fbfbfb;
2501 : fbfbfb;
2502 : fbfbfb;
2503 : fbfcfb;
2504 : f9fcfb;
2505 : ffffff;
2506 : fdf6fa;
2507 : c6a8b2;
2508 : cf95a7;
2509 : f6a6c2;
2510 : ee98b9;
2511 : ea9cbb;
2512 : efaaca;
2513 : fdb3d9;
2514 : ffb6db;
2515 : ffb6db;
2516 : feb5db;
2517 : fcb6da;
2518 : fab6d9;
2519 : f9b7d9;
2520 : fbb7db;
2521 : fbb7dc;
2522 : fbb7dc;
2523 : fcb7dc;
2524 : fdb7dc;
2525 : fdb7dc;
2526 : feb7dc;
2527 : ffb8de;
2528 : f4acd4;
2529 : e59cc5;
2530 : ea9ec8;
2531 : f4a5cf;
2532 : d590b3;
2533 : dcb5c9;
2534 : fffdff;
2535 : fbfffe;
2536 : fcfcff;
2537 : fbfbfe;
2538 : fbfbfe;
2539 : fbfbfe;
2540 : fbfbfe;
2541 : fbfbff;
2542 : fbfbfe;
2543 : f9fdf5;
2544 : f9fdf3;
2545 : f9fdf4;
2546 : f9fdf4;
2547 : f9fdf4;
2548 : f9fdf4;
2549 : f9fef2;
2550 : f8fdf9;
2551 : f8fcff;
2552 : f8fcff;
2553 : f8fcff;
2554 : f9faff;
2555 : f9faff;
2556 : f9fbff;
2557 : f9faff;
2558 : f9fcfe;
2559 : f9fcfe;
2560 : 81c0f5;
2561 : 81c0f5;
2562 : 81c0f5;
2563 : 81c0f5;
2564 : 81c0f5;
2565 : 81c0f5;
2566 : 81c0f5;
2567 : 81c0f5;
2568 : 81c0f5;
2569 : 81c0f5;
2570 : 81c0f5;
2571 : 81c0f5;
2572 : 81c0f5;
2573 : 81c0f5;
2574 : 81c0f5;
2575 : 81c0f5;
2576 : 81c0f5;
2577 : 81c0f5;
2578 : 81c0f5;
2579 : 81c0f5;
2580 : 81c0f5;
2581 : 80c1f5;
2582 : 84bef5;
2583 : 87bbf4;
2584 : 82bef4;
2585 : 7dbff6;
2586 : 7bbffc;
2587 : 7ebdfe;
2588 : 84befb;
2589 : 8bc0f4;
2590 : a7b5e3;
2591 : c3a8d9;
2592 : dd9ed4;
2593 : f893ca;
2594 : fe90c2;
2595 : f695c1;
2596 : e59ebe;
2597 : e6a1c3;
2598 : f2a0ca;
2599 : ef9fc6;
2600 : e795bd;
2601 : e991bc;
2602 : f095c3;
2603 : f393c9;
2604 : f890ce;
2605 : e29bd1;
2606 : c7a7d4;
2607 : b3afd9;
2608 : 9db8e4;
2609 : 90bded;
2610 : 89bdf4;
2611 : 82bffc;
2612 : 7fc2fc;
2613 : 7fc2f5;
2614 : 82c1fa;
2615 : 80c0ff;
2616 : 7cc1fd;
2617 : 7dc3f9;
2618 : 79b7e8;
2619 : 80b2e3;
2620 : c6e4f9;
2621 : f7ffff;
2622 : fbfffa;
2623 : fcfbf3;
2624 : f9fbf6;
2625 : f7fdfd;
2626 : f7fefd;
2627 : fafdfb;
2628 : fcfbfb;
2629 : fbfbfb;
2630 : fbfbfb;
2631 : fbfbfb;
2632 : fbfbfb;
2633 : fbfbfb;
2634 : fbfbfb;
2635 : fbfbfb;
2636 : fbfbfb;
2637 : fbfbfb;
2638 : fbfbfb;
2639 : fbfbfb;
2640 : fbfbfb;
2641 : fbfbfb;
2642 : fbfbfb;
2643 : fbfbfb;
2644 : fbfbfb;
2645 : fbfbfb;
2646 : fbfbfb;
2647 : fbfbfb;
2648 : fbfbfb;
2649 : fbfbfb;
2650 : fbfbfb;
2651 : fbfbfb;
2652 : fbfbfb;
2653 : fbfbfb;
2654 : fbfbfb;
2655 : fbfbfb;
2656 : fbfbfb;
2657 : fbfbfb;
2658 : fbfbfb;
2659 : fbfbfb;
2660 : fbfbfb;
2661 : fbfbfb;
2662 : fbfbfb;
2663 : fbfbfb;
2664 : fcfcfb;
2665 : ffffff;
2666 : ddd1d9;
2667 : be91a2;
2668 : f0a5bf;
2669 : f99fbe;
2670 : f097ba;
2671 : f2a4c5;
2672 : f8b3d3;
2673 : feb5da;
2674 : fcb2d8;
2675 : fab2d7;
2676 : fbb4d8;
2677 : f9b5d9;
2678 : f9b6d9;
2679 : f9b7d9;
2680 : fab8db;
2681 : fbb7dc;
2682 : fbb7dc;
2683 : fcb7dc;
2684 : fdb7dc;
2685 : fdb7dc;
2686 : ffb7dc;
2687 : ffb8de;
2688 : f2add7;
2689 : e29ac4;
2690 : e595c0;
2691 : f4a2cc;
2692 : db93b5;
2693 : cca1b6;
2694 : fcf4fa;
2695 : ffffff;
2696 : fffbfc;
2697 : fefafb;
2698 : fef9fb;
2699 : fefafc;
2700 : fefafc;
2701 : fefafc;
2702 : fefafc;
2703 : fcfbfb;
2704 : fcfafb;
2705 : fcfafb;
2706 : fcfafb;
2707 : fcfbfb;
2708 : fcfbfb;
2709 : fdfafb;
2710 : fbfcfd;
2711 : f8fcfd;
2712 : f9fcfd;
2713 : fafbfe;
2714 : fafbff;
2715 : f9fcff;
2716 : f9fbff;
2717 : f9fbff;
2718 : f9fcfe;
2719 : f9fcfe;
2720 : 81c0f5;
2721 : 81c0f5;
2722 : 81c0f5;
2723 : 81c0f5;
2724 : 81c0f5;
2725 : 81c0f5;
2726 : 81c0f5;
2727 : 81c0f5;
2728 : 81c0f5;
2729 : 81c0f5;
2730 : 81c0f5;
2731 : 81c0f5;
2732 : 81c0f5;
2733 : 81c0f5;
2734 : 81c0f5;
2735 : 81c0f5;
2736 : 81c0f5;
2737 : 81c0f5;
2738 : 81c0f5;
2739 : 81c0f5;
2740 : 81c0f5;
2741 : 81c0f5;
2742 : 81bff5;
2743 : 80bdf5;
2744 : 7ec0f4;
2745 : 77c4f8;
2746 : 72c4ff;
2747 : 7bc1ff;
2748 : 8abef9;
2749 : 9bbaef;
2750 : c4a8de;
2751 : dd9dd7;
2752 : f195d1;
2753 : ff8cc7;
2754 : ff89be;
2755 : f695c0;
2756 : ebaecd;
2757 : f2b8d7;
2758 : ffb7d8;
2759 : fcb5d4;
2760 : f6b0cf;
2761 : f3a6c9;
2762 : f296be;
2763 : f88cbc;
2764 : ff8cc2;
2765 : ff8dc6;
2766 : f294c8;
2767 : d6a2cf;
2768 : bbacdc;
2769 : a4b5e6;
2770 : 90bcf0;
2771 : 7cc2f8;
2772 : 78c5f9;
2773 : 7fc2f6;
2774 : 7fc0fb;
2775 : 7cbefc;
2776 : 7dc2fb;
2777 : 7cc0ef;
2778 : 76aad6;
2779 : a6cbed;
2780 : ebffff;
2781 : f9ffff;
2782 : fcfffa;
2783 : fcfcf6;
2784 : f8fcfa;
2785 : f8fdff;
2786 : f9fefd;
2787 : fcfcfa;
2788 : fbfbfb;
2789 : fbfbfb;
2790 : fbfbfb;
2791 : fbfbfb;
2792 : fbfbfb;
2793 : fbfbfb;
2794 : fbfbfb;
2795 : fbfbfb;
2796 : fbfbfb;
2797 : fbfbfb;
2798 : fbfbfb;
2799 : fbfbfb;
2800 : fbfbfb;
2801 : fbfbfb;
2802 : fbfbfb;
2803 : fbfbfb;
2804 : fbfbfb;
2805 : fbfbfb;
2806 : fbfbfb;
2807 : fbfbfb;
2808 : fbfbfb;
2809 : fbfbfb;
2810 : fbfbfb;
2811 : fbfbfb;
2812 : fbfbfb;
2813 : fbfbfb;
2814 : fbfbfb;
2815 : fbfbfb;
2816 : fbfbfb;
2817 : fbfbfb;
2818 : fcfafb;
2819 : fbfbfb;
2820 : fafcfb;
2821 : fbfcfb;
2822 : fafafa;
2823 : fbf9fa;
2824 : ffffff;
2825 : fef8fc;
2826 : c6adba;
2827 : d496ad;
2828 : ffa8c9;
2829 : f797bb;
2830 : f19abd;
2831 : f9add1;
2832 : ffb6db;
2833 : fbb3d8;
2834 : f9b2d7;
2835 : f9b3d7;
2836 : f8b6d9;
2837 : f9b7d9;
2838 : f8b7d9;
2839 : f7b8da;
2840 : fab8db;
2841 : fbb7dc;
2842 : fbb7dc;
2843 : fcb7dc;
2844 : fdb7dc;
2845 : fdb7dc;
2846 : feb6dc;
2847 : ffbadf;
2848 : f3b0d3;
2849 : e199bd;
2850 : e395b9;
2851 : f19fc1;
2852 : df96b3;
2853 : caa0b1;
2854 : f4f1f5;
2855 : ffffff;
2856 : fffdf7;
2857 : fffdf8;
2858 : fffdf7;
2859 : fffcf6;
2860 : fffcf6;
2861 : fffcf6;
2862 : fffbf6;
2863 : fff8fe;
2864 : fff8ff;
2865 : fff9ff;
2866 : fff8ff;
2867 : fff6fe;
2868 : fff6fe;
2869 : fff4ff;
2870 : fff6f8;
2871 : fffaf3;
2872 : fff9f6;
2873 : fef7f4;
2874 : fef8f6;
2875 : fff9f7;
2876 : fef9f8;
2877 : fef9f8;
2878 : fef9f8;
2879 : fef9f8;
2880 : 81c0f5;
2881 : 81c0f5;
2882 : 81c0f5;
2883 : 81c0f5;
2884 : 81c0f5;
2885 : 81c0f5;
2886 : 81c0f5;
2887 : 81c0f5;
2888 : 81c0f5;
2889 : 81c0f5;
2890 : 81c0f5;
2891 : 81c0f5;
2892 : 81c0f5;
2893 : 81c0f5;
2894 : 81c0f5;
2895 : 81c0f5;
2896 : 81c0f5;
2897 : 81c0f5;
2898 : 81c0f5;
2899 : 81c0f5;
2900 : 81c0f5;
2901 : 82c0f5;
2902 : 7ec0f5;
2903 : 7ac1f5;
2904 : 7bc2f5;
2905 : 77c6f8;
2906 : 72c6fc;
2907 : 80c1f9;
2908 : 9db9ee;
2909 : bbaee2;
2910 : e09fdc;
2911 : ee99d7;
2912 : f091cc;
2913 : f489c0;
2914 : f992c4;
2915 : ffabd8;
2916 : f9bfe5;
2917 : f9c0e3;
2918 : fdbbdb;
2919 : fabbd9;
2920 : fcbcda;
2921 : ffbadb;
2922 : feaed4;
2923 : f79ac5;
2924 : f48ebb;
2925 : ff87bd;
2926 : ff8dc3;
2927 : ee97ca;
2928 : d5a0d3;
2929 : bcaade;
2930 : a0b5e7;
2931 : 83c3ed;
2932 : 7ac5f1;
2933 : 80c1f6;
2934 : 80bff8;
2935 : 7fbff9;
2936 : 7ebff1;
2937 : 75afd4;
2938 : 9ec3dd;
2939 : e9f7ff;
2940 : fcffff;
2941 : f8fffd;
2942 : fbfdf7;
2943 : fcfdf9;
2944 : f8fefe;
2945 : f6feff;
2946 : fbfdfd;
2947 : fdfbf9;
2948 : fbfbfb;
2949 : fbfbfb;
2950 : fbfbfb;
2951 : fbfbfb;
2952 : fbfbfb;
2953 : fbfbfb;
2954 : fbfbfb;
2955 : fbfbfb;
2956 : fbfbfb;
2957 : fbfbfb;
2958 : fbfbfb;
2959 : fbfbfb;
2960 : fbfbfb;
2961 : fbfbfb;
2962 : fbfbfb;
2963 : fbfbfb;
2964 : fbfbfb;
2965 : fbfbfb;
2966 : fbfbfb;
2967 : fbfbfb;
2968 : fbfbfb;
2969 : fbfbfb;
2970 : fbfbfb;
2971 : fbfbfb;
2972 : fbfbfb;
2973 : fbfbfb;
2974 : fbfbfb;
2975 : fbfbfb;
2976 : fbfbfb;
2977 : fbfbfb;
2978 : fdfafb;
2979 : fcfafb;
2980 : fafcfb;
2981 : fafcfb;
2982 : fafafa;
2983 : fcf9fa;
2984 : ffffff;
2985 : ecdbe5;
2986 : c698ad;
2987 : f1a5c3;
2988 : fd9fc2;
2989 : ef97b9;
2990 : f0a4c5;
2991 : fcb4d7;
2992 : ffb5dc;
2993 : fab2d7;
2994 : fab5d8;
2995 : f9b6d9;
2996 : f9b6d9;
2997 : f9b8da;
2998 : f7b8d9;
2999 : f7b8d9;
3000 : fab8db;
3001 : fbb7dc;
3002 : fbb7dc;
3003 : fcb7dc;
3004 : fdb7dc;
3005 : fdb7dc;
3006 : feb6dc;
3007 : ffbadf;
3008 : f6b3d4;
3009 : e39cbc;
3010 : e597b7;
3011 : eb99ba;
3012 : dd97b5;
3013 : d5b1c5;
3014 : f1f5fa;
3015 : fcffff;
3016 : fbffff;
3017 : faffff;
3018 : fcffff;
3019 : fdffff;
3020 : fdffff;
3021 : fdffff;
3022 : fdffff;
3023 : ffffff;
3024 : ffffff;
3025 : ffffff;
3026 : ffffff;
3027 : ffffff;
3028 : ffffff;
3029 : fffffe;
3030 : fffffd;
3031 : fffffd;
3032 : fffdf9;
3033 : fffcf7;
3034 : fffdf8;
3035 : fefdf5;
3036 : fcfcf3;
3037 : fafcf3;
3038 : fbfaf8;
3039 : fdfafa;
3040 : 81c0f5;
3041 : 81c0f5;
3042 : 81c0f5;
3043 : 81c0f5;
3044 : 81c0f5;
3045 : 81c0f5;
3046 : 81c0f5;
3047 : 81c0f5;
3048 : 81c0f5;
3049 : 81c0f5;
3050 : 81c0f5;
3051 : 81c0f5;
3052 : 81c0f5;
3053 : 81c0f5;
3054 : 81c0f5;
3055 : 81c0f5;
3056 : 81c0f5;
3057 : 81c0f5;
3058 : 81c0f5;
3059 : 81c0f5;
3060 : 81c0f5;
3061 : 82c0f5;
3062 : 7dc1f6;
3063 : 7bc2f6;
3064 : 80c2f5;
3065 : 7dc3f7;
3066 : 7ac4f8;
3067 : 8dbdf2;
3068 : baaee3;
3069 : e49ed6;
3070 : fa95d1;
3071 : f593cc;
3072 : ea90c1;
3073 : ef9ac2;
3074 : fbadd5;
3075 : ffbae1;
3076 : fcb6e3;
3077 : fab5df;
3078 : fcb6dc;
3079 : fbb5dd;
3080 : fbb5dc;
3081 : fcb5dc;
3082 : ffb8de;
3083 : ffb8dd;
3084 : f5aacf;
3085 : f493bf;
3086 : f690c1;
3087 : ef94c8;
3088 : e898cf;
3089 : d6a0d8;
3090 : b7acde;
3091 : 99bcdf;
3092 : 84c3ea;
3093 : 7fc0f9;
3094 : 83bff9;
3095 : 84c0f7;
3096 : 77b3de;
3097 : 91c2d9;
3098 : e6f9fa;
3099 : fffff7;
3100 : f8faf6;
3101 : f8fefa;
3102 : fefdf6;
3103 : fcfefa;
3104 : f6feff;
3105 : f4feff;
3106 : fbfdfb;
3107 : fefcf7;
3108 : fbfbfb;
3109 : fbfbfb;
3110 : fbfbfb;
3111 : fbfbfb;
3112 : fbfbfb;
3113 : fbfbfb;
3114 : fbfbfb;
3115 : fbfbfb;
3116 : fbfbfb;
3117 : fbfbfb;
3118 : fbfbfb;
3119 : fbfbfb;
3120 : fbfbfb;
3121 : fbfbfb;
3122 : fbfbfb;
3123 : fbfbfb;
3124 : fbfbfb;
3125 : fbfbfb;
3126 : fbfbfb;
3127 : fbfbfb;
3128 : fbfbfb;
3129 : fbfbfb;
3130 : fbfbfb;
3131 : fbfbfb;
3132 : fbfbfb;
3133 : fbfbfb;
3134 : fbfbfb;
3135 : fbfbfb;
3136 : fafbfb;
3137 : fcfbfb;
3138 : fffafb;
3139 : fcfafb;
3140 : f8fcfb;
3141 : f7fcfa;
3142 : fbfbfa;
3143 : fffeff;
3144 : fffeff;
3145 : d9bbc8;
3146 : d592af;
3147 : f7a2c3;
3148 : f295ba;
3149 : e99ebc;
3150 : f0b5d0;
3151 : feb9dd;
3152 : ffb2da;
3153 : fbb4d9;
3154 : fab7da;
3155 : fab8da;
3156 : f9b8da;
3157 : f8b8da;
3158 : f6b8d9;
3159 : f5b9d9;
3160 : f9b8db;
3161 : fcb7dc;
3162 : fbb7dc;
3163 : fcb7dc;
3164 : fdb7dc;
3165 : fdb7dc;
3166 : feb6dc;
3167 : ffb8df;
3168 : fbb5dc;
3169 : e79fc5;
3170 : e595bd;
3171 : ea97c2;
3172 : de9dc6;
3173 : c8accd;
3174 : b0b7cd;
3175 : 9ab9cc;
3176 : 94b9cf;
3177 : 9abcd3;
3178 : a0c3d9;
3179 : a4c6dc;
3180 : a6c8de;
3181 : aacce4;
3182 : b0d3e7;
3183 : b6d7e0;
3184 : bad9e0;
3185 : bddae2;
3186 : bfdae1;
3187 : c4dce4;
3188 : cce3eb;
3189 : d3ebf1;
3190 : ddeef8;
3191 : e9f4ff;
3192 : effeff;
3193 : f3ffff;
3194 : f2ffff;
3195 : efffff;
3196 : efffff;
3197 : f0ffff;
3198 : f4ffff;
3199 : f6ffff;
3200 : 81c0f5;
3201 : 81c0f5;
3202 : 81c0f5;
3203 : 81c0f5;
3204 : 81c0f5;
3205 : 81c0f5;
3206 : 81c0f5;
3207 : 81c0f5;
3208 : 81c0f5;
3209 : 81c0f5;
3210 : 81c0f5;
3211 : 81c0f5;
3212 : 81c0f5;
3213 : 81c0f5;
3214 : 81c0f5;
3215 : 81c0f5;
3216 : 81c0f5;
3217 : 81c0f5;
3218 : 81c0f5;
3219 : 81c0f5;
3220 : 81c0f5;
3221 : 81c0f5;
3222 : 80c1f5;
3223 : 81c1f6;
3224 : 84c0f5;
3225 : 84c1f5;
3226 : 88c1f3;
3227 : a1b8e9;
3228 : d1a5db;
3229 : fb96cd;
3230 : ff91c6;
3231 : f691c3;
3232 : f29dc6;
3233 : fcb4d7;
3234 : ffbddf;
3235 : feb6db;
3236 : feafdb;
3237 : ffb2df;
3238 : ffb4e0;
3239 : ffb3e0;
3240 : ffb3df;
3241 : ffb5df;
3242 : fdb5de;
3243 : fcb9de;
3244 : fdbee1;
3245 : f4aed2;
3246 : e599c1;
3247 : e997c5;
3248 : eb96cb;
3249 : e599d2;
3250 : cea4d9;
3251 : b4afd9;
3252 : 97bae8;
3253 : 84c1fe;
3254 : 84c0fa;
3255 : 7cb9ea;
3256 : 8ac2e4;
3257 : d4f5fd;
3258 : fffffb;
3259 : fff4e7;
3260 : fbfaf3;
3261 : fbfefb;
3262 : fefcf7;
3263 : fafdfa;
3264 : f5feff;
3265 : f5feff;
3266 : fbfdfb;
3267 : fefbf8;
3268 : fbfbfb;
3269 : fbfbfb;
3270 : fbfbfb;
3271 : fbfbfb;
3272 : fbfbfb;
3273 : fbfbfb;
3274 : fbfbfb;
3275 : fbfbfb;
3276 : fbfbfb;
3277 : fbfbfb;
3278 : fbfbfb;
3279 : fbfbfb;
3280 : fbfbfb;
3281 : fbfbfb;
3282 : fbfbfb;
3283 : fbfbfb;
3284 : fbfbfb;
3285 : fbfbfb;
3286 : fbfbfb;
3287 : fbfbfb;
3288 : fbfbfb;
3289 : fbfbfb;
3290 : fbfbfb;
3291 : fbfbfb;
3292 : fbfbfb;
3293 : fbfbfb;
3294 : fbfbfb;
3295 : fbfbfb;
3296 : fbfbfb;
3297 : fcfbfb;
3298 : fefafb;
3299 : fdfafb;
3300 : fafcfb;
3301 : f8fdfc;
3302 : fbfcfc;
3303 : fffeff;
3304 : efe6e9;
3305 : c99eb2;
3306 : e192b6;
3307 : f89dc2;
3308 : f096bb;
3309 : eaa5c2;
3310 : f4bcd9;
3311 : fdb9de;
3312 : ffb1da;
3313 : fab6da;
3314 : fab8db;
3315 : fab9db;
3316 : f9b9db;
3317 : f8b8da;
3318 : f7b8d9;
3319 : f5b9d9;
3320 : f9b8db;
3321 : fcb7dc;
3322 : fbb7dc;
3323 : fcb7dc;
3324 : fdb7dc;
3325 : fdb7dc;
3326 : feb6db;
3327 : ffb8df;
3328 : fdb6e2;
3329 : eaa0cd;
3330 : e294c2;
3331 : e899c9;
3332 : e09dce;
3333 : c6a7d4;
3334 : 9aa5cb;
3335 : 78a7cf;
3336 : 71acd9;
3337 : 75abd8;
3338 : 75abd8;
3339 : 72a9d6;
3340 : 71a7d4;
3341 : 75abd9;
3342 : 7ab0dd;
3343 : 79b0d9;
3344 : 76aed6;
3345 : 74a8d2;
3346 : 74a6d1;
3347 : 78a9d5;
3348 : 7cacd8;
3349 : 7faedc;
3350 : 84aed9;
3351 : 8db2d8;
3352 : 96bddf;
3353 : 9ec7e3;
3354 : a0cde4;
3355 : a4d3e7;
3356 : afdfef;
3357 : b7e8f4;
3358 : bde9f4;
3359 : bee8f3;
3360 : 81c0f5;
3361 : 81c0f5;
3362 : 81c0f5;
3363 : 81c0f5;
3364 : 81c0f5;
3365 : 81c0f5;
3366 : 81c0f5;
3367 : 81c0f5;
3368 : 81c0f5;
3369 : 81c0f5;
3370 : 81c0f5;
3371 : 81c0f5;
3372 : 81c0f5;
3373 : 81c0f5;
3374 : 81c0f5;
3375 : 81c0f5;
3376 : 81c0f5;
3377 : 81c0f5;
3378 : 81c0f5;
3379 : 81c0f5;
3380 : 81c0f5;
3381 : 80c0f5;
3382 : 83bff5;
3383 : 85bff6;
3384 : 83c1f6;
3385 : 89c0f1;
3386 : 9dbaea;
3387 : bdafdd;
3388 : dfa2cf;
3389 : f69bc5;
3390 : f396c1;
3391 : f098c3;
3392 : fdacd6;
3393 : ffb9e1;
3394 : ffb6df;
3395 : ffb3dd;
3396 : ffb3dc;
3397 : ffb4dd;
3398 : ffb5de;
3399 : ffb5de;
3400 : ffb5de;
3401 : ffb4de;
3402 : ffb6df;
3403 : ffb5de;
3404 : ffb6df;
3405 : ffbae0;
3406 : efabce;
3407 : e19bbe;
3408 : e399c1;
3409 : e59acb;
3410 : de9ed7;
3411 : d3a0db;
3412 : baaaeb;
3413 : 9abefd;
3414 : 81bbec;
3415 : 7bbddc;
3416 : c1ebf6;
3417 : fbffff;
3418 : fffcfa;
3419 : fbfefc;
3420 : f9fcfb;
3421 : fafcfb;
3422 : fafcfb;
3423 : fafcfb;
3424 : fafcfb;
3425 : fafcfb;
3426 : fafcfb;
3427 : fafcfb;
3428 : fbfbfb;
3429 : fbfbfb;
3430 : fbfbfb;
3431 : fbfbfb;
3432 : fbfbfb;
3433 : fbfbfb;
3434 : fbfbfb;
3435 : fbfbfb;
3436 : fbfbfb;
3437 : fbfbfb;
3438 : fbfbfb;
3439 : fbfbfb;
3440 : fbfbfb;
3441 : fbfbfb;
3442 : fbfbfb;
3443 : fbfbfb;
3444 : fbfbfb;
3445 : fbfbfb;
3446 : fbfbfb;
3447 : fbfbfb;
3448 : fbfbfb;
3449 : fbfbfb;
3450 : fbfbfb;
3451 : fbfbfb;
3452 : fbfbfb;
3453 : fbfbfb;
3454 : fbfbfb;
3455 : fbfbfb;
3456 : fbfbfb;
3457 : fbfbfa;
3458 : fcfbf9;
3459 : fffafb;
3460 : fefafc;
3461 : f5fdfd;
3462 : f3fffe;
3463 : ffffff;
3464 : eacbdb;
3465 : cf8bab;
3466 : ec95be;
3467 : f29ac2;
3468 : f098c0;
3469 : f5a5cc;
3470 : feb7dc;
3471 : feb6db;
3472 : fdb5da;
3473 : fbb7da;
3474 : fab7da;
3475 : fab7da;
3476 : fab7da;
3477 : fab7da;
3478 : fab7da;
3479 : fab7da;
3480 : fcb7db;
3481 : fdb7dc;
3482 : fdb7dc;
3483 : fdb7dc;
3484 : fdb7dc;
3485 : fdb7dc;
3486 : fdb7dc;
3487 : feb9de;
3488 : fbb6dc;
3489 : eba0c9;
3490 : dd99bf;
3491 : e09fc1;
3492 : e59ac6;
3493 : d49fd4;
3494 : 9fb9eb;
3495 : 82c9f8;
3496 : 87c8f9;
3497 : 88c8f8;
3498 : 87c6f7;
3499 : 86c5f6;
3500 : 84c4f4;
3501 : 84c3f3;
3502 : 84c3f3;
3503 : 85c3f4;
3504 : 85c3f4;
3505 : 85c3f4;
3506 : 86c4f5;
3507 : 85c4f4;
3508 : 82c1f1;
3509 : 80beef;
3510 : 7bbaeb;
3511 : 77b6e6;
3512 : 75b4e4;
3513 : 73b2e2;
3514 : 73b2e2;
3515 : 74b3e3;
3516 : 74b3e4;
3517 : 75b4e5;
3518 : 75b4e5;
3519 : 75b4e5;
3520 : 81c0f5;
3521 : 81c0f5;
3522 : 81c0f5;
3523 : 81c0f5;
3524 : 81c0f5;
3525 : 81c0f5;
3526 : 81c0f5;
3527 : 81c0f5;
3528 : 81c0f5;
3529 : 81c0f5;
3530 : 81c0f5;
3531 : 81c0f5;
3532 : 81c0f5;
3533 : 81c0f5;
3534 : 81c0f5;
3535 : 81c0f5;
3536 : 81c0f5;
3537 : 81c0f5;
3538 : 81c0f5;
3539 : 81c0f5;
3540 : 81c0f5;
3541 : 81c0f5;
3542 : 81c0f5;
3543 : 81c1f6;
3544 : 82c1f6;
3545 : 8ebef1;
3546 : a7b5ea;
3547 : c7aade;
3548 : e4a0d0;
3549 : f49bc6;
3550 : f196c2;
3551 : f098c3;
3552 : fcabd4;
3553 : ffb5dd;
3554 : ffb3dd;
3555 : ffb4dd;
3556 : ffb4dd;
3557 : ffb4dd;
3558 : ffb5de;
3559 : ffb5de;
3560 : ffb5de;
3561 : ffb5de;
3562 : ffb5de;
3563 : ffb5de;
3564 : ffb5de;
3565 : ffb9e1;
3566 : feb8de;
3567 : eea7cc;
3568 : e498bf;
3569 : e597c5;
3570 : e09bd0;
3571 : dca2da;
3572 : c7a8df;
3573 : a7addd;
3574 : 97b3d9;
3575 : abd4e8;
3576 : eaffff;
3577 : fffffb;
3578 : fffcf6;
3579 : fefdf7;
3580 : fafcfa;
3581 : fafcfc;
3582 : fafcfb;
3583 : fafcfb;
3584 : fafcfb;
3585 : fafcfb;
3586 : fafcfb;
3587 : fafcfb;
3588 : fbfbfb;
3589 : fbfbfb;
3590 : fbfbfb;
3591 : fbfbfb;
3592 : fbfbfb;
3593 : fbfbfb;
3594 : fbfbfb;
3595 : fbfbfb;
3596 : fbfbfb;
3597 : fbfbfb;
3598 : fbfbfb;
3599 : fbfbfb;
3600 : fbfbfb;
3601 : fbfbfb;
3602 : fbfbfb;
3603 : fbfbfb;
3604 : fbfbfb;
3605 : fbfbfb;
3606 : fbfbfb;
3607 : fbfbfb;
3608 : fbfbfb;
3609 : fbfbfb;
3610 : fbfbfb;
3611 : fbfbfb;
3612 : fbfbfb;
3613 : fbfbfb;
3614 : fbfbfb;
3615 : fbfbfb;
3616 : fbfbfb;
3617 : fbfbfb;
3618 : fafcfa;
3619 : fcfafb;
3620 : fcfafc;
3621 : f5fefd;
3622 : f4ffff;
3623 : ffffff;
3624 : e2c0d1;
3625 : ce88a8;
3626 : f39bc4;
3627 : f29ac2;
3628 : f199c0;
3629 : f7a7ce;
3630 : ffb8dd;
3631 : fdb6da;
3632 : fdb5d9;
3633 : fbb7da;
3634 : fab7da;
3635 : fab7da;
3636 : fab7da;
3637 : fab7da;
3638 : fab7da;
3639 : fab7da;
3640 : fcb7db;
3641 : fdb7dc;
3642 : fdb7dc;
3643 : fdb7dc;
3644 : fdb7dc;
3645 : fdb7dc;
3646 : fdb7dc;
3647 : feb9de;
3648 : f8b2d7;
3649 : e89dc6;
3650 : df9ac0;
3651 : e09fc2;
3652 : e59ac5;
3653 : d49fd4;
3654 : 9db7e8;
3655 : 7fc5f3;
3656 : 84c4f4;
3657 : 85c4f3;
3658 : 84c3f1;
3659 : 83c1f0;
3660 : 82c0ef;
3661 : 82c0ef;
3662 : 82c0ef;
3663 : 83c1f1;
3664 : 83c1f1;
3665 : 83c1f1;
3666 : 83c1f1;
3667 : 83c1f1;
3668 : 84c2f1;
3669 : 84c2f2;
3670 : 83c1f1;
3671 : 83c1f2;
3672 : 82c0f1;
3673 : 82c0f0;
3674 : 81bff0;
3675 : 80beef;
3676 : 7fbdef;
3677 : 7fbdee;
3678 : 80beef;
3679 : 81bff1;
3680 : 81c0f5;
3681 : 81c0f5;
3682 : 81c0f5;
3683 : 81c0f5;
3684 : 81c0f5;
3685 : 81c0f5;
3686 : 81c0f5;
3687 : 81c0f5;
3688 : 81c0f5;
3689 : 81c0f5;
3690 : 81c0f5;
3691 : 81c0f5;
3692 : 81c0f5;
3693 : 81c0f5;
3694 : 81c0f5;
3695 : 81c0f5;
3696 : 81c0f5;
3697 : 81c0f5;
3698 : 81c0f5;
3699 : 81c0f5;
3700 : 81c0f5;
3701 : 82c0f5;
3702 : 7fc1f5;
3703 : 7bc4f6;
3704 : 81c2f6;
3705 : 94bbf1;
3706 : b3afea;
3707 : d3a3de;
3708 : eb9cd0;
3709 : f59ac6;
3710 : f097c2;
3711 : ef99c4;
3712 : fcaad4;
3713 : ffb2da;
3714 : fdb2db;
3715 : feb5dd;
3716 : feb5dd;
3717 : feb4dd;
3718 : ffb5de;
3719 : ffb5de;
3720 : ffb5de;
3721 : ffb5de;
3722 : ffb4dd;
3723 : ffb5de;
3724 : ffb5de;
3725 : fdb3dd;
3726 : ffb7e0;
3727 : feb7dd;
3728 : eea1c8;
3729 : e794bf;
3730 : e597c7;
3731 : e4a0d3;
3732 : dca6d4;
3733 : b696b8;
3734 : c8beda;
3735 : f3fbff;
3736 : faffff;
3737 : fffef6;
3738 : fffcf2;
3739 : fefaf3;
3740 : fafcfa;
3741 : fafcfc;
3742 : fafcfb;
3743 : fafcfb;
3744 : fafcfb;
3745 : fafcfb;
3746 : fafcfb;
3747 : fafcfb;
3748 : fbfbfb;
3749 : fbfbfb;
3750 : fbfbfb;
3751 : fbfbfb;
3752 : fbfbfb;
3753 : fbfbfb;
3754 : fbfbfb;
3755 : fbfbfb;
3756 : fbfbfb;
3757 : fbfbfb;
3758 : fbfbfb;
3759 : fbfbfb;
3760 : fbfbfb;
3761 : fbfbfb;
3762 : fbfbfb;
3763 : fbfbfb;
3764 : fbfbfb;
3765 : fbfbfb;
3766 : fbfbfb;
3767 : fbfbfb;
3768 : fbfbfb;
3769 : fbfbfb;
3770 : fbfbfb;
3771 : fbfbfb;
3772 : fbfbfb;
3773 : fbfbfb;
3774 : fbfbfb;
3775 : fbfbfb;
3776 : fbfbfb;
3777 : fafbfb;
3778 : fafcfb;
3779 : fcfafb;
3780 : fcfafc;
3781 : f6fefe;
3782 : f5ffff;
3783 : fffdff;
3784 : ddbbcb;
3785 : d28bab;
3786 : f89ec8;
3787 : f39ac2;
3788 : f19bc2;
3789 : f7abd1;
3790 : ffbade;
3791 : fcb6da;
3792 : fcb4d8;
3793 : fbb7db;
3794 : fab7da;
3795 : fab7da;
3796 : fab7da;
3797 : fab7da;
3798 : fab7da;
3799 : fab7da;
3800 : fcb7db;
3801 : fdb7dc;
3802 : fdb7dc;
3803 : fdb7dc;
3804 : fdb7dc;
3805 : fdb7dc;
3806 : feb7dc;
3807 : feb9dd;
3808 : f5afd5;
3809 : e499c3;
3810 : df9bc1;
3811 : e2a0c3;
3812 : e599c5;
3813 : d49fd4;
3814 : 9db7e8;
3815 : 80c5f2;
3816 : 84c3f2;
3817 : 85c3f2;
3818 : 84c2f1;
3819 : 83c1f0;
3820 : 82c0ef;
3821 : 82c0ef;
3822 : 82c0ef;
3823 : 83c1f2;
3824 : 83c1f2;
3825 : 83c1f2;
3826 : 83c1f2;
3827 : 82c0f1;
3828 : 83c1f2;
3829 : 84c2f2;
3830 : 84c2f4;
3831 : 84c2f4;
3832 : 84c3f4;
3833 : 85c3f4;
3834 : 84c2f4;
3835 : 84c2f3;
3836 : 84c2f3;
3837 : 83c1f2;
3838 : 83c1f2;
3839 : 83c1f2;
3840 : 81c0f5;
3841 : 81c0f5;
3842 : 81c0f5;
3843 : 81c0f5;
3844 : 81c0f5;
3845 : 81c0f5;
3846 : 81c0f5;
3847 : 81c0f5;
3848 : 81c0f5;
3849 : 81c0f5;
3850 : 81c0f5;
3851 : 81c0f5;
3852 : 81c0f5;
3853 : 81c0f5;
3854 : 81c0f5;
3855 : 81c0f5;
3856 : 81c0f5;
3857 : 81c0f5;
3858 : 81c0f5;
3859 : 81c0f5;
3860 : 81c0f5;
3861 : 82bff5;
3862 : 7ec1f5;
3863 : 79c5f6;
3864 : 7dc4f6;
3865 : 93bbf1;
3866 : b8acea;
3867 : de9ddd;
3868 : f197cf;
3869 : f499c5;
3870 : ee96c0;
3871 : ef9ac4;
3872 : fdacd5;
3873 : ffb3db;
3874 : fdb3db;
3875 : fcb5dc;
3876 : fbb5dc;
3877 : fdb5dd;
3878 : ffb5de;
3879 : ffb5de;
3880 : ffb5de;
3881 : ffb6df;
3882 : ffb5de;
3883 : ffb5de;
3884 : ffb5de;
3885 : feb2dd;
3886 : fdb5de;
3887 : ffbae0;
3888 : ffb1d9;
3889 : ef9ac4;
3890 : e793be;
3891 : e99bc8;
3892 : efaad1;
3893 : d297b8;
3894 : d0aac7;
3895 : fff4ff;
3896 : ffffff;
3897 : fefef8;
3898 : fbfcf4;
3899 : f9fbfb;
3900 : f9fcfc;
3901 : fafcfb;
3902 : fafcfb;
3903 : fafcfb;
3904 : fafcfb;
3905 : fafcfb;
3906 : fafcfb;
3907 : fafcfb;
3908 : fbfbfb;
3909 : fbfbfb;
3910 : fbfbfb;
3911 : fbfbfb;
3912 : fbfbfb;
3913 : fbfbfb;
3914 : fbfbfb;
3915 : fbfbfb;
3916 : fbfbfb;
3917 : fbfbfb;
3918 : fbfbfb;
3919 : fbfbfb;
3920 : fbfbfb;
3921 : fbfbfb;
3922 : fbfbfb;
3923 : fbfbfb;
3924 : fbfbfb;
3925 : fbfbfb;
3926 : fbfbfb;
3927 : fbfbfb;
3928 : fbfbfb;
3929 : fbfbfb;
3930 : fbfbfb;
3931 : fbfbfb;
3932 : fbfbfb;
3933 : fbfbfb;
3934 : fbfbfb;
3935 : fbfbfb;
3936 : fbfbfb;
3937 : fafbfb;
3938 : f9fcfb;
3939 : fcfafc;
3940 : fcfafd;
3941 : f5feff;
3942 : f7ffff;
3943 : fffaff;
3944 : d7b4c7;
3945 : d68dae;
3946 : fc9fc9;
3947 : f39ac2;
3948 : f39dc4;
3949 : f8add2;
3950 : fcb9dd;
3951 : fcb6da;
3952 : fdb4d9;
3953 : fab7da;
3954 : fab7da;
3955 : fab7da;
3956 : fab7da;
3957 : fab7da;
3958 : fab7da;
3959 : fab7da;
3960 : fcb7db;
3961 : fdb7dc;
3962 : fdb7dc;
3963 : fdb7dc;
3964 : fdb7dc;
3965 : fdb7dc;
3966 : feb8dd;
3967 : feb9dd;
3968 : f1abd1;
3969 : e499c2;
3970 : e19dc3;
3971 : e1a0c3;
3972 : e79bc7;
3973 : d4a0d5;
3974 : 9db7e7;
3975 : 7fc4f2;
3976 : 83c3f4;
3977 : 84c2f3;
3978 : 84c2f2;
3979 : 82c0f1;
3980 : 82c0f0;
3981 : 82c0f0;
3982 : 82c0f0;
3983 : 83c1f2;
3984 : 83c1f2;
3985 : 83c1f2;
3986 : 83c1f2;
3987 : 83c1f1;
3988 : 83c0f2;
3989 : 83c1f2;
3990 : 84c2f2;
3991 : 84c2f3;
3992 : 85c3f4;
3993 : 85c3f4;
3994 : 84c2f3;
3995 : 84c2f3;
3996 : 84c2f3;
3997 : 84c2f3;
3998 : 85c3f4;
3999 : 85c3f3;
4000 : 81c0f5;
4001 : 81c0f5;
4002 : 81c0f5;
4003 : 81c0f5;
4004 : 81c0f5;
4005 : 81c0f5;
4006 : 81c0f5;
4007 : 81c0f5;
4008 : 81c0f5;
4009 : 81c0f5;
4010 : 81c0f5;
4011 : 81c0f5;
4012 : 81c0f5;
4013 : 81c0f5;
4014 : 81c0f5;
4015 : 81c0f5;
4016 : 81c0f5;
4017 : 81c0f5;
4018 : 81c0f5;
4019 : 81c0f5;
4020 : 81c0f5;
4021 : 82c0f5;
4022 : 80c1f5;
4023 : 7ac5f6;
4024 : 78c7f6;
4025 : 8dbef1;
4026 : b6adea;
4027 : df9cdd;
4028 : f396cf;
4029 : f499c5;
4030 : ed95bf;
4031 : f19cc6;
4032 : feadd6;
4033 : ffb4db;
4034 : fdb4dc;
4035 : fcb4dc;
4036 : fcb4dc;
4037 : feb5dd;
4038 : ffb5de;
4039 : ffb5de;
4040 : ffb5de;
4041 : ffb6df;
4042 : ffb5de;
4043 : ffb5de;
4044 : ffb5de;
4045 : feb3dd;
4046 : fcb4dd;
4047 : fcb7de;
4048 : ffb8de;
4049 : fcacd4;
4050 : ee98c2;
4051 : e999c0;
4052 : eea2c7;
4053 : eea4cc;
4054 : c790b6;
4055 : d9bbd6;
4056 : fffbff;
4057 : fbfffd;
4058 : f5fcfa;
4059 : f6faff;
4060 : f9fbfc;
4061 : fbfcfa;
4062 : fafcfb;
4063 : fafcfb;
4064 : fafcfb;
4065 : fafcfb;
4066 : fafcfb;
4067 : fafcfb;
4068 : fbfbfb;
4069 : fbfbfb;
4070 : fbfbfb;
4071 : fbfbfb;
4072 : fbfbfb;
4073 : fbfbfb;
4074 : fbfbfb;
4075 : fbfbfb;
4076 : fbfbfb;
4077 : fbfbfb;
4078 : fbfbfb;
4079 : fbfbfb;
4080 : fbfbfb;
4081 : fbfbfb;
4082 : fbfbfb;
4083 : fbfbfb;
4084 : fbfbfb;
4085 : fbfbfb;
4086 : fbfbfb;
4087 : fbfbfb;
4088 : fbfbfb;
4089 : fbfbfb;
4090 : fbfbfb;
4091 : fbfbfb;
4092 : fbfbfb;
4093 : fbfbfb;
4094 : fbfbfb;
4095 : fbfbfb;
4096 : fcfbfb;
4097 : fafcfb;
4098 : f8fdfd;
4099 : fbfbfd;
4100 : fbfbfe;
4101 : f4feff;
4102 : f8ffff;
4103 : fef5ff;
4104 : d2aec3;
4105 : dc90b3;
4106 : fc9cc7;
4107 : f398c1;
4108 : f19dc3;
4109 : f8afd3;
4110 : f9badc;
4111 : fcb7da;
4112 : ffb5da;
4113 : fab7da;
4114 : fab7da;
4115 : fab7da;
4116 : fab7da;
4117 : fab7da;
4118 : fab7da;
4119 : fab7da;
4120 : fcb7db;
4121 : fdb7dc;
4122 : fdb7dc;
4123 : fdb7dc;
4124 : fdb7dc;
4125 : fdb7dc;
4126 : feb8dd;
4127 : feb9dd;
4128 : efa9cf;
4129 : e398c2;
4130 : e29dc3;
4131 : e1a0c2;
4132 : e89dc9;
4133 : d5a0d5;
4134 : 9db7e6;
4135 : 7ec3f1;
4136 : 81c0f2;
4137 : 82c0f1;
4138 : 82c0f1;
4139 : 82c0f1;
4140 : 82c0f1;
4141 : 82c0f1;
4142 : 82c0f1;
4143 : 83c1f2;
4144 : 83c1f2;
4145 : 83c1f2;
4146 : 83c1f2;
4147 : 83c1f2;
4148 : 83c1f2;
4149 : 83c1f2;
4150 : 83c1f2;
4151 : 83c1f2;
4152 : 83c1f2;
4153 : 83c1f2;
4154 : 83c1f2;
4155 : 83c1f2;
4156 : 84c2f3;
4157 : 84c2f3;
4158 : 84c2f3;
4159 : 84c2f3;
4160 : 81c0f5;
4161 : 81c0f5;
4162 : 81c0f5;
4163 : 81c0f5;
4164 : 81c0f5;
4165 : 81c0f5;
4166 : 81c0f5;
4167 : 81c0f5;
4168 : 81c0f5;
4169 : 81c0f5;
4170 : 81c0f5;
4171 : 81c0f5;
4172 : 81c0f5;
4173 : 81c0f5;
4174 : 81c0f5;
4175 : 81c0f5;
4176 : 81c0f5;
4177 : 81c0f5;
4178 : 81c0f5;
4179 : 81c0f5;
4180 : 81c0f5;
4181 : 81c0f5;
4182 : 84bef6;
4183 : 7fc2f7;
4184 : 73caf6;
4185 : 82c3f1;
4186 : b2afea;
4187 : de9ddd;
4188 : f397cf;
4189 : f399c5;
4190 : ec95c0;
4191 : f09dc8;
4192 : fdb0d7;
4193 : ffb4db;
4194 : fcb4db;
4195 : fbb4db;
4196 : fbb4dc;
4197 : feb5dd;
4198 : ffb5de;
4199 : ffb5de;
4200 : ffb5de;
4201 : ffb6df;
4202 : ffb5de;
4203 : ffb5de;
4204 : ffb5de;
4205 : ffb4dd;
4206 : fab5dc;
4207 : f5b9dd;
4208 : f7b7dc;
4209 : ffb5df;
4210 : fcabd6;
4211 : e99cc3;
4212 : e899c0;
4213 : f8a4d0;
4214 : dc97c1;
4215 : c69dba;
4216 : f6eef4;
4217 : fefffc;
4218 : f6fcf7;
4219 : f9f9ff;
4220 : fbfafc;
4221 : fafdfa;
4222 : fafcfb;
4223 : fafcfb;
4224 : fafcfb;
4225 : fafcfb;
4226 : fafcfb;
4227 : fafcfb;
4228 : fbfbfb;
4229 : fbfbfb;
4230 : fbfbfb;
4231 : fbfbfb;
4232 : fbfbfb;
4233 : fbfbfb;
4234 : fbfbfb;
4235 : fbfbfb;
4236 : fbfbfb;
4237 : fbfbfb;
4238 : fbfbfb;
4239 : fbfbfb;
4240 : fbfbfb;
4241 : fcfbfb;
4242 : fbfbfb;
4243 : fbfbfb;
4244 : fbfbfb;
4245 : fbfbfb;
4246 : fbfbfb;
4247 : fbfbfb;
4248 : fbfbfb;
4249 : fbfbfb;
4250 : fbfbfb;
4251 : fbfbfb;
4252 : fbfbfb;
4253 : fbfbfb;
4254 : fbfbfb;
4255 : fbfbfb;
4256 : fcfbfb;
4257 : fafbfb;
4258 : f6fcfc;
4259 : fafafd;
4260 : fbf9fe;
4261 : f3fdfe;
4262 : f8ffff;
4263 : f9eef9;
4264 : cca8bc;
4265 : e092b5;
4266 : fc99c5;
4267 : f195bf;
4268 : ef9cc2;
4269 : f8b2d5;
4270 : f9bbdb;
4271 : fbb6d9;
4272 : ffb6dc;
4273 : fab7da;
4274 : fab7da;
4275 : fab7da;
4276 : fab7da;
4277 : fab7da;
4278 : fab7da;
4279 : fab7da;
4280 : fcb7db;
4281 : fdb7dc;
4282 : fdb7dc;
4283 : fdb7dc;
4284 : fdb7dc;
4285 : fdb7dc;
4286 : feb8dd;
4287 : fdb9dd;
4288 : eda7cc;
4289 : e398c1;
4290 : e19ec5;
4291 : e1a1c4;
4292 : e99cc8;
4293 : d89fd4;
4294 : 9eb6e6;
4295 : 7dc2f1;
4296 : 81bff1;
4297 : 82bff0;
4298 : 82bff0;
4299 : 82c0f1;
4300 : 82c0f1;
4301 : 82c0f1;
4302 : 82c0f1;
4303 : 82c1f4;
4304 : 82c1f4;
4305 : 82c1f4;
4306 : 82c1f4;
4307 : 82c1f4;
4308 : 82c1f4;
4309 : 82c1f4;
4310 : 82c1f3;
4311 : 81c0f2;
4312 : 81c0f2;
4313 : 82c1f3;
4314 : 82c1f3;
4315 : 82c1f3;
4316 : 83c2f4;
4317 : 83c2f5;
4318 : 83c2f5;
4319 : 83c2f5;
4320 : 81c0f5;
4321 : 81c0f5;
4322 : 81c0f5;
4323 : 81c0f5;
4324 : 81c0f5;
4325 : 81c0f5;
4326 : 81c0f5;
4327 : 81c0f5;
4328 : 81c0f5;
4329 : 81c0f5;
4330 : 81c0f5;
4331 : 81c0f5;
4332 : 81c0f5;
4333 : 81c0f5;
4334 : 81c0f5;
4335 : 81c0f5;
4336 : 81c0f5;
4337 : 81c0f5;
4338 : 81c0f5;
4339 : 81c0f5;
4340 : 81c0f5;
4341 : 81c0f5;
4342 : 82c0f5;
4343 : 80c2f5;
4344 : 78c7f5;
4345 : 80c5f1;
4346 : a7b5ea;
4347 : d9a0dd;
4348 : f397cf;
4349 : f29ac5;
4350 : ec97be;
4351 : f29dc7;
4352 : ffafd8;
4353 : ffb5dc;
4354 : fcb5de;
4355 : fbb4dd;
4356 : fbb4dd;
4357 : fdb5dd;
4358 : ffb5de;
4359 : ffb5de;
4360 : ffb5de;
4361 : ffb6df;
4362 : ffb5de;
4363 : ffb5de;
4364 : ffb5de;
4365 : ffb6dd;
4366 : fab7dd;
4367 : f6b8dd;
4368 : f7b5dd;
4369 : fcb3de;
4370 : ffb5df;
4371 : f6acd3;
4372 : e999c2;
4373 : f49ac8;
4374 : ea9cc7;
4375 : c691b1;
4376 : ebdae5;
4377 : ffffff;
4378 : f7fbf2;
4379 : fdf8f8;
4380 : fcfbfb;
4381 : f9fdfb;
4382 : fafcfb;
4383 : f9fcfb;
4384 : fafcfb;
4385 : f9fcfb;
4386 : fafcfb;
4387 : fbfbfb;
4388 : fcfafb;
4389 : fbfbfb;
4390 : fbfbfb;
4391 : fbfbfb;
4392 : fbfbfb;
4393 : fbfbfb;
4394 : fcfbfb;
4395 : fcfbfa;
4396 : fcfbfa;
4397 : fbfbfb;
4398 : fafbfa;
4399 : fafbfa;
4400 : fafcfc;
4401 : fafcfc;
4402 : fafcfb;
4403 : fbfbfb;
4404 : fbfbfb;
4405 : fbfbfa;
4406 : fbfbfa;
4407 : fafbfa;
4408 : fafbfa;
4409 : fafbfa;
4410 : fafbfb;
4411 : fafcfb;
4412 : fafcfb;
4413 : fafcfb;
4414 : fbfcfc;
4415 : fafcfb;
4416 : fbfcfb;
4417 : f9fcfb;
4418 : f5fcfb;
4419 : f7fbfc;
4420 : f8fafd;
4421 : f1fefe;
4422 : f9ffff;
4423 : f8eaf6;
4424 : cca3b8;
4425 : e192b6;
4426 : f998c4;
4427 : ed95bd;
4428 : ed9cc2;
4429 : f9b3d7;
4430 : f9b8db;
4431 : fab5da;
4432 : ffb8de;
4433 : fab8db;
4434 : fab7da;
4435 : fab7da;
4436 : fab7da;
4437 : fab7da;
4438 : fab7da;
4439 : fab7da;
4440 : fcb7db;
4441 : fdb7dc;
4442 : fdb7dc;
4443 : fdb7dc;
4444 : fdb7dc;
4445 : fdb7dc;
4446 : ffb9de;
4447 : fdb8dd;
4448 : e9a5cc;
4449 : e298c1;
4450 : e59ec2;
4451 : e6a0c2;
4452 : e79dca;
4453 : d0a2d7;
4454 : 9bb7e6;
4455 : 7ec3f1;
4456 : 81c0f2;
4457 : 82c0f1;
4458 : 82c0f1;
4459 : 82c0f1;
4460 : 82c0f1;
4461 : 82c0f1;
4462 : 82c0f1;
4463 : 82c1f4;
4464 : 82c1f4;
4465 : 82c1f4;
4466 : 82c1f4;
4467 : 82c1f4;
4468 : 82c1f4;
4469 : 82c1f4;
4470 : 82c1f4;
4471 : 81c0f4;
4472 : 82c1f4;
4473 : 82c1f4;
4474 : 82c1f5;
4475 : 82c1f5;
4476 : 83c2f6;
4477 : 83c2f6;
4478 : 83c2f5;
4479 : 83c2f5;
4480 : 81c0f5;
4481 : 81c0f5;
4482 : 81c0f5;
4483 : 81c0f5;
4484 : 81c0f5;
4485 : 81c0f5;
4486 : 81c0f5;
4487 : 81c0f5;
4488 : 81c0f5;
4489 : 81c0f5;
4490 : 81c0f5;
4491 : 81c0f5;
4492 : 81c0f5;
4493 : 81c0f5;
4494 : 81c0f5;
4495 : 81c0f5;
4496 : 81c0f5;
4497 : 81c0f5;
4498 : 81c0f5;
4499 : 81c0f5;
4500 : 81c0f5;
4501 : 83bff6;
4502 : 7bc4f2;
4503 : 7cc4f0;
4504 : 8abef3;
4505 : 84c2f2;
4506 : 92bee9;
4507 : caa6dc;
4508 : f098cf;
4509 : f29dc4;
4510 : f099ba;
4511 : f49ac0;
4512 : feabd6;
4513 : ffb4e1;
4514 : feb5e2;
4515 : fdb4e1;
4516 : fdb4de;
4517 : fdb5dd;
4518 : feb6de;
4519 : feb6de;
4520 : feb6de;
4521 : feb6de;
4522 : feb6de;
4523 : feb6de;
4524 : feb6de;
4525 : ffb7df;
4526 : feb6de;
4527 : fcb4dc;
4528 : fcb4dc;
4529 : fbb3db;
4530 : feb6de;
4531 : fbb5dc;
4532 : eba0c9;
4533 : ec97c4;
4534 : f49fcb;
4535 : d28eb2;
4536 : d5b4c9;
4537 : fffeff;
4538 : f9fefc;
4539 : fbf8f4;
4540 : fef9f9;
4541 : fcfbfc;
4542 : fafcfb;
4543 : f9fcfb;
4544 : f8fcfb;
4545 : f9fcfb;
4546 : fafcfb;
4547 : fafcfb;
4548 : fbfbfb;
4549 : fcfafb;
4550 : fcfafb;
4551 : fcfafb;
4552 : fbfafb;
4553 : fbfafb;
4554 : fbfbfb;
4555 : fdfbfa;
4556 : fefcfa;
4557 : fcfcfb;
4558 : f9fbfb;
4559 : f6fcfb;
4560 : f6fefe;
4561 : f4fffe;
4562 : f6fefe;
4563 : fbfbfc;
4564 : fbfcfc;
4565 : fbfcfc;
4566 : f9fcfb;
4567 : f8fcfb;
4568 : fafdfc;
4569 : fafefc;
4570 : fafffd;
4571 : fbfffe;
4572 : fbffff;
4573 : fbffff;
4574 : fcffff;
4575 : fcffff;
4576 : feffff;
4577 : fdffff;
4578 : fafffe;
4579 : f9fffe;
4580 : f7fffe;
4581 : f6ffff;
4582 : feffff;
4583 : fde7f5;
4584 : d39fb5;
4585 : e291b6;
4586 : f69bc7;
4587 : e796bd;
4588 : e89cc3;
4589 : fbb2d8;
4590 : fcb6db;
4591 : fbb4dc;
4592 : ffb8e1;
4593 : fbb9dc;
4594 : fbb8db;
4595 : fbb8db;
4596 : fbb8db;
4597 : fbb8db;
4598 : fbb8db;
4599 : fbb8db;
4600 : fbb8db;
4601 : fbb8db;
4602 : fbb8db;
4603 : fcb7dc;
4604 : fdb6db;
4605 : fdb7dc;
4606 : ffbae1;
4607 : f5aed8;
4608 : e09fcb;
4609 : e39dc1;
4610 : ef9dba;
4611 : f09bc0;
4612 : dc9ed0;
4613 : b3acdf;
4614 : 8ebbe9;
4615 : 7fc2f1;
4616 : 80c0f4;
4617 : 81c0f3;
4618 : 81c0f3;
4619 : 81c0f3;
4620 : 81c0f3;
4621 : 81c0f3;
4622 : 81c0f3;
4623 : 81c0f5;
4624 : 81c0f5;
4625 : 81c0f5;
4626 : 81c0f5;
4627 : 81c0f5;
4628 : 81c0f5;
4629 : 81c0f5;
4630 : 81c0f5;
4631 : 81c0f5;
4632 : 81c0f5;
4633 : 81c0f5;
4634 : 82c1f6;
4635 : 82c1f6;
4636 : 82c1f6;
4637 : 82c1f6;
4638 : 82c1f6;
4639 : 82c1f6;
4640 : 81c0f5;
4641 : 81c0f5;
4642 : 81c0f5;
4643 : 81c0f5;
4644 : 81c0f5;
4645 : 81c0f5;
4646 : 81c0f5;
4647 : 81c0f5;
4648 : 81c0f5;
4649 : 81c0f5;
4650 : 81c0f5;
4651 : 81c0f5;
4652 : 81c0f5;
4653 : 81c0f5;
4654 : 81c0f5;
4655 : 81c0f5;
4656 : 81c0f5;
4657 : 81c0f5;
4658 : 81c0f5;
4659 : 81c0f5;
4660 : 81c0f5;
4661 : 83bff5;
4662 : 7cc3f4;
4663 : 7bc4f3;
4664 : 82c1f5;
4665 : 7bc5f4;
4666 : 89c1eb;
4667 : bcacdc;
4668 : e69ccd;
4669 : f59cc5;
4670 : f499bf;
4671 : f097bf;
4672 : faa8d2;
4673 : ffb3de;
4674 : ffb4df;
4675 : feb4e0;
4676 : fdb4de;
4677 : fdb5dd;
4678 : feb6de;
4679 : feb6de;
4680 : feb6de;
4681 : feb6de;
4682 : feb6de;
4683 : feb6de;
4684 : feb6de;
4685 : feb6de;
4686 : feb6de;
4687 : fdb5dd;
4688 : fcb4dc;
4689 : fcb4dc;
4690 : fdb6de;
4691 : fdb6de;
4692 : efa6cf;
4693 : e998c4;
4694 : f39fcb;
4695 : e298c0;
4696 : c194ae;
4697 : ecdee9;
4698 : ffffff;
4699 : f5f8f4;
4700 : fdfaf8;
4701 : fffafb;
4702 : fbfbfa;
4703 : fafcfa;
4704 : f8fdfa;
4705 : f9fdfa;
4706 : fafcfa;
4707 : fbfbfa;
4708 : fafdfb;
4709 : fafcfb;
4710 : fafbfb;
4711 : fbfafb;
4712 : fbf9fa;
4713 : fbf9fa;
4714 : fbf7f9;
4715 : fafafb;
4716 : fafdfc;
4717 : fcfefe;
4718 : feffff;
4719 : ffffff;
4720 : ffffff;
4721 : ffffff;
4722 : ffffff;
4723 : ffffff;
4724 : ffffff;
4725 : ffffff;
4726 : ffffff;
4727 : ffffff;
4728 : fffeff;
4729 : fdfdff;
4730 : fcf8fd;
4731 : fbf5fb;
4732 : fbf7fc;
4733 : fbf7fc;
4734 : fdf6fc;
4735 : fff7fd;
4736 : fff9ff;
4737 : fffaff;
4738 : fffcff;
4739 : fffcff;
4740 : fffeff;
4741 : ffffff;
4742 : fffdff;
4743 : fbdcef;
4744 : d99bb5;
4745 : e794ba;
4746 : f59bc7;
4747 : e897be;
4748 : e99dc3;
4749 : fbb3d9;
4750 : fcb6dc;
4751 : fbb4dc;
4752 : ffb8e0;
4753 : fbb8db;
4754 : fbb8db;
4755 : fbb8db;
4756 : fbb8db;
4757 : fbb8db;
4758 : fbb8db;
4759 : fbb8db;
4760 : fbb8db;
4761 : fbb8db;
4762 : fbb8db;
4763 : fcb7dc;
4764 : fdb7dc;
4765 : ffb9de;
4766 : fdb6dd;
4767 : e9a0ca;
4768 : e099c4;
4769 : ea9fc2;
4770 : ee9fbd;
4771 : e79ec4;
4772 : cfa3d5;
4773 : a9b0e5;
4774 : 86beed;
4775 : 7dc2f2;
4776 : 81c0f4;
4777 : 81c0f3;
4778 : 81c0f3;
4779 : 81c0f3;
4780 : 81c0f3;
4781 : 81c0f3;
4782 : 81c0f3;
4783 : 81c0f5;
4784 : 81c0f5;
4785 : 81c0f5;
4786 : 81c0f5;
4787 : 81c0f5;
4788 : 81c0f5;
4789 : 81c0f5;
4790 : 81c0f5;
4791 : 81c0f5;
4792 : 81c0f5;
4793 : 81c0f5;
4794 : 80bff4;
4795 : 80bff4;
4796 : 80bff4;
4797 : 80bff4;
4798 : 81c0f5;
4799 : 81c0f5;
4800 : 81c0f5;
4801 : 81c0f5;
4802 : 81c0f5;
4803 : 81c0f5;
4804 : 81c0f5;
4805 : 81c0f5;
4806 : 81c0f5;
4807 : 81c0f5;
4808 : 81c0f5;
4809 : 81c0f5;
4810 : 81c0f5;
4811 : 81c0f5;
4812 : 81c0f5;
4813 : 81c0f5;
4814 : 81c0f5;
4815 : 81c0f5;
4816 : 81c0f5;
4817 : 81c0f5;
4818 : 81c0f5;
4819 : 81c0f5;
4820 : 81c0f5;
4821 : 82c0f5;
4822 : 7fc0f5;
4823 : 7ec1f6;
4824 : 7dc2f8;
4825 : 75c7f6;
4826 : 81c4ed;
4827 : adb2de;
4828 : dda0cd;
4829 : f798c3;
4830 : f69ac3;
4831 : ed96c0;
4832 : f5a1cb;
4833 : ffb2dd;
4834 : ffb5df;
4835 : feb4de;
4836 : fdb4de;
4837 : fdb5dd;
4838 : feb6de;
4839 : feb6de;
4840 : feb6de;
4841 : feb6de;
4842 : feb6de;
4843 : feb6de;
4844 : feb6de;
4845 : fdb5dd;
4846 : feb6de;
4847 : feb6de;
4848 : fdb5dd;
4849 : fcb4dc;
4850 : fdb5dd;
4851 : ffb8e0;
4852 : f6aed6;
4853 : ea9ec7;
4854 : eb99c5;
4855 : f4a2cd;
4856 : d392b5;
4857 : d0acc1;
4858 : fcf4fb;
4859 : f8fffd;
4860 : f9faf8;
4861 : fffbfb;
4862 : fbfcfa;
4863 : f8fcfa;
4864 : f6fdf9;
4865 : f7fdfa;
4866 : fafdfa;
4867 : fafdfb;
4868 : fdfefd;
4869 : ffffff;
4870 : ffffff;
4871 : ffffff;
4872 : ffffff;
4873 : fffdff;
4874 : fffcff;
4875 : fffeff;
4876 : fffbff;
4877 : fbf4fb;
4878 : faf1f9;
4879 : f6e8f3;
4880 : ecdde9;
4881 : e8d8e3;
4882 : e1d2dd;
4883 : ddcbd8;
4884 : dbc6d4;
4885 : d6c2d0;
4886 : d5becc;
4887 : d4b9c8;
4888 : ceb4c3;
4889 : caadbd;
4890 : caaabd;
4891 : caaabe;
4892 : caaabd;
4893 : c9a9bc;
4894 : c9a8bb;
4895 : ccabbe;
4896 : d1b1c4;
4897 : d4b5c7;
4898 : d4b6c6;
4899 : d4b5c7;
4900 : d3b5c7;
4901 : d5bacb;
4902 : d7b8ca;
4903 : d19fb8;
4904 : dd94b5;
4905 : f39cc5;
4906 : f49cc6;
4907 : e997be;
4908 : ea9dc4;
4909 : fcb4da;
4910 : fdb7dc;
4911 : fbb3dc;
4912 : feb7df;
4913 : fbb8db;
4914 : fbb8db;
4915 : fbb8db;
4916 : fbb8db;
4917 : fbb8db;
4918 : fbb8db;
4919 : fbb8db;
4920 : fbb8db;
4921 : fbb8db;
4922 : fbb8db;
4923 : fcb7dc;
4924 : feb8dd;
4925 : ffbadf;
4926 : f2aad2;
4927 : e299c2;
4928 : e89bc2;
4929 : ed9ec1;
4930 : e89fc0;
4931 : d7a4cb;
4932 : bbabde;
4933 : 99b5eb;
4934 : 7dc1f0;
4935 : 7bc2f3;
4936 : 82c0f3;
4937 : 81c0f3;
4938 : 81c0f3;
4939 : 81c0f3;
4940 : 81c0f3;
4941 : 81c0f3;
4942 : 81c0f3;
4943 : 81c0f5;
4944 : 81c0f5;
4945 : 81c0f5;
4946 : 81c0f5;
4947 : 81c0f5;
4948 : 81c0f5;
4949 : 81c0f5;
4950 : 81c0f5;
4951 : 81c0f5;
4952 : 81c0f5;
4953 : 81c0f5;
4954 : 81c0f5;
4955 : 81c0f5;
4956 : 81c0f5;
4957 : 81c0f5;
4958 : 81c0f5;
4959 : 81c0f5;
4960 : 81c0f5;
4961 : 81c0f5;
4962 : 81c0f5;
4963 : 81c0f5;
4964 : 81c0f5;
4965 : 81c0f5;
4966 : 81c0f5;
4967 : 81c0f5;
4968 : 81c0f5;
4969 : 81c0f5;
4970 : 81c0f5;
4971 : 81c0f5;
4972 : 81c0f5;
4973 : 81c0f5;
4974 : 81c0f5;
4975 : 81c0f5;
4976 : 81c0f5;
4977 : 81c0f5;
4978 : 81c0f5;
4979 : 81c0f5;
4980 : 81c0f5;
4981 : 80c1f5;
4982 : 83bef5;
4983 : 84bdf8;
4984 : 7cc1fa;
4985 : 78c3f7;
4986 : 83c2ef;
4987 : a2b7e2;
4988 : d3a3d2;
4989 : f995c7;
4990 : f799c6;
4991 : f098c2;
4992 : f29bc6;
4993 : feadd7;
4994 : ffb4dd;
4995 : ffb4dc;
4996 : fdb6dd;
4997 : fdb6dd;
4998 : feb6de;
4999 : feb6de;
5000 : feb6de;
5001 : feb6de;
5002 : feb6de;
5003 : feb6de;
5004 : feb6de;
5005 : fdb5dd;
5006 : fdb5dd;
5007 : ffb7df;
5008 : feb6de;
5009 : fcb4dc;
5010 : fdb5dd;
5011 : ffb7df;
5012 : fcb5dd;
5013 : eca6ce;
5014 : e99ac5;
5015 : f59fcb;
5016 : ee9fc7;
5017 : cf96b4;
5018 : e3cad9;
5019 : fdffff;
5020 : f8fbfc;
5021 : fafcfc;
5022 : fafdfd;
5023 : f8fdfe;
5024 : fbffff;
5025 : ffffff;
5026 : ffffff;
5027 : ffffff;
5028 : fffaff;
5029 : fff3f8;
5030 : f5e6ec;
5031 : ecdae1;
5032 : ead5dd;
5033 : e5ced7;
5034 : e0c7d0;
5035 : d5bac8;
5036 : c1a4b7;
5037 : bb9db0;
5038 : c29fb4;
5039 : c79db5;
5040 : c79bb6;
5041 : c99db7;
5042 : cb9bb7;
5043 : cf96b5;
5044 : d196b5;
5045 : d198b6;
5046 : d597b7;
5047 : d996b8;
5048 : da97b9;
5049 : db97b9;
5050 : dc99bc;
5051 : db9bbe;
5052 : db9abd;
5053 : da9abd;
5054 : d899bb;
5055 : d698bb;
5056 : d698ba;
5057 : d398b8;
5058 : ce98b7;
5059 : ce96b6;
5060 : cb94b4;
5061 : c795b3;
5062 : ca98b4;
5063 : d595b6;
5064 : e997bf;
5065 : f49bc6;
5066 : f29bc5;
5067 : ea98c0;
5068 : ea9dc4;
5069 : fdb5db;
5070 : feb9de;
5071 : fbb4dc;
5072 : fdb6de;
5073 : fab7da;
5074 : fbb8db;
5075 : fbb8db;
5076 : fbb8db;
5077 : fbb8db;
5078 : fbb8db;
5079 : fbb8db;
5080 : fbb8db;
5081 : fbb8db;
5082 : fab7da;
5083 : fbb5da;
5084 : ffb9de;
5085 : feb9de;
5086 : e9a2c9;
5087 : e198c0;
5088 : eb9ec2;
5089 : ec9ec1;
5090 : e0a0c5;
5091 : c3a8d4;
5092 : a2b3e6;
5093 : 86bcf1;
5094 : 77c3f5;
5095 : 7bc2f4;
5096 : 82c0f3;
5097 : 81c0f3;
5098 : 81c0f3;
5099 : 81c0f3;
5100 : 81c0f3;
5101 : 81c0f3;
5102 : 81c0f3;
5103 : 81c0f5;
5104 : 81c0f5;
5105 : 81c0f5;
5106 : 81c0f5;
5107 : 81c0f5;
5108 : 81c0f5;
5109 : 81c0f5;
5110 : 81c0f5;
5111 : 81c0f5;
5112 : 81c0f5;
5113 : 81c0f5;
5114 : 81c0f5;
5115 : 81c0f5;
5116 : 81c0f5;
5117 : 81c0f5;
5118 : 81c0f5;
5119 : 81c0f5;
5120 : 81c0f5;
5121 : 81c0f5;
5122 : 81c0f5;
5123 : 81c0f5;
5124 : 81c0f5;
5125 : 81c0f5;
5126 : 81c0f5;
5127 : 81c0f5;
5128 : 81c0f5;
5129 : 81c0f5;
5130 : 81c0f5;
5131 : 81c0f5;
5132 : 81c0f5;
5133 : 81c0f5;
5134 : 81c0f5;
5135 : 81c0f5;
5136 : 81c0f5;
5137 : 81c0f5;
5138 : 81c0f5;
5139 : 81c0f5;
5140 : 81c0f5;
5141 : 80c1f5;
5142 : 86bef5;
5143 : 87bdf6;
5144 : 7cc2f8;
5145 : 7dc0f8;
5146 : 87bff2;
5147 : 97bce6;
5148 : c3a9d8;
5149 : ef96cd;
5150 : f898c8;
5151 : f39ac7;
5152 : ee96c1;
5153 : f9a5cd;
5154 : ffb2da;
5155 : ffb4dc;
5156 : fcb5de;
5157 : fcb5de;
5158 : feb6de;
5159 : feb6de;
5160 : feb6de;
5161 : feb6de;
5162 : feb6de;
5163 : feb6de;
5164 : feb6de;
5165 : fdb5dd;
5166 : fcb4dc;
5167 : ffb7df;
5168 : feb6de;
5169 : fcb4dc;
5170 : fdb5dd;
5171 : feb6de;
5172 : ffb6de;
5173 : f5afd6;
5174 : e89fc9;
5175 : e997c4;
5176 : f29ec9;
5177 : df97bc;
5178 : cca0b8;
5179 : eedeea;
5180 : ffffff;
5181 : ffffff;
5182 : ffffff;
5183 : ffffff;
5184 : fffbff;
5185 : fef0fb;
5186 : eddbe6;
5187 : e2c9d6;
5188 : dab7c9;
5189 : cea7ba;
5190 : c69fb1;
5191 : c098ab;
5192 : c298ab;
5193 : c295a9;
5194 : be90a4;
5195 : c18da8;
5196 : c892b2;
5197 : d098b8;
5198 : db9ec0;
5199 : e2a0c4;
5200 : e6a1c7;
5201 : e8a4cb;
5202 : efa3cd;
5203 : f5a0cc;
5204 : f29eca;
5205 : f39cc9;
5206 : f49cca;
5207 : f49cca;
5208 : f59ac8;
5209 : f599c7;
5210 : f19ac8;
5211 : ef9bc9;
5212 : ef9bc9;
5213 : ee9bc9;
5214 : ed9dca;
5215 : ec9eca;
5216 : ed9dca;
5217 : eb9fca;
5218 : e7a0ca;
5219 : e99fca;
5220 : e99fc9;
5221 : e5a1c7;
5222 : e4a4c9;
5223 : e49bc2;
5224 : ed98c2;
5225 : f59cc7;
5226 : f19ac4;
5227 : eb99c0;
5228 : ea9ec5;
5229 : fdb4da;
5230 : feb9de;
5231 : fbb4dc;
5232 : fdb6de;
5233 : fab7da;
5234 : fbb8db;
5235 : fbb8db;
5236 : fbb8db;
5237 : fbb8db;
5238 : fbb8db;
5239 : fbb8db;
5240 : fbb8db;
5241 : fbb8db;
5242 : fab7da;
5243 : fbb6db;
5244 : ffbadf;
5245 : f6b0d5;
5246 : e29ac2;
5247 : e299c1;
5248 : e89ec2;
5249 : e7a0c4;
5250 : d5a5cd;
5251 : b1aedc;
5252 : 8ebaed;
5253 : 7ac2f6;
5254 : 77c3f5;
5255 : 7ec1f3;
5256 : 82c0f3;
5257 : 81c0f3;
5258 : 81c0f3;
5259 : 81c0f3;
5260 : 81c0f3;
5261 : 81c0f3;
5262 : 81c0f3;
5263 : 81c0f5;
5264 : 81c0f5;
5265 : 81c0f5;
5266 : 81c0f5;
5267 : 81c0f5;
5268 : 81c0f5;
5269 : 81c0f5;
5270 : 81c0f5;
5271 : 81c0f5;
5272 : 81c0f5;
5273 : 81c0f5;
5274 : 81c0f5;
5275 : 81c0f5;
5276 : 81c0f5;
5277 : 81c0f5;
5278 : 81c0f5;
5279 : 81c0f5;
5280 : 81c0f5;
5281 : 81c0f5;
5282 : 81c0f5;
5283 : 81c0f5;
5284 : 81c0f5;
5285 : 81c0f5;
5286 : 81c0f5;
5287 : 81c0f5;
5288 : 81c0f5;
5289 : 81c0f5;
5290 : 81c0f5;
5291 : 81c0f5;
5292 : 81c0f5;
5293 : 81c0f5;
5294 : 81c0f5;
5295 : 81c0f5;
5296 : 81c0f5;
5297 : 81c0f5;
5298 : 81c0f5;
5299 : 81c0f5;
5300 : 81c0f5;
5301 : 81c0f5;
5302 : 83bff4;
5303 : 7dc2f3;
5304 : 75c6f7;
5305 : 7fc0f9;
5306 : 8abbf4;
5307 : 8cbfe7;
5308 : abb4dc;
5309 : e19bd3;
5310 : f995c7;
5311 : f79bc8;
5312 : ed96c2;
5313 : f19cc6;
5314 : ffadd5;
5315 : ffb6dd;
5316 : fcb6de;
5317 : fcb5df;
5318 : feb6de;
5319 : feb6de;
5320 : feb6de;
5321 : feb6de;
5322 : feb6de;
5323 : feb6de;
5324 : feb6de;
5325 : fdb5dd;
5326 : fcb4dc;
5327 : ffb7df;
5328 : feb6de;
5329 : fcb4dc;
5330 : fdb5dd;
5331 : fdb6dd;
5332 : ffb6de;
5333 : feb2dd;
5334 : eba5cf;
5335 : e098c4;
5336 : eb97c5;
5337 : ea97c1;
5338 : d99ebc;
5339 : e4c6d8;
5340 : f9e6f3;
5341 : ebd4e4;
5342 : dec5d6;
5343 : e0c4d5;
5344 : d8b4c7;
5345 : cba0b6;
5346 : c694ac;
5347 : c78faa;
5348 : d090b0;
5349 : d695b6;
5350 : dd9ebe;
5351 : e3a3c3;
5352 : e1a1c0;
5353 : e1a1c0;
5354 : e3a2c1;
5355 : e5a3c6;
5356 : eba7cc;
5357 : efa8cf;
5358 : efa5ce;
5359 : eea2cc;
5360 : ef9fcb;
5361 : ef9dcc;
5362 : f09bcb;
5363 : ef9ac9;
5364 : ee9ac9;
5365 : f09aca;
5366 : f19ac9;
5367 : f099c9;
5368 : f099c9;
5369 : f09ac9;
5370 : f09acb;
5371 : f09acc;
5372 : ee99cb;
5373 : ec99ca;
5374 : e898c7;
5375 : e597c6;
5376 : e396c5;
5377 : e396c5;
5378 : e694c5;
5379 : e892c4;
5380 : eb93c5;
5381 : e697c5;
5382 : e198c3;
5383 : e69cc6;
5384 : f59fcc;
5385 : f69cc8;
5386 : f09ac2;
5387 : eb99c0;
5388 : e99ec4;
5389 : fbb3d9;
5390 : ffb9df;
5391 : fdb5de;
5392 : fdb5dd;
5393 : fab7da;
5394 : fbb9db;
5395 : fbb8db;
5396 : fbb8db;
5397 : fbb8db;
5398 : fbb8db;
5399 : fbb8db;
5400 : fbb8db;
5401 : fbb8db;
5402 : fbb9db;
5403 : ffbade;
5404 : ffbadf;
5405 : e9a4c9;
5406 : dc94bc;
5407 : e29bc3;
5408 : e1a0c4;
5409 : e1a1c7;
5410 : cda6d0;
5411 : a5b3e1;
5412 : 7ec2f2;
5413 : 70c7f8;
5414 : 7ac2f2;
5415 : 82bff1;
5416 : 83bff3;
5417 : 82bff3;
5418 : 82bff3;
5419 : 82bff3;
5420 : 81c0f3;
5421 : 81c0f3;
5422 : 80c0f3;
5423 : 81c0f5;
5424 : 81c0f5;
5425 : 81c0f5;
5426 : 81c0f5;
5427 : 81c0f5;
5428 : 81c0f5;
5429 : 81c0f5;
5430 : 81c0f5;
5431 : 81c0f5;
5432 : 81c0f5;
5433 : 81c0f5;
5434 : 81c0f5;
5435 : 81c0f5;
5436 : 81c0f5;
5437 : 81c0f5;
5438 : 81c0f5;
5439 : 81c0f5;
5440 : 81c0f5;
5441 : 81c0f5;
5442 : 81c0f5;
5443 : 81c0f5;
5444 : 81c0f5;
5445 : 81c0f5;
5446 : 81c0f5;
5447 : 81c0f5;
5448 : 81c0f5;
5449 : 81c0f5;
5450 : 81c0f5;
5451 : 81c0f5;
5452 : 81c0f5;
5453 : 81c0f5;
5454 : 81c0f5;
5455 : 81c0f5;
5456 : 81c0f5;
5457 : 81c0f5;
5458 : 81c0f5;
5459 : 81c0f5;
5460 : 81c0f5;
5461 : 81c0f6;
5462 : 81c0f3;
5463 : 7ac4f1;
5464 : 75c5f6;
5465 : 7bc2f7;
5466 : 7dc2f6;
5467 : 7ec5ed;
5468 : 9abae5;
5469 : cca3dd;
5470 : ef96ce;
5471 : f798c9;
5472 : f899c4;
5473 : f397be;
5474 : f9a6cd;
5475 : ffb6dd;
5476 : feb7e2;
5477 : fdb6e1;
5478 : feb6de;
5479 : feb6de;
5480 : feb6de;
5481 : feb6de;
5482 : feb6de;
5483 : feb6de;
5484 : feb6de;
5485 : fdb5dd;
5486 : fcb4dc;
5487 : ffb7de;
5488 : feb6dd;
5489 : fcb4dc;
5490 : fdb5dd;
5491 : fdb5dd;
5492 : ffb5dd;
5493 : feb4dd;
5494 : f2add5;
5495 : e5a0c8;
5496 : e596c1;
5497 : e996c0;
5498 : e6a0c3;
5499 : e5b2cc;
5500 : edc3da;
5501 : d7abc6;
5502 : c394af;
5503 : c693af;
5504 : cc93b2;
5505 : da99ba;
5506 : e59dc0;
5507 : eca0c5;
5508 : eea2c7;
5509 : efa5ca;
5510 : eda2c8;
5511 : e99ec4;
5512 : e59bc1;
5513 : e59cc2;
5514 : e69dc3;
5515 : e89fc8;
5516 : eaa1cb;
5517 : eca2cd;
5518 : f0a4d0;
5519 : f2a5d2;
5520 : f4a5d3;
5521 : f7a5d4;
5522 : f7a5d5;
5523 : f4a5d4;
5524 : f1a4d3;
5525 : f1a5d3;
5526 : f2a5d3;
5527 : f1a4d2;
5528 : efa4d2;
5529 : eea3d1;
5530 : f2a5d4;
5531 : f4a6d5;
5532 : f1a4d3;
5533 : efa4d3;
5534 : eca3d1;
5535 : eca3d1;
5536 : eaa3d1;
5537 : eca3d1;
5538 : f09fd0;
5539 : f39ccf;
5540 : f49dcf;
5541 : f3a2d2;
5542 : f0a4d1;
5543 : f1a6d1;
5544 : f3a2d0;
5545 : f19ac8;
5546 : f19ac4;
5547 : eb99c2;
5548 : eb9ec5;
5549 : fcb2d9;
5550 : ffb9de;
5551 : fcb6de;
5552 : fbb6dd;
5553 : fab7da;
5554 : fbb8db;
5555 : fbb8db;
5556 : fbb8db;
5557 : fbb8db;
5558 : fbb8db;
5559 : fbb8db;
5560 : fcb8dc;
5561 : fbb8db;
5562 : fcb9dc;
5563 : ffbce1;
5564 : fcb5db;
5565 : e19abf;
5566 : dc92ba;
5567 : e69cc4;
5568 : e1a1c4;
5569 : d9a4c9;
5570 : c2a9d6;
5571 : a1b5e7;
5572 : 82c1f5;
5573 : 75c5f6;
5574 : 7cc2f0;
5575 : 80c0ef;
5576 : 7ec2f3;
5577 : 7ec2f3;
5578 : 7ec1f2;
5579 : 7fc1f2;
5580 : 80c1f3;
5581 : 82bff3;
5582 : 83bff4;
5583 : 81c0f5;
5584 : 81c0f5;
5585 : 81c0f5;
5586 : 81c0f5;
5587 : 81c0f5;
5588 : 81c0f5;
5589 : 81c0f5;
5590 : 81c0f5;
5591 : 81c0f5;
5592 : 81c0f5;
5593 : 81c0f5;
5594 : 81c0f5;
5595 : 81c0f5;
5596 : 81c0f5;
5597 : 81c0f5;
5598 : 81c0f5;
5599 : 81c0f5;
5600 : 81c0f5;
5601 : 81c0f5;
5602 : 81c0f5;
5603 : 81c0f5;
5604 : 81c0f5;
5605 : 81c0f5;
5606 : 81c0f5;
5607 : 81c0f5;
5608 : 81c0f5;
5609 : 81c0f5;
5610 : 81c0f5;
5611 : 81c0f5;
5612 : 81c0f5;
5613 : 81c0f5;
5614 : 81c0f5;
5615 : 81c0f5;
5616 : 81c0f5;
5617 : 81c0f5;
5618 : 81c0f5;
5619 : 81c0f5;
5620 : 81c0f5;
5621 : 81c0f6;
5622 : 81c0f3;
5623 : 84bff0;
5624 : 82bff5;
5625 : 76c6f7;
5626 : 69cef8;
5627 : 71ccf5;
5628 : 91bcef;
5629 : b1aeeb;
5630 : d1a1dc;
5631 : ed99cd;
5632 : ff96c1;
5633 : ff95b9;
5634 : f09cbf;
5635 : efacd1;
5636 : feb7e3;
5637 : ffb6e2;
5638 : fdb6dd;
5639 : feb7df;
5640 : fdb6de;
5641 : feb6de;
5642 : feb6de;
5643 : feb6de;
5644 : feb6de;
5645 : fcb6dc;
5646 : fcb6da;
5647 : fdb7dc;
5648 : fdb7dc;
5649 : fcb6db;
5650 : fcb6db;
5651 : fcb6db;
5652 : fbb7db;
5653 : fbb7db;
5654 : fab4d8;
5655 : efa8cd;
5656 : e19ac0;
5657 : e39ac1;
5658 : e99cc3;
5659 : ee9ec7;
5660 : f0acd1;
5661 : edafd2;
5662 : eaa9cc;
5663 : eaa4ca;
5664 : eba4ca;
5665 : eea5cb;
5666 : efa3cb;
5667 : eca2c8;
5668 : e8a1c2;
5669 : e8a0c3;
5670 : e9a0c5;
5671 : e8a0c5;
5672 : e9a1c9;
5673 : eca4cd;
5674 : efa6ce;
5675 : f2a7d3;
5676 : f6a9d8;
5677 : f6aad8;
5678 : f8abda;
5679 : faaddc;
5680 : fbafdd;
5681 : fcb1de;
5682 : fcb1df;
5683 : fdb2e0;
5684 : fdb2e0;
5685 : fdb2e0;
5686 : fdb1df;
5687 : fdb1df;
5688 : fdb1df;
5689 : fcb1df;
5690 : fcb3e0;
5691 : fcb5e1;
5692 : fdb4e1;
5693 : fdb4e1;
5694 : feb5e2;
5695 : feb5e2;
5696 : feb5e2;
5697 : feb4e2;
5698 : feb2e0;
5699 : ffb3e1;
5700 : ffb5e3;
5701 : ffb5e3;
5702 : feb2e0;
5703 : f8addb;
5704 : f0a5d3;
5705 : ec9dcb;
5706 : ed9ac8;
5707 : ea97c6;
5708 : ee9cc8;
5709 : feb1db;
5710 : ffb7df;
5711 : fab7db;
5712 : f9b8dc;
5713 : fbb7dc;
5714 : fbb7dc;
5715 : fbb7dc;
5716 : fbb7dc;
5717 : fbb7dc;
5718 : fbb7dc;
5719 : fbb7dc;
5720 : fbb6db;
5721 : fdb7dc;
5722 : ffb9de;
5723 : ffbce2;
5724 : f1a7ce;
5725 : dd90b7;
5726 : e396bd;
5727 : ec9cc3;
5728 : eaa0c2;
5729 : cdaacb;
5730 : a9b6de;
5731 : 95bcee;
5732 : 8fbdf5;
5733 : 8abef3;
5734 : 80c2ee;
5735 : 7cc4f0;
5736 : 7cc3f3;
5737 : 7bc4f1;
5738 : 7ac5f1;
5739 : 7bc4f2;
5740 : 7fc1f3;
5741 : 83bef6;
5742 : 86bdf6;
5743 : 82bff5;
5744 : 80c0f5;
5745 : 81c0f5;
5746 : 81c0f5;
5747 : 81c0f5;
5748 : 81c0f5;
5749 : 81c0f5;
5750 : 81c0f5;
5751 : 81c0f6;
5752 : 81c0f6;
5753 : 81c0f6;
5754 : 81c0f6;
5755 : 81c0f6;
5756 : 81c0f6;
5757 : 81c0f6;
5758 : 81c0f5;
5759 : 81c0f5;
5760 : 81c0f5;
5761 : 81c0f5;
5762 : 81c0f5;
5763 : 81c0f5;
5764 : 81c0f5;
5765 : 81c0f5;
5766 : 81c0f5;
5767 : 81c0f5;
5768 : 81c0f5;
5769 : 81c0f5;
5770 : 81c0f5;
5771 : 81c0f5;
5772 : 81c0f5;
5773 : 81c0f5;
5774 : 81c0f5;
5775 : 81c0f5;
5776 : 81c0f5;
5777 : 81c0f5;
5778 : 81c0f5;
5779 : 81c0f5;
5780 : 81c0f5;
5781 : 82c0f6;
5782 : 7fc0f4;
5783 : 7fc1f1;
5784 : 81c1f5;
5785 : 7bc3f7;
5786 : 71caf8;
5787 : 76c9f5;
5788 : 8ebeee;
5789 : a4b5eb;
5790 : b7abe1;
5791 : d2a2d5;
5792 : f399c6;
5793 : ff96bf;
5794 : f79ac1;
5795 : ea9dc4;
5796 : f2aacd;
5797 : ffb8dc;
5798 : ffbae2;
5799 : ffb7df;
5800 : feb7df;
5801 : feb6de;
5802 : feb6de;
5803 : feb6de;
5804 : feb6de;
5805 : fcb6dc;
5806 : fcb6da;
5807 : fdb7dc;
5808 : fdb7dc;
5809 : fcb6db;
5810 : fcb6db;
5811 : fcb6db;
5812 : fbb6db;
5813 : fcb8dc;
5814 : feb8dd;
5815 : f5afd4;
5816 : e79fc5;
5817 : e39ac0;
5818 : e79bc2;
5819 : eb9dc5;
5820 : eaa3c9;
5821 : e9a5cb;
5822 : eba4ca;
5823 : eaa2c8;
5824 : eea3ca;
5825 : efa3cc;
5826 : efa2cb;
5827 : eea2c8;
5828 : eba5c6;
5829 : eda6c9;
5830 : efa8cd;
5831 : f1aace;
5832 : f4acd3;
5833 : f7afd7;
5834 : f8b1d9;
5835 : fdb2de;
5836 : ffb3e2;
5837 : ffb3e2;
5838 : ffb4e2;
5839 : ffb5e2;
5840 : ffb5e3;
5841 : ffb5e3;
5842 : ffb5e3;
5843 : ffb4e2;
5844 : ffb4e2;
5845 : ffb4e2;
5846 : ffb4e2;
5847 : ffb5e3;
5848 : ffb5e3;
5849 : ffb5e3;
5850 : feb5e2;
5851 : feb5e2;
5852 : feb5e2;
5853 : feb5e2;
5854 : fdb4e1;
5855 : fdb4e1;
5856 : fdb4e1;
5857 : fdb4e1;
5858 : ffb5e3;
5859 : ffb5e3;
5860 : ffb4e2;
5861 : ffb6e4;
5862 : ffb6e3;
5863 : fdb0df;
5864 : f5a9d8;
5865 : ee9ecc;
5866 : ec99c7;
5867 : ea97c5;
5868 : ee9fca;
5869 : feb2dc;
5870 : ffb6de;
5871 : fab6db;
5872 : fab8dc;
5873 : fbb7dc;
5874 : fbb7dc;
5875 : fbb7dc;
5876 : fbb7dc;
5877 : fbb7dc;
5878 : fbb7dc;
5879 : fbb7dc;
5880 : fcb7dc;
5881 : fcb6da;
5882 : ffbae0;
5883 : fbb3d9;
5884 : e399bf;
5885 : df93ba;
5886 : ea9dc4;
5887 : ed9ec5;
5888 : e89ec6;
5889 : c7acd0;
5890 : 96c0e0;
5891 : 7bcaed;
5892 : 79c8f5;
5893 : 81c2f5;
5894 : 87bef1;
5895 : 87bdf2;
5896 : 85bef4;
5897 : 85bff2;
5898 : 83bff2;
5899 : 82c0f3;
5900 : 81c0f3;
5901 : 7fc1f4;
5902 : 7fc1f4;
5903 : 81c0f5;
5904 : 81c0f5;
5905 : 81c0f5;
5906 : 81c0f5;
5907 : 81c0f5;
5908 : 81c0f5;
5909 : 81c0f5;
5910 : 81c0f5;
5911 : 81c0f6;
5912 : 81c0f6;
5913 : 81c0f6;
5914 : 81c0f6;
5915 : 81c0f6;
5916 : 81c0f6;
5917 : 81c0f6;
5918 : 81c0f5;
5919 : 81c0f5;
5920 : 81c0f5;
5921 : 81c0f5;
5922 : 81c0f5;
5923 : 81c0f5;
5924 : 81c0f5;
5925 : 81c0f5;
5926 : 81c0f5;
5927 : 81c0f5;
5928 : 81c0f5;
5929 : 81c0f5;
5930 : 81c0f5;
5931 : 81c0f5;
5932 : 81c0f5;
5933 : 81c0f5;
5934 : 81c0f5;
5935 : 81c0f5;
5936 : 81c0f5;
5937 : 81c0f5;
5938 : 81c0f5;
5939 : 81c0f5;
5940 : 81c0f5;
5941 : 82bff5;
5942 : 7dc2f4;
5943 : 7ac4f3;
5944 : 80c0f5;
5945 : 80c1f6;
5946 : 7ac6f8;
5947 : 7bc7f5;
5948 : 86c2f0;
5949 : 91beee;
5950 : 9cbaec;
5951 : b5ade1;
5952 : dd9dce;
5953 : f994c6;
5954 : ff98c8;
5955 : f79ac3;
5956 : ed9cba;
5957 : f5a9c9;
5958 : fdb3de;
5959 : ffb7e1;
5960 : ffb8e1;
5961 : ffb6de;
5962 : ffb6de;
5963 : ffb5de;
5964 : feb6de;
5965 : fcb6dc;
5966 : fcb6da;
5967 : fdb7dc;
5968 : fdb7dc;
5969 : fcb6db;
5970 : fcb6db;
5971 : fcb6db;
5972 : fbb6db;
5973 : fcb8dd;
5974 : ffb9de;
5975 : fbb4d9;
5976 : eda5cb;
5977 : e59cc2;
5978 : e89bc3;
5979 : e89cc2;
5980 : ea9fc6;
5981 : eba0c7;
5982 : eca1c8;
5983 : efa3cb;
5984 : f3a5cd;
5985 : f5a7cf;
5986 : f6a7d0;
5987 : f6a9d0;
5988 : f5aed2;
5989 : f7afd4;
5990 : f9b1d6;
5991 : fbb3d9;
5992 : fdb5dc;
5993 : fdb5dd;
5994 : feb5e0;
5995 : ffb4e1;
5996 : ffb3e2;
5997 : ffb4e2;
5998 : ffb4e2;
5999 : ffb4e2;
6000 : ffb3e1;
6001 : ffb3e1;
6002 : ffb3e1;
6003 : feb2e0;
6004 : feb2e0;
6005 : feb2e0;
6006 : feb2e0;
6007 : feb2e0;
6008 : feb2e0;
6009 : feb2e0;
6010 : fdb3e0;
6011 : fcb3e0;
6012 : fcb3e0;
6013 : fcb3e0;
6014 : feb5e2;
6015 : feb5e2;
6016 : feb5e2;
6017 : feb5e2;
6018 : ffb5e3;
6019 : feb5e3;
6020 : feb5e2;
6021 : ffb6e3;
6022 : ffb5e3;
6023 : fcb2df;
6024 : f6addb;
6025 : eda0ce;
6026 : e998c6;
6027 : e796c4;
6028 : ef9fcb;
6029 : ffb3dc;
6030 : feb6de;
6031 : fab6db;
6032 : fab8dc;
6033 : fbb7dc;
6034 : fbb7dc;
6035 : fbb7dc;
6036 : fbb7dc;
6037 : fbb7dc;
6038 : fbb7dc;
6039 : fbb7dc;
6040 : fcb7dc;
6041 : ffb9de;
6042 : ffbbe1;
6043 : eaa2c8;
6044 : db90b7;
6045 : e99dc4;
6046 : eea1c8;
6047 : ed9dc5;
6048 : e99acb;
6049 : c9aad6;
6050 : 99c0e0;
6051 : 7dcbeb;
6052 : 7ac8f2;
6053 : 80c3f2;
6054 : 85c0f0;
6055 : 84bff0;
6056 : 82bff4;
6057 : 84bef4;
6058 : 85bef5;
6059 : 85bef5;
6060 : 83bff3;
6061 : 7ec2f3;
6062 : 7ac3f1;
6063 : 80c1f3;
6064 : 82c0f4;
6065 : 81c0f4;
6066 : 81c0f4;
6067 : 81c0f4;
6068 : 81c0f4;
6069 : 81c0f4;
6070 : 81c0f4;
6071 : 81c0f5;
6072 : 81c0f5;
6073 : 81c0f5;
6074 : 81c0f5;
6075 : 81c0f5;
6076 : 81c0f5;
6077 : 81c0f5;
6078 : 81c0f5;
6079 : 81c0f5;
6080 : 81c0f5;
6081 : 81c0f5;
6082 : 81c0f5;
6083 : 81c0f5;
6084 : 81c0f5;
6085 : 81c0f5;
6086 : 81c0f5;
6087 : 81c0f5;
6088 : 81c0f5;
6089 : 81c0f5;
6090 : 81c0f5;
6091 : 81c0f5;
6092 : 81c0f5;
6093 : 81c0f5;
6094 : 81c0f5;
6095 : 81c0f5;
6096 : 81c0f5;
6097 : 81c0f5;
6098 : 81c0f5;
6099 : 81c0f5;
6100 : 81c0f5;
6101 : 82bff5;
6102 : 7ec2f4;
6103 : 7ac4f4;
6104 : 80c0f5;
6105 : 82bff5;
6106 : 81c1f5;
6107 : 7dc3f2;
6108 : 7fc3ef;
6109 : 81c2ef;
6110 : 88c0f4;
6111 : a1b7eb;
6112 : c6a7db;
6113 : e897cf;
6114 : f991cb;
6115 : fc96c7;
6116 : f89bbc;
6117 : ef9cbd;
6118 : f0a2ce;
6119 : fbadd8;
6120 : ffb4de;
6121 : ffb6df;
6122 : ffb5de;
6123 : ffb3dd;
6124 : ffb4dd;
6125 : fdb6dc;
6126 : fcb6db;
6127 : fcb6db;
6128 : fcb6db;
6129 : fbb5da;
6130 : fcb6db;
6131 : fcb6db;
6132 : fbb6db;
6133 : fdb8dd;
6134 : feb9dd;
6135 : fdb6db;
6136 : f4acd2;
6137 : e79ec4;
6138 : e69ac1;
6139 : e99dc4;
6140 : ec9ec6;
6141 : ed9fc7;
6142 : f1a3cb;
6143 : f6a8d0;
6144 : f8abd3;
6145 : faacd4;
6146 : fcaed6;
6147 : fcb1d8;
6148 : fcb5d9;
6149 : fdb5db;
6150 : ffb6dc;
6151 : ffb8df;
6152 : ffb8e1;
6153 : ffb6e1;
6154 : ffb5e1;
6155 : ffb4e1;
6156 : ffb3e2;
6157 : ffb4e2;
6158 : ffb4e2;
6159 : ffb4e2;
6160 : ffb4e2;
6161 : ffb4e2;
6162 : ffb4e2;
6163 : ffb3e1;
6164 : ffb3e1;
6165 : ffb3e1;
6166 : ffb3e1;
6167 : ffb3e1;
6168 : ffb3e1;
6169 : ffb3e1;
6170 : feb4e1;
6171 : fdb4e1;
6172 : fdb4e1;
6173 : fdb4e1;
6174 : feb5e2;
6175 : feb5e2;
6176 : feb5e2;
6177 : feb5e2;
6178 : fdb4e1;
6179 : feb6e3;
6180 : feb6e3;
6181 : ffb6e3;
6182 : feb5e2;
6183 : fab2df;
6184 : fab1de;
6185 : f5aad6;
6186 : e99bc7;
6187 : e79ac6;
6188 : f3a5d0;
6189 : fdb1da;
6190 : feb6de;
6191 : fab6dc;
6192 : fab8dc;
6193 : fbb7dc;
6194 : fbb7dc;
6195 : fbb7dc;
6196 : fbb7dc;
6197 : fcb8dd;
6198 : fbb7dc;
6199 : f9b5da;
6200 : fcb7dc;
6201 : ffbfe3;
6202 : f4aed3;
6203 : dd95bb;
6204 : e298bf;
6205 : e99dc4;
6206 : ea9ec5;
6207 : ea9cc3;
6208 : ea99cb;
6209 : d7a3d5;
6210 : bbb0dc;
6211 : a6b5e1;
6212 : 9cb8e8;
6213 : 90bdea;
6214 : 80c4e9;
6215 : 78c7ec;
6216 : 78c5ef;
6217 : 7bc3f1;
6218 : 7ec0f3;
6219 : 82bff5;
6220 : 83c0f4;
6221 : 81c0f3;
6222 : 80c1f1;
6223 : 81c0f2;
6224 : 81c0f3;
6225 : 81c0f3;
6226 : 81c0f3;
6227 : 81c0f3;
6228 : 81c0f3;
6229 : 81c0f3;
6230 : 81c0f4;
6231 : 81c0f5;
6232 : 81c0f5;
6233 : 81c0f5;
6234 : 81c0f5;
6235 : 81c0f5;
6236 : 81c0f5;
6237 : 81c0f5;
6238 : 81c0f5;
6239 : 81c0f5;
6240 : 81c0f5;
6241 : 81c0f5;
6242 : 81c0f5;
6243 : 81c0f5;
6244 : 81c0f5;
6245 : 81c0f5;
6246 : 81c0f5;
6247 : 81c0f5;
6248 : 81c0f5;
6249 : 81c0f5;
6250 : 81c0f5;
6251 : 81c0f5;
6252 : 81c0f5;
6253 : 81c0f5;
6254 : 81c0f5;
6255 : 81c0f5;
6256 : 81c0f5;
6257 : 81c0f5;
6258 : 81c0f5;
6259 : 81c0f5;
6260 : 81c0f5;
6261 : 82c0f5;
6262 : 80c0f5;
6263 : 7dc1f5;
6264 : 7ec1f5;
6265 : 80c0f4;
6266 : 82c0f2;
6267 : 81c0f2;
6268 : 7ec1f1;
6269 : 7bc2f1;
6270 : 7ec2f6;
6271 : 8fbef0;
6272 : abb4e4;
6273 : c9a5da;
6274 : e099d4;
6275 : ef96ce;
6276 : f899c3;
6277 : f29ac0;
6278 : ea9ac5;
6279 : ec9cc7;
6280 : f3a5d0;
6281 : fcaed8;
6282 : ffb5de;
6283 : ffb6df;
6284 : ffb4dd;
6285 : fdb5db;
6286 : fcb6db;
6287 : fcb6db;
6288 : fcb6db;
6289 : fcb6db;
6290 : fcb6db;
6291 : fcb6db;
6292 : fbb5da;
6293 : fbb6db;
6294 : fdb7dc;
6295 : fcb5da;
6296 : f8b0d6;
6297 : eca2c8;
6298 : e498bf;
6299 : e99dc4;
6300 : eda0c7;
6301 : efa2ca;
6302 : f5a9d0;
6303 : fbaed5;
6304 : fdb2d9;
6305 : fcb4da;
6306 : fdb6db;
6307 : fdb7db;
6308 : fdb5da;
6309 : feb6db;
6310 : ffb7de;
6311 : ffb7de;
6312 : feb5df;
6313 : feb5e1;
6314 : ffb6e2;
6315 : ffb5e3;
6316 : ffb4e2;
6317 : ffb4e2;
6318 : ffb4e2;
6319 : ffb4e2;
6320 : ffb4e2;
6321 : ffb4e2;
6322 : ffb4e2;
6323 : feb2e0;
6324 : feb2e0;
6325 : feb2e0;
6326 : feb2e0;
6327 : ffb3e1;
6328 : ffb3e1;
6329 : ffb3e1;
6330 : feb4e1;
6331 : fdb4e1;
6332 : fdb4e1;
6333 : fdb4e1;
6334 : fdb4e1;
6335 : fdb4e1;
6336 : fdb4e1;
6337 : fdb4e1;
6338 : feb5e2;
6339 : ffb6e3;
6340 : feb6e2;
6341 : fdb5e1;
6342 : fdb5e1;
6343 : fcb3e0;
6344 : fdb4e1;
6345 : fdb3df;
6346 : f3a8d3;
6347 : f3a7d3;
6348 : fcafd9;
6349 : fdb1db;
6350 : fdb5dd;
6351 : fab7dc;
6352 : fab8dc;
6353 : fbb7dc;
6354 : fbb7dc;
6355 : fbb7dc;
6356 : fbb7dc;
6357 : fab6db;
6358 : fbb7dc;
6359 : fcb8dd;
6360 : ffbbe0;
6361 : fbb4d9;
6362 : de97bc;
6363 : db93b9;
6364 : e89ec4;
6365 : e79bc2;
6366 : e69ac0;
6367 : ea9dc4;
6368 : ec9aca;
6369 : e39bcd;
6370 : dc9ed1;
6371 : d7a0d5;
6372 : caa3d9;
6373 : b0afdf;
6374 : 90bedf;
6375 : 81c5e2;
6376 : 7fc3e7;
6377 : 7dc3ea;
6378 : 7bc2f0;
6379 : 7cc2f4;
6380 : 7ec2f3;
6381 : 84bff1;
6382 : 86bff1;
6383 : 82c0f3;
6384 : 80c0f3;
6385 : 81c0f3;
6386 : 81c0f3;
6387 : 81c0f3;
6388 : 81c0f3;
6389 : 81c0f3;
6390 : 81c0f3;
6391 : 81c0f3;
6392 : 81c0f3;
6393 : 81c0f3;
6394 : 81c0f3;
6395 : 81c0f3;
6396 : 81c0f3;
6397 : 81c0f3;
6398 : 81c0f5;
6399 : 81c0f5;
6400 : 81c0f5;
6401 : 81c0f5;
6402 : 81c0f5;
6403 : 81c0f5;
6404 : 81c0f5;
6405 : 81c0f5;
6406 : 81c0f5;
6407 : 81c0f5;
6408 : 81c0f5;
6409 : 81c0f5;
6410 : 81c0f5;
6411 : 81c0f5;
6412 : 81c0f5;
6413 : 81c0f5;
6414 : 81c0f5;
6415 : 81c0f5;
6416 : 81c0f5;
6417 : 81c0f5;
6418 : 81c0f5;
6419 : 81c0f5;
6420 : 81c0f5;
6421 : 81c0f5;
6422 : 83bff5;
6423 : 81c0f5;
6424 : 7dc2f4;
6425 : 7cc2f3;
6426 : 7fc1f3;
6427 : 83bff3;
6428 : 82bff3;
6429 : 7ec2f5;
6430 : 7ac4f8;
6431 : 7dc5f0;
6432 : 8cc0e5;
6433 : a5b7e2;
6434 : c1a9df;
6435 : da9dd6;
6436 : eb98cb;
6437 : f09ac6;
6438 : f09cc8;
6439 : ed9ac6;
6440 : e999c4;
6441 : eda0ca;
6442 : f9acd6;
6443 : ffb5de;
6444 : ffb7df;
6445 : fdb7dd;
6446 : fcb6db;
6447 : fcb6db;
6448 : fcb6db;
6449 : fdb7dc;
6450 : fcb7dc;
6451 : fcb6db;
6452 : fab6db;
6453 : f8b5da;
6454 : fab5da;
6455 : fbb4d9;
6456 : fbb3da;
6457 : f2a9d0;
6458 : e69ac1;
6459 : e99cc4;
6460 : efa2ca;
6461 : f1a6cd;
6462 : f7add4;
6463 : fbb3d9;
6464 : fbb6db;
6465 : f9b7dc;
6466 : f7b9dc;
6467 : fab8dc;
6468 : fdb5db;
6469 : fdb5da;
6470 : fdb5db;
6471 : fdb4de;
6472 : fdb4df;
6473 : feb5e1;
6474 : feb5e3;
6475 : ffb4e2;
6476 : ffb4e2;
6477 : ffb4e2;
6478 : ffb4e2;
6479 : ffb4e2;
6480 : ffb4e2;
6481 : ffb4e2;
6482 : ffb4e2;
6483 : feb2e0;
6484 : feb2e0;
6485 : feb2e0;
6486 : feb2e0;
6487 : ffb3e1;
6488 : ffb3e1;
6489 : ffb3e1;
6490 : feb4e1;
6491 : fdb4e1;
6492 : fdb4e1;
6493 : feb5e2;
6494 : feb5e2;
6495 : feb5e2;
6496 : ffb6e3;
6497 : ffb7e4;
6498 : ffb8e4;
6499 : fdb6e2;
6500 : fdb6e2;
6501 : fdb6e2;
6502 : fdb6e2;
6503 : fdb6e2;
6504 : fab4e0;
6505 : fab2de;
6506 : fcb1dd;
6507 : fdb1dd;
6508 : ffb3dd;
6509 : feb2dc;
6510 : feb5de;
6511 : f9b6db;
6512 : f8b7da;
6513 : fbb7dc;
6514 : fbb7dc;
6515 : fbb7dc;
6516 : fbb7dc;
6517 : fab7db;
6518 : fab7db;
6519 : febbdf;
6520 : ffbbdf;
6521 : e49ec3;
6522 : d58eb3;
6523 : df97bd;
6524 : e398c0;
6525 : e99bc4;
6526 : e89bc2;
6527 : e698bf;
6528 : ec99c3;
6529 : ea9bc5;
6530 : e799c5;
6531 : ec98c9;
6532 : e797cd;
6533 : d0a0d3;
6534 : b3aed5;
6535 : a0b7d9;
6536 : 99b9e0;
6537 : 91bbe6;
6538 : 83c1ed;
6539 : 7ac3f3;
6540 : 7ac2f5;
6541 : 81c0f3;
6542 : 87bef2;
6543 : 82c0f3;
6544 : 80c0f3;
6545 : 81c0f3;
6546 : 82c0f2;
6547 : 82c0f2;
6548 : 82c0f2;
6549 : 81c1f2;
6550 : 81c1f3;
6551 : 81c0f3;
6552 : 81c0f3;
6553 : 81c0f3;
6554 : 81c0f3;
6555 : 81c0f3;
6556 : 81c0f3;
6557 : 81c0f3;
6558 : 81c0f5;
6559 : 81c0f5;
6560 : 81c0f5;
6561 : 81c0f5;
6562 : 81c0f5;
6563 : 81c0f5;
6564 : 81c0f5;
6565 : 81c0f5;
6566 : 81c0f5;
6567 : 81c0f5;
6568 : 81c0f5;
6569 : 81c0f5;
6570 : 81c0f5;
6571 : 81c0f5;
6572 : 81c0f5;
6573 : 81c0f5;
6574 : 81c0f5;
6575 : 81c0f5;
6576 : 81c0f5;
6577 : 81c0f5;
6578 : 81c0f5;
6579 : 81c0f5;
6580 : 81c0f5;
6581 : 81c0f5;
6582 : 82bff5;
6583 : 82bff5;
6584 : 7ec2f4;
6585 : 7cc3f3;
6586 : 7fc1f3;
6587 : 83bff3;
6588 : 83bef5;
6589 : 81c0f5;
6590 : 7bc3f3;
6591 : 75c7f0;
6592 : 76c9ec;
6593 : 8bc1ec;
6594 : adb1e7;
6595 : cca3db;
6596 : e09dd0;
6597 : ea9bc8;
6598 : ef9bc6;
6599 : ec9ac5;
6600 : e897c2;
6601 : e797c2;
6602 : ed9ec9;
6603 : f7aad4;
6604 : feb3dc;
6605 : feb7dd;
6606 : fcb6db;
6607 : fcb6db;
6608 : fcb6db;
6609 : fdb7dc;
6610 : fdb7dc;
6611 : fcb6db;
6612 : f9b3d8;
6613 : fab4d9;
6614 : fbb4d9;
6615 : f9b1d7;
6616 : fcb3d9;
6617 : f8afd5;
6618 : ea9ec5;
6619 : e397be;
6620 : e69bc2;
6621 : efa7cd;
6622 : f9b2d7;
6623 : fbb6da;
6624 : f9b7db;
6625 : f9b8db;
6626 : f7badb;
6627 : f9b8dc;
6628 : feb6dd;
6629 : feb5dc;
6630 : fdb5dc;
6631 : feb5df;
6632 : feb5e0;
6633 : fdb4e0;
6634 : fcb4e0;
6635 : feb4e1;
6636 : ffb4e2;
6637 : ffb4e2;
6638 : ffb4e2;
6639 : ffb4e2;
6640 : ffb4e2;
6641 : ffb4e2;
6642 : ffb4e2;
6643 : ffb3e2;
6644 : ffb4e2;
6645 : ffb4e2;
6646 : ffb3e2;
6647 : ffb4e2;
6648 : ffb3e1;
6649 : ffb3e1;
6650 : feb4e2;
6651 : feb5e3;
6652 : feb5e2;
6653 : feb5e2;
6654 : fdb4e2;
6655 : fcb3e0;
6656 : f9b0de;
6657 : f8b0dd;
6658 : f7b0dd;
6659 : f5aedb;
6660 : f4add9;
6661 : f6afdb;
6662 : f9b2df;
6663 : fcb4e1;
6664 : fbb4e0;
6665 : fcb4df;
6666 : fdb5df;
6667 : feb4de;
6668 : feb3dc;
6669 : feb4dd;
6670 : feb6de;
6671 : fbb6dc;
6672 : fbb6db;
6673 : fcb7dd;
6674 : fcb7dd;
6675 : fcb7dd;
6676 : fcb7dd;
6677 : fcb7dd;
6678 : fdb8de;
6679 : fdb9df;
6680 : f1aad0;
6681 : d892b7;
6682 : d992b7;
6683 : e098be;
6684 : da91b7;
6685 : e89dc4;
6686 : f4aad1;
6687 : ea9fc6;
6688 : e899c0;
6689 : e89dc2;
6690 : e59cc0;
6691 : e999c1;
6692 : eb97c5;
6693 : e299c7;
6694 : d69ec8;
6695 : c8a5cf;
6696 : b4aed8;
6697 : 9db7e0;
6698 : 84c1e8;
6699 : 79c5ef;
6700 : 7ac4f3;
6701 : 80c1f2;
6702 : 84c0f0;
6703 : 81c1ef;
6704 : 81c1ef;
6705 : 81c0f0;
6706 : 7fc1f2;
6707 : 7dc2f2;
6708 : 7ec2f2;
6709 : 80c1f1;
6710 : 81c0f2;
6711 : 81c0f3;
6712 : 81c0f4;
6713 : 81c0f4;
6714 : 81c0f4;
6715 : 81c0f4;
6716 : 81c0f4;
6717 : 81c0f4;
6718 : 81c0f5;
6719 : 81c0f5;
6720 : 81c0f5;
6721 : 81c0f5;
6722 : 81c0f5;
6723 : 81c0f5;
6724 : 81c0f5;
6725 : 81c0f5;
6726 : 81c0f5;
6727 : 81c0f5;
6728 : 81c0f5;
6729 : 81c0f5;
6730 : 81c0f5;
6731 : 81c0f5;
6732 : 81c0f5;
6733 : 81c0f5;
6734 : 81c0f5;
6735 : 81c0f5;
6736 : 81c0f5;
6737 : 81c0f5;
6738 : 81c0f5;
6739 : 81c0f5;
6740 : 81c0f5;
6741 : 81c0f5;
6742 : 81c0f5;
6743 : 81c0f5;
6744 : 81c0f5;
6745 : 81c0f4;
6746 : 81c0f3;
6747 : 81c0f3;
6748 : 81c0f3;
6749 : 81c1f1;
6750 : 83bfec;
6751 : 7dc2f0;
6752 : 78c5f5;
6753 : 82c1f5;
6754 : 9bb7eb;
6755 : bbabdb;
6756 : d1a4d0;
6757 : e49cc7;
6758 : f299c6;
6759 : f29eca;
6760 : f29eca;
6761 : ef9bc8;
6762 : ee99c6;
6763 : f19cc8;
6764 : f5a0cc;
6765 : f6aad1;
6766 : fdb7da;
6767 : ffb9dd;
6768 : feb5da;
6769 : fcb4d9;
6770 : f6add2;
6771 : e79fc3;
6772 : e49bc0;
6773 : f0a6cb;
6774 : f9afd4;
6775 : fbb1d6;
6776 : fcb2d7;
6777 : f9afd4;
6778 : eba1c5;
6779 : d88eb3;
6780 : da92b7;
6781 : efa7cc;
6782 : fbb3d7;
6783 : fbb4d8;
6784 : fbb5d9;
6785 : fcb5da;
6786 : fdb7da;
6787 : fdb7dc;
6788 : feb5e0;
6789 : feb5e0;
6790 : feb5e0;
6791 : feb5e0;
6792 : fdb4df;
6793 : fdb4df;
6794 : fdb4df;
6795 : feb4e1;
6796 : ffb4e3;
6797 : ffb4e2;
6798 : ffb4e2;
6799 : ffb4e2;
6800 : ffb4e2;
6801 : ffb4e2;
6802 : ffb3e2;
6803 : ffb3e2;
6804 : ffb4e3;
6805 : ffb4e3;
6806 : ffb6e5;
6807 : ffb4e4;
6808 : ffb5e5;
6809 : ffb6e6;
6810 : ffb6e3;
6811 : fdb4df;
6812 : f6adda;
6813 : f2a9d5;
6814 : eea5d1;
6815 : e9a0cc;
6816 : e49bc7;
6817 : e198c4;
6818 : e198c4;
6819 : e096c3;
6820 : dd94c0;
6821 : de95c1;
6822 : e59cc8;
6823 : f2a9d5;
6824 : feb5e2;
6825 : ffb9e2;
6826 : feb7dd;
6827 : fcb4dc;
6828 : fcb5dd;
6829 : feb6de;
6830 : feb6de;
6831 : feb6de;
6832 : feb6de;
6833 : fdb6de;
6834 : fdb6de;
6835 : fdb6de;
6836 : feb7df;
6837 : feb7df;
6838 : ffbae2;
6839 : f0aad2;
6840 : d990b8;
6841 : d991b7;
6842 : df97bd;
6843 : db93b9;
6844 : de97bc;
6845 : f5b0d5;
6846 : ffbbdf;
6847 : feb9dd;
6848 : f5afd4;
6849 : e79fc5;
6850 : e39cc1;
6851 : e29bc0;
6852 : e49cc1;
6853 : e69dc1;
6854 : ea99bd;
6855 : e49cc7;
6856 : cda5d4;
6857 : b0b1d9;
6858 : 91bee1;
6859 : 80c4e9;
6860 : 7cc4ee;
6861 : 7ec2ef;
6862 : 80c1ed;
6863 : 7fc1ec;
6864 : 80c0ed;
6865 : 80bff1;
6866 : 7cc0f4;
6867 : 78c4f4;
6868 : 79c3f4;
6869 : 81bef2;
6870 : 83bdf3;
6871 : 80bff4;
6872 : 81c0f5;
6873 : 81c0f5;
6874 : 81c0f5;
6875 : 81c0f5;
6876 : 81c0f5;
6877 : 81c0f5;
6878 : 81c0f5;
6879 : 81c0f5;
6880 : 81c0f5;
6881 : 81c0f5;
6882 : 81c0f5;
6883 : 81c0f5;
6884 : 81c0f5;
6885 : 81c0f5;
6886 : 81c0f5;
6887 : 81c0f5;
6888 : 81c0f5;
6889 : 81c0f5;
6890 : 81c0f5;
6891 : 81c0f5;
6892 : 81c0f5;
6893 : 81c0f5;
6894 : 81c0f5;
6895 : 81c0f5;
6896 : 81c0f5;
6897 : 81c0f5;
6898 : 81c0f5;
6899 : 81c0f5;
6900 : 81c0f5;
6901 : 81c0f5;
6902 : 81c0f5;
6903 : 81c0f5;
6904 : 81c0f5;
6905 : 81c0f4;
6906 : 81c0f3;
6907 : 81c0f3;
6908 : 81c0f3;
6909 : 80c1f1;
6910 : 7ec2f0;
6911 : 86bef3;
6912 : 8ebbf7;
6913 : 89bff4;
6914 : 87c2ec;
6915 : a0badf;
6916 : c4aad4;
6917 : e59cca;
6918 : f498c5;
6919 : f49dca;
6920 : f69fcc;
6921 : f69ecc;
6922 : f29bc9;
6923 : ef98c5;
6924 : ed96c3;
6925 : eb9dc5;
6926 : eea4c9;
6927 : f4a8ce;
6928 : ffb5db;
6929 : fcb1d7;
6930 : e699bf;
6931 : dd90b6;
6932 : e094ba;
6933 : e69cc1;
6934 : f0a6cb;
6935 : fcb2d7;
6936 : ffb9de;
6937 : fdb3d8;
6938 : f8add2;
6939 : f4aacf;
6940 : f4abd0;
6941 : fab2d7;
6942 : fcb5da;
6943 : fbb3d8;
6944 : fbb5d9;
6945 : fbb6da;
6946 : fcb7da;
6947 : fdb6dc;
6948 : feb5e0;
6949 : feb5e0;
6950 : feb5e0;
6951 : feb5e0;
6952 : fdb4df;
6953 : fdb4df;
6954 : fdb4df;
6955 : feb4e1;
6956 : ffb4e3;
6957 : ffb4e2;
6958 : ffb4e2;
6959 : ffb4e2;
6960 : ffb4e2;
6961 : ffb4e2;
6962 : ffb4e2;
6963 : ffb4e2;
6964 : ffb3e2;
6965 : ffb6e4;
6966 : ffb6e4;
6967 : ffb3e2;
6968 : fdb2e0;
6969 : f8acdb;
6970 : f0a6d2;
6971 : eba2cd;
6972 : e89fc9;
6973 : e49bc5;
6974 : e299c4;
6975 : e097c2;
6976 : de95c0;
6977 : e097c1;
6978 : e299c4;
6979 : e097c2;
6980 : de95bf;
6981 : dd94bf;
6982 : e39ac5;
6983 : f0a7d1;
6984 : fbb2dc;
6985 : ffb7e0;
6986 : ffb8df;
6987 : ffb7df;
6988 : ffb7df;
6989 : ffb7df;
6990 : ffb7df;
6991 : ffb7df;
6992 : ffb7df;
6993 : fdb6de;
6994 : fdb6de;
6995 : fdb6de;
6996 : fdb6de;
6997 : fdb6de;
6998 : ffb8e0;
6999 : eca5cd;
7000 : d58eb5;
7001 : da92b8;
7002 : da92b8;
7003 : da92b8;
7004 : f5b0d5;
7005 : ffbfe3;
7006 : fbb5da;
7007 : fcb6db;
7008 : ffb9df;
7009 : fdb5db;
7010 : efa6cc;
7011 : e59dc3;
7012 : e29ac0;
7013 : e59dc2;
7014 : e89ec2;
7015 : e39fc8;
7016 : df9ecf;
7017 : dc9ed4;
7018 : c4a7de;
7019 : 9cb7e5;
7020 : 7ec5eb;
7021 : 79c7ee;
7022 : 7ec3ef;
7023 : 7dc2f0;
7024 : 7fc0f2;
7025 : 82bef3;
7026 : 82bdf4;
7027 : 82bdf5;
7028 : 82bef4;
7029 : 84bdf1;
7030 : 82bef2;
7031 : 80bff4;
7032 : 81c0f5;
7033 : 81c0f5;
7034 : 81c0f5;
7035 : 81c0f5;
7036 : 81c0f5;
7037 : 81c0f5;
7038 : 81c0f5;
7039 : 81c0f5;
7040 : 81c0f5;
7041 : 81c0f5;
7042 : 81c0f5;
7043 : 81c0f5;
7044 : 81c0f5;
7045 : 81c0f5;
7046 : 81c0f5;
7047 : 81c0f5;
7048 : 81c0f5;
7049 : 81c0f5;
7050 : 81c0f5;
7051 : 81c0f5;
7052 : 81c0f5;
7053 : 81c0f5;
7054 : 81c0f5;
7055 : 81c0f5;
7056 : 81c0f5;
7057 : 81c0f5;
7058 : 81c0f5;
7059 : 81c0f5;
7060 : 81c0f5;
7061 : 81c0f5;
7062 : 81c0f5;
7063 : 81c0f5;
7064 : 81c0f5;
7065 : 81c0f4;
7066 : 81c0f3;
7067 : 81c0f3;
7068 : 82c0f3;
7069 : 80c1f1;
7070 : 77c7f1;
7071 : 80c3f4;
7072 : 8ebcf6;
7073 : 8bbff4;
7074 : 8bc2ec;
7075 : a3b9e0;
7076 : cba7d7;
7077 : ec9bcd;
7078 : f697c5;
7079 : ef95c4;
7080 : ec94c1;
7081 : ec94c1;
7082 : ee95c3;
7083 : f097c5;
7084 : f39ac8;
7085 : eb99c2;
7086 : e495bb;
7087 : ec9cc3;
7088 : f8a8cf;
7089 : f5a5cc;
7090 : e393bb;
7091 : ea99c0;
7092 : f0a2c8;
7093 : e99fc4;
7094 : e49abf;
7095 : e59bc0;
7096 : f3a8cd;
7097 : ffbadf;
7098 : ffbfe4;
7099 : ffbde2;
7100 : ffbce1;
7101 : ffb9de;
7102 : fdb5da;
7103 : fbb3d8;
7104 : fbb4d9;
7105 : fbb5d9;
7106 : fcb7da;
7107 : fdb6dc;
7108 : feb5e0;
7109 : feb5e0;
7110 : feb5e0;
7111 : feb5e0;
7112 : fdb4df;
7113 : fdb4df;
7114 : fdb4df;
7115 : feb4e1;
7116 : ffb4e3;
7117 : ffb4e2;
7118 : ffb4e2;
7119 : ffb4e2;
7120 : ffb4e2;
7121 : ffb4e2;
7122 : ffb5e3;
7123 : ffb8e5;
7124 : ffb9e7;
7125 : ffb5e3;
7126 : fbafdc;
7127 : f3a7d5;
7128 : eda0cf;
7129 : e69ac9;
7130 : e298c5;
7131 : e29ac5;
7132 : e39ac6;
7133 : e49bc6;
7134 : e59cc8;
7135 : e39ac5;
7136 : e097c2;
7137 : df96c1;
7138 : df96c1;
7139 : df96c1;
7140 : dd94c0;
7141 : de95c0;
7142 : e59cc7;
7143 : eea5d1;
7144 : f6add8;
7145 : fcb3dc;
7146 : ffb7de;
7147 : ffb7df;
7148 : ffb7df;
7149 : ffb7df;
7150 : ffb7df;
7151 : ffb7df;
7152 : ffb7df;
7153 : fdb6de;
7154 : fdb6de;
7155 : fdb6de;
7156 : fdb6de;
7157 : feb7df;
7158 : fdb6de;
7159 : eca5ce;
7160 : da93ba;
7161 : d78fb5;
7162 : d68eb4;
7163 : e8a0c6;
7164 : feb9de;
7165 : feb8dd;
7166 : fab5d9;
7167 : fbb5da;
7168 : fdb5db;
7169 : ffb8df;
7170 : ffb9df;
7171 : f7afd5;
7172 : eba3c9;
7173 : e39bc1;
7174 : e49dc2;
7175 : e79ec6;
7176 : ed9aca;
7177 : f494cd;
7178 : e998d5;
7179 : c2a7dd;
7180 : 9bb8e4;
7181 : 84c2ea;
7182 : 7dc5ee;
7183 : 79c4f1;
7184 : 7ac1f2;
7185 : 7fbff3;
7186 : 83bcf4;
7187 : 86bbf5;
7188 : 86bcf4;
7189 : 81bff0;
7190 : 7fbff1;
7191 : 80bff5;
7192 : 81c0f5;
7193 : 81c0f5;
7194 : 81c0f5;
7195 : 81c0f5;
7196 : 81c0f5;
7197 : 81c0f5;
7198 : 81c0f5;
7199 : 81c0f5;
7200 : 81c0f5;
7201 : 81c0f5;
7202 : 81c0f5;
7203 : 81c0f5;
7204 : 81c0f5;
7205 : 81c0f5;
7206 : 81c0f5;
7207 : 81c0f5;
7208 : 81c0f5;
7209 : 81c0f5;
7210 : 81c0f5;
7211 : 81c0f5;
7212 : 81c0f5;
7213 : 81c0f5;
7214 : 81c0f5;
7215 : 81c0f5;
7216 : 81c0f5;
7217 : 81c0f5;
7218 : 81c0f5;
7219 : 81c0f5;
7220 : 81c0f5;
7221 : 81c0f5;
7222 : 81c0f5;
7223 : 81c0f5;
7224 : 81c0f5;
7225 : 81c0f4;
7226 : 81c0f3;
7227 : 81c0f3;
7228 : 82bff3;
7229 : 82c2f2;
7230 : 75c9ed;
7231 : 73cbee;
7232 : 7fc6f0;
7233 : 92bdee;
7234 : aeb1e5;
7235 : cda4db;
7236 : e49ad4;
7237 : f39bce;
7238 : f69bc8;
7239 : ee95c3;
7240 : ea91bf;
7241 : e88fbe;
7242 : ea92bf;
7243 : ed95c2;
7244 : ef96c4;
7245 : ea98c0;
7246 : e99ac0;
7247 : ec9cc3;
7248 : e998bf;
7249 : e898bf;
7250 : e898bf;
7251 : eb99c1;
7252 : eb9cc3;
7253 : e89ec3;
7254 : e399be;
7255 : da90b5;
7256 : da90b5;
7257 : e89ec3;
7258 : fab0d5;
7259 : ffbadf;
7260 : ffbce1;
7261 : ffbadf;
7262 : feb6db;
7263 : fdb4d9;
7264 : fcb4d9;
7265 : fcb4d9;
7266 : fcb5d8;
7267 : fbb4da;
7268 : fcb3de;
7269 : fdb4df;
7270 : fdb4df;
7271 : fdb4df;
7272 : fdb4df;
7273 : fdb4df;
7274 : fdb4df;
7275 : feb4e1;
7276 : ffb5e3;
7277 : ffb4e2;
7278 : ffb3e1;
7279 : ffb4e2;
7280 : ffb3e1;
7281 : ffb5e3;
7282 : ffb8e6;
7283 : ffb6e4;
7284 : f6aad9;
7285 : ea9ecc;
7286 : e69ac8;
7287 : e89cca;
7288 : e99dcb;
7289 : e99dcb;
7290 : e79dc9;
7291 : e49bc6;
7292 : e299c4;
7293 : e198c3;
7294 : df96c1;
7295 : df96c2;
7296 : e097c2;
7297 : df96c1;
7298 : e097c2;
7299 : e198c3;
7300 : e299c5;
7301 : e69dc8;
7302 : eda4cf;
7303 : f5acd7;
7304 : fcb3df;
7305 : feb6df;
7306 : ffb7de;
7307 : ffb7df;
7308 : ffb7df;
7309 : ffb7df;
7310 : ffb7df;
7311 : ffb7df;
7312 : ffb7df;
7313 : feb6de;
7314 : feb6de;
7315 : feb6de;
7316 : fdb5dd;
7317 : fdb5dd;
7318 : fdb5dd;
7319 : f9b1da;
7320 : eca4cb;
7321 : de96bc;
7322 : e8a0c6;
7323 : fcb4da;
7324 : feb7dc;
7325 : fcb6db;
7326 : fcb6db;
7327 : fcb5da;
7328 : feb6dc;
7329 : fcb3da;
7330 : fdb5db;
7331 : ffb9df;
7332 : feb6dc;
7333 : f4acd2;
7334 : e7a1c6;
7335 : e899c1;
7336 : ed9ac5;
7337 : e79ec7;
7338 : e59ccb;
7339 : e19ad2;
7340 : cca2dc;
7341 : a3b5e5;
7342 : 83c3ea;
7343 : 7cc3ed;
7344 : 7ac4ee;
7345 : 79c3f1;
7346 : 7dc0f3;
7347 : 83bdf3;
7348 : 83bdf3;
7349 : 7bc2f1;
7350 : 7bc2f1;
7351 : 81bff5;
7352 : 81c0f5;
7353 : 81c0f5;
7354 : 81c0f5;
7355 : 81c0f5;
7356 : 81c0f5;
7357 : 81c0f5;
7358 : 81c0f5;
7359 : 81c0f5;
7360 : 81c0f5;
7361 : 81c0f5;
7362 : 81c0f5;
7363 : 81c0f5;
7364 : 81c0f5;
7365 : 81c0f5;
7366 : 81c0f5;
7367 : 81c0f5;
7368 : 81c0f5;
7369 : 81c0f5;
7370 : 81c0f5;
7371 : 81c0f5;
7372 : 81c0f5;
7373 : 81c0f5;
7374 : 81c0f5;
7375 : 81c0f5;
7376 : 81c0f5;
7377 : 81c0f5;
7378 : 81c0f5;
7379 : 81c0f5;
7380 : 81c0f5;
7381 : 81c0f5;
7382 : 81c0f5;
7383 : 81c0f5;
7384 : 81c0f5;
7385 : 81c0f4;
7386 : 81c0f3;
7387 : 81c0f3;
7388 : 81c0f4;
7389 : 82c2f2;
7390 : 81c5e6;
7391 : 80c7e3;
7392 : 8ec1e6;
7393 : afb1e1;
7394 : d69fda;
7395 : f295d3;
7396 : f993cc;
7397 : f196c6;
7398 : eb99c4;
7399 : f09dc9;
7400 : f4a1cd;
7401 : f5a1cd;
7402 : f19eca;
7403 : ee9ac6;
7404 : ea97c3;
7405 : e899c1;
7406 : e799bf;
7407 : e698bf;
7408 : ea9cc3;
7409 : ea9bc2;
7410 : e698bf;
7411 : e89ac1;
7412 : e598be;
7413 : e298bd;
7414 : e59bc0;
7415 : e79dc2;
7416 : e298bd;
7417 : d98fb4;
7418 : dd92b7;
7419 : e99ec3;
7420 : f5aad0;
7421 : ffb6dc;
7422 : ffbce0;
7423 : ffb9de;
7424 : ffb7dc;
7425 : fcb4d9;
7426 : fbb4d8;
7427 : fcb4db;
7428 : fcb3de;
7429 : fdb4df;
7430 : fdb4df;
7431 : fdb4df;
7432 : fdb4df;
7433 : fdb4df;
7434 : fdb4df;
7435 : feb3e0;
7436 : ffb4e2;
7437 : ffb4e2;
7438 : ffb4e2;
7439 : ffb4e2;
7440 : ffb6e4;
7441 : fdb1df;
7442 : f5a8d6;
7443 : ed9fce;
7444 : e498c5;
7445 : e296c3;
7446 : e69ac8;
7447 : ea9ecc;
7448 : ea9ecc;
7449 : e699c8;
7450 : e197c1;
7451 : df97bf;
7452 : e098c1;
7453 : e29ac2;
7454 : e59dc5;
7455 : eaa2ca;
7456 : efa7cf;
7457 : f2a9d2;
7458 : f3aad3;
7459 : f4acd5;
7460 : f8b0d9;
7461 : fcb4dc;
7462 : fdb5dd;
7463 : feb6de;
7464 : feb6df;
7465 : feb6df;
7466 : feb6de;
7467 : feb6de;
7468 : feb6de;
7469 : ffb7df;
7470 : ffb7df;
7471 : ffb7df;
7472 : ffb7df;
7473 : feb6de;
7474 : feb6de;
7475 : feb6de;
7476 : feb6de;
7477 : fdb5dd;
7478 : fdb5dd;
7479 : ffb7e0;
7480 : ffbae1;
7481 : ffb7dd;
7482 : ffb8de;
7483 : feb7dd;
7484 : fcb5da;
7485 : fbb5da;
7486 : fbb6da;
7487 : fcb5da;
7488 : fcb4da;
7489 : feb6dc;
7490 : fdb5db;
7491 : fbb3d9;
7492 : feb6dc;
7493 : ffb7dd;
7494 : fbb5da;
7495 : f5a5cd;
7496 : e59cc2;
7497 : d5a6c2;
7498 : dca4c4;
7499 : ef97c8;
7500 : ec95d2;
7501 : c6a5dd;
7502 : 9cb7e3;
7503 : 8ebce6;
7504 : 83c1e9;
7505 : 78c6ec;
7506 : 79c4f0;
7507 : 80bff1;
7508 : 83bdf2;
7509 : 79c3f2;
7510 : 79c2f3;
7511 : 81bef4;
7512 : 81c0f5;
7513 : 81c0f5;
7514 : 81c0f5;
7515 : 81c0f5;
7516 : 81c0f5;
7517 : 81c0f5;
7518 : 81c0f5;
7519 : 81c0f5;
7520 : 81c0f5;
7521 : 81c0f5;
7522 : 81c0f5;
7523 : 81c0f5;
7524 : 81c0f5;
7525 : 81c0f5;
7526 : 81c0f5;
7527 : 81c0f5;
7528 : 81c0f5;
7529 : 81c0f5;
7530 : 81c0f5;
7531 : 81c0f5;
7532 : 81c0f5;
7533 : 81c0f5;
7534 : 81c0f5;
7535 : 81c0f5;
7536 : 81c0f5;
7537 : 81c0f5;
7538 : 81c0f5;
7539 : 81c0f5;
7540 : 82c0f5;
7541 : 82c0f5;
7542 : 82c0f6;
7543 : 81c0f6;
7544 : 80c1f5;
7545 : 80c1f4;
7546 : 82c0f3;
7547 : 82bff4;
7548 : 7ec0f7;
7549 : 7ac4f4;
7550 : 8fbfde;
7551 : abb4d6;
7552 : c5a8db;
7553 : dc9dd9;
7554 : e999d1;
7555 : f099c8;
7556 : f697be;
7557 : f199bf;
7558 : eca1ca;
7559 : f7aad3;
7560 : feb1da;
7561 : ffb1db;
7562 : faadd7;
7563 : f5a8d2;
7564 : f4a7d1;
7565 : eba1c7;
7566 : de96b9;
7567 : e097bb;
7568 : e59cc1;
7569 : e89ec3;
7570 : e89ec3;
7571 : eaa2c7;
7572 : eba1c6;
7573 : e298bd;
7574 : dc92b7;
7575 : e298bd;
7576 : e89ec3;
7577 : eba1c6;
7578 : e79dc2;
7579 : dd94b9;
7580 : dd91b7;
7581 : e99cc3;
7582 : f7acd2;
7583 : ffb8dd;
7584 : ffb8dd;
7585 : fdb5da;
7586 : fcb4d8;
7587 : fcb4db;
7588 : fcb3df;
7589 : fdb4df;
7590 : fdb4e0;
7591 : fdb4df;
7592 : fdb4df;
7593 : fdb4df;
7594 : fdb4df;
7595 : feb2df;
7596 : ffb2e1;
7597 : ffb4e2;
7598 : ffb4e3;
7599 : ffb5e4;
7600 : feb1e0;
7601 : f2a5d4;
7602 : e498c5;
7603 : df94bf;
7604 : e399c3;
7605 : ea9fca;
7606 : eda2cd;
7607 : e99ec9;
7608 : e59ac5;
7609 : e196c1;
7610 : e49bc4;
7611 : e9a2ca;
7612 : efa7cf;
7613 : f4acd4;
7614 : f8b0d8;
7615 : fcb4dc;
7616 : ffb7df;
7617 : ffb9e1;
7618 : ffb8df;
7619 : feb6dd;
7620 : fdb5dd;
7621 : fdb5dc;
7622 : fdb5dc;
7623 : feb6de;
7624 : fcb5dc;
7625 : fdb5dd;
7626 : feb6de;
7627 : feb6de;
7628 : feb6de;
7629 : feb6de;
7630 : feb6de;
7631 : feb6de;
7632 : feb6de;
7633 : feb6de;
7634 : feb6de;
7635 : feb6de;
7636 : feb6de;
7637 : feb6de;
7638 : fcb4dc;
7639 : fdb5dd;
7640 : feb6dd;
7641 : fcb4d9;
7642 : feb6dc;
7643 : fdb4da;
7644 : f9b3d8;
7645 : fab4d9;
7646 : fab4d9;
7647 : fab4d9;
7648 : fdb5db;
7649 : fdb5db;
7650 : fdb5db;
7651 : fbb2d8;
7652 : fab2d8;
7653 : feb6dc;
7654 : ffbae0;
7655 : ffb6de;
7656 : eda4ca;
7657 : db9ebc;
7658 : e5a0bd;
7659 : f299bf;
7660 : ef96ca;
7661 : d99dd8;
7662 : c0a7e1;
7663 : a7b2e1;
7664 : 92bce1;
7665 : 7fc5e6;
7666 : 79c5ea;
7667 : 82bfed;
7668 : 88bbf1;
7669 : 81bef3;
7670 : 7dc0f4;
7671 : 80bff4;
7672 : 81c0f5;
7673 : 81c0f5;
7674 : 81c0f5;
7675 : 81c0f5;
7676 : 81c0f5;
7677 : 81c0f5;
7678 : 81c0f5;
7679 : 81c0f5;
7680 : 81c0f5;
7681 : 81c0f5;
7682 : 81c0f5;
7683 : 81c0f5;
7684 : 81c0f5;
7685 : 81c0f5;
7686 : 81c0f5;
7687 : 81c0f5;
7688 : 81c0f5;
7689 : 81c0f5;
7690 : 81c0f5;
7691 : 81c0f5;
7692 : 81c0f5;
7693 : 81c0f5;
7694 : 81c0f5;
7695 : 81c0f5;
7696 : 80c0f5;
7697 : 80c0f5;
7698 : 80c0f5;
7699 : 80c0f5;
7700 : 7fc1f5;
7701 : 7fc1f5;
7702 : 7fc1f4;
7703 : 80c0f4;
7704 : 83bef5;
7705 : 83bef5;
7706 : 7fc0f4;
7707 : 7dc3f3;
7708 : 7ec3f2;
7709 : 84c2ee;
7710 : a8b6da;
7711 : cea6d3;
7712 : eb97d2;
7713 : f893cd;
7714 : ef9ac9;
7715 : e19abe;
7716 : e598b8;
7717 : f7a6cb;
7718 : fdb2dc;
7719 : ffb5dd;
7720 : ffb6df;
7721 : feb4dd;
7722 : fcb2da;
7723 : fcb1da;
7724 : ffb4dd;
7725 : feb6dc;
7726 : f2aad0;
7727 : e89fc5;
7728 : e69dc3;
7729 : e79ec4;
7730 : eda4cb;
7731 : f5add3;
7732 : f7afd5;
7733 : f2a7cd;
7734 : e59ac0;
7735 : de93b9;
7736 : db90b6;
7737 : e096bb;
7738 : e89ec3;
7739 : eaa1c5;
7740 : e89cc2;
7741 : df93b9;
7742 : df95ba;
7743 : eca1c6;
7744 : f8aed3;
7745 : ffb6db;
7746 : ffb7db;
7747 : fcb3da;
7748 : fcb3dd;
7749 : fdb5de;
7750 : fdb4de;
7751 : fdb5df;
7752 : fdb5df;
7753 : fdb4de;
7754 : fdb4df;
7755 : feb5e2;
7756 : ffb4e1;
7757 : ffb4e1;
7758 : ffb3e0;
7759 : f5aad7;
7760 : e69ac7;
7761 : df93c0;
7762 : e296c3;
7763 : e69bc6;
7764 : e99ec8;
7765 : e69bc6;
7766 : e095c0;
7767 : e095bf;
7768 : e89dc7;
7769 : f5aad4;
7770 : fab1da;
7771 : fab2d9;
7772 : fdb5dc;
7773 : ffb8df;
7774 : ffbae2;
7775 : ffbae1;
7776 : ffb8df;
7777 : ffb6de;
7778 : ffb7df;
7779 : feb6de;
7780 : fcb4dc;
7781 : fbb3db;
7782 : fcb4dc;
7783 : fdb4dc;
7784 : fdb3db;
7785 : fcb4dc;
7786 : fcb5dd;
7787 : fdb5dd;
7788 : fdb5dd;
7789 : feb6de;
7790 : feb6de;
7791 : feb6de;
7792 : feb6de;
7793 : feb6de;
7794 : feb6de;
7795 : feb6de;
7796 : feb6de;
7797 : fdb5dd;
7798 : fdb5dd;
7799 : feb6de;
7800 : fdb5dd;
7801 : fcb5da;
7802 : fbb4da;
7803 : fdb6dc;
7804 : fdb7dd;
7805 : fcb6dc;
7806 : fcb6dc;
7807 : fcb6dc;
7808 : fdb7dc;
7809 : fcb5da;
7810 : fcb5da;
7811 : fdb6dc;
7812 : fdb6dc;
7813 : fcb5db;
7814 : fdb6db;
7815 : ffb9e0;
7816 : feb5dd;
7817 : f0a2c7;
7818 : e899bb;
7819 : ea9cbf;
7820 : e69dc6;
7821 : e09dce;
7822 : db9cd2;
7823 : c3a6d8;
7824 : a1b5de;
7825 : 83c3e5;
7826 : 79c5ec;
7827 : 84bef0;
7828 : 8abbf2;
7829 : 84bef1;
7830 : 7ebff2;
7831 : 80bff4;
7832 : 81c0f5;
7833 : 81c0f5;
7834 : 81c0f5;
7835 : 81c0f5;
7836 : 81c0f5;
7837 : 81c0f5;
7838 : 81c0f5;
7839 : 81c0f5;
7840 : 81c0f5;
7841 : 81c0f5;
7842 : 81c0f5;
7843 : 81c0f5;
7844 : 81c0f5;
7845 : 81c0f5;
7846 : 81c0f5;
7847 : 81c0f5;
7848 : 81c0f5;
7849 : 81c0f5;
7850 : 81c0f5;
7851 : 81c0f5;
7852 : 81c0f5;
7853 : 81c0f5;
7854 : 81c0f5;
7855 : 81c0f5;
7856 : 7fc1f5;
7857 : 7fc1f5;
7858 : 7ec1f5;
7859 : 7dc1f5;
7860 : 7bc2f5;
7861 : 7ac4f6;
7862 : 79c3f3;
7863 : 7fbff2;
7864 : 89b9f5;
7865 : 88baf7;
7866 : 7cc2f5;
7867 : 7ac6ed;
7868 : 8cc2e7;
7869 : a6b8e2;
7870 : c7abdb;
7871 : dda1d4;
7872 : ef98cb;
7873 : f895c3;
7874 : ee96bd;
7875 : e296bb;
7876 : eca3cc;
7877 : fdb4de;
7878 : ffb7e0;
7879 : ffb6df;
7880 : ffb5de;
7881 : ffb4dd;
7882 : ffb5de;
7883 : ffb5de;
7884 : ffb5de;
7885 : ffb6df;
7886 : ffb5de;
7887 : feb2dc;
7888 : fcb1da;
7889 : faafd8;
7890 : f9aed8;
7891 : fbafd9;
7892 : fdb1db;
7893 : ffb5de;
7894 : feb4dc;
7895 : f5aad1;
7896 : e99ec4;
7897 : dd93b9;
7898 : d88eb3;
7899 : dc92b7;
7900 : e69bc1;
7901 : e9a0c4;
7902 : e298bd;
7903 : de94b9;
7904 : e59bc0;
7905 : f1a7cc;
7906 : fcb2d7;
7907 : ffb7dc;
7908 : feb7dc;
7909 : feb6da;
7910 : fdb6db;
7911 : ffb7df;
7912 : fdb5de;
7913 : fdb5dd;
7914 : feb6de;
7915 : feb6e0;
7916 : fdb4df;
7917 : f9b1db;
7918 : f0a6d0;
7919 : e59ac4;
7920 : de94be;
7921 : df93be;
7922 : e598c4;
7923 : e89dc8;
7924 : e79cc7;
7925 : e59ac5;
7926 : e89cc6;
7927 : f2a7cf;
7928 : fdb2db;
7929 : ffb6df;
7930 : ffb6dc;
7931 : fcb4da;
7932 : fbb3d9;
7933 : fcb4da;
7934 : fdb5db;
7935 : fdb5db;
7936 : fcb4da;
7937 : fdb4da;
7938 : ffb7df;
7939 : ffb9e1;
7940 : ffb9e1;
7941 : ffb9e1;
7942 : ffb7e0;
7943 : ffb5de;
7944 : ffb4de;
7945 : fdb5dd;
7946 : fbb5dd;
7947 : fdb5dd;
7948 : fdb5dd;
7949 : fdb5dd;
7950 : fdb5dd;
7951 : fdb5dd;
7952 : fdb5dd;
7953 : feb6de;
7954 : feb6de;
7955 : feb6de;
7956 : feb6de;
7957 : feb6de;
7958 : feb6de;
7959 : feb6de;
7960 : fdb6de;
7961 : fdb6df;
7962 : fdb6de;
7963 : fdb6de;
7964 : fdb6df;
7965 : fdb6df;
7966 : fdb6df;
7967 : fdb6df;
7968 : fdb7dc;
7969 : fdb7dc;
7970 : fdb7dc;
7971 : feb8dd;
7972 : feb8dd;
7973 : fbb6da;
7974 : fdb7dc;
7975 : feb8dd;
7976 : ffbbe0;
7977 : fab4d9;
7978 : e6a2c8;
7979 : df9dc2;
7980 : e3a0c4;
7981 : e59fc1;
7982 : e79dc0;
7983 : db9ed0;
7984 : b6acde;
7985 : 8ebde7;
7986 : 7dc3f3;
7987 : 82bff8;
7988 : 86bef5;
7989 : 80c2ee;
7990 : 7ec2f0;
7991 : 81c0f6;
7992 : 81c0f5;
7993 : 81c0f5;
7994 : 81c0f5;
7995 : 81c0f5;
7996 : 81c0f5;
7997 : 81c0f5;
7998 : 81c0f5;
7999 : 81c0f5;
8000 : 81c0f5;
8001 : 81c0f5;
8002 : 81c0f5;
8003 : 81c0f5;
8004 : 81c0f5;
8005 : 81c0f5;
8006 : 81c0f5;
8007 : 81c0f5;
8008 : 81c0f5;
8009 : 81c0f5;
8010 : 81c0f5;
8011 : 81c0f5;
8012 : 81c0f5;
8013 : 81c0f5;
8014 : 81c0f5;
8015 : 81c0f5;
8016 : 7fc1f5;
8017 : 7fc1f5;
8018 : 7ec1f5;
8019 : 7ec1f5;
8020 : 7cc2f5;
8021 : 7bc4f5;
8022 : 7bc2f5;
8023 : 7fbff4;
8024 : 85bdf6;
8025 : 84bff6;
8026 : 80c2f0;
8027 : 8cbfe9;
8028 : aab4e3;
8029 : c8a8de;
8030 : dca0d8;
8031 : e89bd2;
8032 : f197cb;
8033 : f093c2;
8034 : e896bf;
8035 : f2a8cd;
8036 : ffb4dc;
8037 : ffb4de;
8038 : ffb4dd;
8039 : ffb5de;
8040 : ffb5de;
8041 : ffb5de;
8042 : ffb5de;
8043 : ffb5de;
8044 : ffb5de;
8045 : feb3dc;
8046 : ffb5de;
8047 : ffb6e0;
8048 : ffb4dd;
8049 : feb3dc;
8050 : fdb2db;
8051 : fdb1db;
8052 : fdb2db;
8053 : feb3dc;
8054 : ffb6de;
8055 : ffb8de;
8056 : ffb6dd;
8057 : f6aad1;
8058 : e49abf;
8059 : d98fb3;
8060 : d88eb3;
8061 : df95ba;
8062 : e99fc4;
8063 : e99fc4;
8064 : e49abf;
8065 : e197bc;
8066 : e99fc4;
8067 : f7aed3;
8068 : ffb7dd;
8069 : ffb8de;
8070 : feb6dc;
8071 : feb6dd;
8072 : fdb5de;
8073 : fdb5dd;
8074 : feb6de;
8075 : fdb5df;
8076 : fcb3de;
8077 : f2a9d4;
8078 : e298c3;
8079 : dc91bc;
8080 : e398c3;
8081 : e89dc8;
8082 : e79ac6;
8083 : e59ac6;
8084 : e99ec9;
8085 : f3a7d0;
8086 : fbb0d9;
8087 : ffb4dd;
8088 : ffb6de;
8089 : ffb5dc;
8090 : fdb4da;
8091 : f9b2d8;
8092 : f9b1d7;
8093 : fcb4da;
8094 : ffb8de;
8095 : ffb8de;
8096 : ffb9df;
8097 : ffb9df;
8098 : ffb8e0;
8099 : ffb8e0;
8100 : ffb9e0;
8101 : ffb7e0;
8102 : ffb6df;
8103 : ffb6df;
8104 : ffb5df;
8105 : feb5de;
8106 : fdb5dd;
8107 : fdb5dd;
8108 : fdb5dd;
8109 : fdb5dd;
8110 : fdb5dd;
8111 : fdb5dd;
8112 : fdb5dd;
8113 : feb6de;
8114 : feb6de;
8115 : feb6de;
8116 : feb6de;
8117 : feb6de;
8118 : feb6de;
8119 : feb6de;
8120 : fdb6de;
8121 : fdb6de;
8122 : fdb6de;
8123 : fdb6de;
8124 : fdb6de;
8125 : fdb6de;
8126 : fdb6de;
8127 : fdb6de;
8128 : fdb7dc;
8129 : fdb7dc;
8130 : fdb7dc;
8131 : fdb7dc;
8132 : fdb7dc;
8133 : fdb7dc;
8134 : fdb7dc;
8135 : feb8dd;
8136 : ffb9de;
8137 : ffbadf;
8138 : f6b2d7;
8139 : e5a2c7;
8140 : e09dc2;
8141 : e39fc2;
8142 : e39ec2;
8143 : e19dd1;
8144 : cfa4dd;
8145 : adb2e4;
8146 : 8fbef0;
8147 : 7fc2f5;
8148 : 7ec2f7;
8149 : 84c0f6;
8150 : 84bff5;
8151 : 80c0f5;
8152 : 81c0f5;
8153 : 81c0f5;
8154 : 81c0f5;
8155 : 81c0f5;
8156 : 81c0f5;
8157 : 81c0f5;
8158 : 81c0f5;
8159 : 81c0f5;
8160 : 81c0f5;
8161 : 81c0f5;
8162 : 81c0f5;
8163 : 81c0f5;
8164 : 81c0f5;
8165 : 81c0f5;
8166 : 81c0f5;
8167 : 81c0f5;
8168 : 81c0f5;
8169 : 81c0f5;
8170 : 81c0f5;
8171 : 81c0f5;
8172 : 81c0f5;
8173 : 81c0f5;
8174 : 81c0f5;
8175 : 81c0f5;
8176 : 7fc1f5;
8177 : 7fc1f5;
8178 : 7ec1f5;
8179 : 7ec1f5;
8180 : 7cc2f5;
8181 : 7bc3f5;
8182 : 7ac3f5;
8183 : 7cc3f5;
8184 : 7dc2f4;
8185 : 7fc3f1;
8186 : 87c0e9;
8187 : a2b5e2;
8188 : cba6dc;
8189 : ea99d7;
8190 : f593d2;
8191 : f694cf;
8192 : f293c8;
8193 : ec98c5;
8194 : f5aad0;
8195 : ffb6dc;
8196 : ffb3db;
8197 : feb2dc;
8198 : feb5dd;
8199 : feb6de;
8200 : feb6de;
8201 : feb5de;
8202 : feb5de;
8203 : feb5de;
8204 : feb5de;
8205 : feb6de;
8206 : feb6df;
8207 : feb6de;
8208 : feb5dd;
8209 : feb5dd;
8210 : fcb3dc;
8211 : fcb3db;
8212 : fcb3dc;
8213 : fbb3db;
8214 : fbb2da;
8215 : fdb4db;
8216 : ffb7dd;
8217 : ffb8df;
8218 : fdb5db;
8219 : f7aed3;
8220 : eda3c8;
8221 : de93b8;
8222 : dc92b7;
8223 : e69cc1;
8224 : eca2c7;
8225 : e99fc4;
8226 : e59abf;
8227 : e79dc2;
8228 : f0a8cd;
8229 : fab2d7;
8230 : feb6dd;
8231 : ffb8de;
8232 : feb6dd;
8233 : fdb5dd;
8234 : feb6de;
8235 : ffb7e1;
8236 : f9b0dc;
8237 : e89fca;
8238 : e297c2;
8239 : e297c2;
8240 : e499c4;
8241 : e79bc7;
8242 : e89cc8;
8243 : efa3ce;
8244 : faafd8;
8245 : ffb6de;
8246 : ffb8e2;
8247 : feb5de;
8248 : fdb1d8;
8249 : ffb4db;
8250 : fdb5dc;
8251 : fcb4da;
8252 : fcb4da;
8253 : fab2d8;
8254 : f7afd5;
8255 : f4acd2;
8256 : eea6cc;
8257 : eaa2c8;
8258 : e69fc7;
8259 : e69ec7;
8260 : ea9fc8;
8261 : efa3cc;
8262 : f5a9d2;
8263 : fcafd9;
8264 : ffb3dd;
8265 : ffb6df;
8266 : ffb6df;
8267 : ffb5de;
8268 : feb5dd;
8269 : fdb5dd;
8270 : fdb5dd;
8271 : fdb5dd;
8272 : fdb5dd;
8273 : feb6de;
8274 : feb6de;
8275 : feb6de;
8276 : feb6de;
8277 : feb6de;
8278 : feb6de;
8279 : feb6de;
8280 : fdb6de;
8281 : fdb6de;
8282 : fdb6de;
8283 : fdb6de;
8284 : fdb6de;
8285 : fdb6de;
8286 : fdb6de;
8287 : fdb6de;
8288 : fdb7dc;
8289 : fdb7dc;
8290 : fdb7dc;
8291 : fdb7dc;
8292 : fdb7dc;
8293 : fdb7dc;
8294 : fdb7dc;
8295 : fdb7dc;
8296 : fdb7dc;
8297 : ffbadf;
8298 : ffbbe0;
8299 : f5b1d6;
8300 : e4a0c5;
8301 : e09dc1;
8302 : e3a0c3;
8303 : e89cce;
8304 : e69bd7;
8305 : cfa5df;
8306 : a5b6ea;
8307 : 7dc4f1;
8308 : 73c8f8;
8309 : 82c0fc;
8310 : 87bdf8;
8311 : 80c0f4;
8312 : 81c0f5;
8313 : 81c0f5;
8314 : 81c0f5;
8315 : 81c0f5;
8316 : 81c0f5;
8317 : 81c0f5;
8318 : 81c0f5;
8319 : 81c0f5;
8320 : 81c0f5;
8321 : 81c0f5;
8322 : 81c0f5;
8323 : 81c0f5;
8324 : 81c0f5;
8325 : 81c0f5;
8326 : 81c0f5;
8327 : 81c0f5;
8328 : 81c0f5;
8329 : 81c0f5;
8330 : 81c0f5;
8331 : 81c0f5;
8332 : 81c0f5;
8333 : 81c0f5;
8334 : 81c0f5;
8335 : 81c0f5;
8336 : 7fc1f5;
8337 : 7fc1f5;
8338 : 7ec1f5;
8339 : 7ec1f5;
8340 : 7cc2f5;
8341 : 7cc3f6;
8342 : 78c4f4;
8343 : 75c6f1;
8344 : 7cc5f1;
8345 : 88c3ec;
8346 : 9cbbe4;
8347 : baaddc;
8348 : e09ed5;
8349 : fb91d1;
8350 : ff8ccc;
8351 : f88ec7;
8352 : f197c9;
8353 : faadd9;
8354 : ffbae2;
8355 : ffb6de;
8356 : ffb3dc;
8357 : feb4dd;
8358 : feb6de;
8359 : feb6de;
8360 : feb6de;
8361 : feb6de;
8362 : feb6de;
8363 : feb6de;
8364 : feb6de;
8365 : ffb8e0;
8366 : ffb8df;
8367 : feb6de;
8368 : feb6de;
8369 : feb6de;
8370 : feb6de;
8371 : feb6de;
8372 : feb6df;
8373 : feb6e0;
8374 : feb6de;
8375 : fdb5dd;
8376 : feb6dd;
8377 : ffb8de;
8378 : ffb8de;
8379 : ffbae0;
8380 : ffbadf;
8381 : f9afd4;
8382 : e59bc0;
8383 : dc92b7;
8384 : e197bc;
8385 : eba1c6;
8386 : efa5ca;
8387 : e99fc5;
8388 : e49cc2;
8389 : e9a1c6;
8390 : f4abd1;
8391 : feb6db;
8392 : ffb7dd;
8393 : fdb5db;
8394 : feb6dd;
8395 : fcb3de;
8396 : f3aad6;
8397 : e89fca;
8398 : e399c4;
8399 : e297c2;
8400 : e197c2;
8401 : ea9eca;
8402 : f4a8d3;
8403 : fcb1d9;
8404 : ffb5de;
8405 : ffb6e0;
8406 : ffb5dd;
8407 : ffb4db;
8408 : ffb5dc;
8409 : feb4da;
8410 : f0a8cd;
8411 : e69fc5;
8412 : e29ac0;
8413 : dc94ba;
8414 : d991b7;
8415 : d78fb5;
8416 : d790b5;
8417 : da92b8;
8418 : dd92bb;
8419 : dd92bb;
8420 : dc92ba;
8421 : dd91bb;
8422 : e295bf;
8423 : ea9dc7;
8424 : f0a3cd;
8425 : f7aad4;
8426 : feb1db;
8427 : ffb4de;
8428 : ffb4dd;
8429 : ffb5de;
8430 : feb6de;
8431 : fcb5dd;
8432 : fdb5dd;
8433 : feb6de;
8434 : feb6de;
8435 : feb6de;
8436 : feb6de;
8437 : feb6de;
8438 : feb6de;
8439 : feb6de;
8440 : fdb6de;
8441 : fdb6de;
8442 : fdb6de;
8443 : fdb6de;
8444 : fdb6de;
8445 : fdb6de;
8446 : fdb6de;
8447 : fdb6de;
8448 : fdb7dc;
8449 : fdb7dc;
8450 : fdb7dc;
8451 : fdb7dc;
8452 : fdb7dc;
8453 : fdb7dc;
8454 : fdb7dc;
8455 : fcb6db;
8456 : fdb7dc;
8457 : feb8dd;
8458 : feb9de;
8459 : fdbadf;
8460 : f1add2;
8461 : de9abf;
8462 : e09fc2;
8463 : e9a2ce;
8464 : ed9bd2;
8465 : e39dd9;
8466 : baaee2;
8467 : 86c1ec;
8468 : 71c7f3;
8469 : 7ec1fc;
8470 : 86befa;
8471 : 81c0f4;
8472 : 81c0f5;
8473 : 81c0f5;
8474 : 81c0f5;
8475 : 81c0f5;
8476 : 81c0f5;
8477 : 81c0f5;
8478 : 81c0f5;
8479 : 81c0f5;
8480 : 81c0f5;
8481 : 81c0f5;
8482 : 81c0f5;
8483 : 81c0f5;
8484 : 81c0f5;
8485 : 81c0f5;
8486 : 81c0f5;
8487 : 81c0f5;
8488 : 81c0f5;
8489 : 81c0f5;
8490 : 81c0f5;
8491 : 81c0f5;
8492 : 81c0f5;
8493 : 81c0f5;
8494 : 81c0f5;
8495 : 81c0f5;
8496 : 7fc1f5;
8497 : 7fc1f5;
8498 : 7ec1f5;
8499 : 7ec1f5;
8500 : 7cc2f5;
8501 : 7bc3f6;
8502 : 79c4f2;
8503 : 7ac5ec;
8504 : 89c1ec;
8505 : a0b9e5;
8506 : bdafdf;
8507 : d9a3d8;
8508 : ed99d1;
8509 : f991cd;
8510 : fa8bc5;
8511 : f293c6;
8512 : fbb0dc;
8513 : ffbde7;
8514 : ffb7e2;
8515 : ffb3de;
8516 : feb4dd;
8517 : fdb6de;
8518 : feb6de;
8519 : feb6de;
8520 : feb6de;
8521 : feb6de;
8522 : feb6de;
8523 : feb6de;
8524 : feb6de;
8525 : ffb6de;
8526 : ffb7df;
8527 : feb6de;
8528 : feb6de;
8529 : feb6de;
8530 : feb6de;
8531 : feb6de;
8532 : feb6df;
8533 : feb5e0;
8534 : feb5df;
8535 : ffb7de;
8536 : ffb8e0;
8537 : ffb8e0;
8538 : feb6de;
8539 : feb6dc;
8540 : ffb8dd;
8541 : ffbce0;
8542 : ffb8dd;
8543 : f2a7cc;
8544 : e398bd;
8545 : de93b8;
8546 : e399be;
8547 : eca2c7;
8548 : eaa2c7;
8549 : e79fc3;
8550 : e59dc2;
8551 : eca4ca;
8552 : fab2d9;
8553 : ffb7dc;
8554 : ffb8dd;
8555 : feb6df;
8556 : f5acd8;
8557 : e89fca;
8558 : e095c0;
8559 : e095c0;
8560 : eba0cb;
8561 : faadd9;
8562 : ffb4df;
8563 : ffb5df;
8564 : ffb5df;
8565 : ffb7df;
8566 : ffb9e0;
8567 : ffb6dd;
8568 : f3a8ce;
8569 : e399bd;
8570 : de95bb;
8571 : df97bd;
8572 : df97bd;
8573 : df97bd;
8574 : de96bc;
8575 : de96bc;
8576 : e098be;
8577 : e39bc1;
8578 : e79cc5;
8579 : e99ec7;
8580 : e89dc6;
8581 : e598c2;
8582 : e295bf;
8583 : e093bd;
8584 : dd8fb9;
8585 : de90ba;
8586 : e89ac4;
8587 : f3a6d0;
8588 : fdb0da;
8589 : ffb4de;
8590 : feb6de;
8591 : fcb5dd;
8592 : fdb5dd;
8593 : feb6de;
8594 : feb6de;
8595 : feb6de;
8596 : feb6de;
8597 : feb6de;
8598 : feb6de;
8599 : feb6de;
8600 : fdb6de;
8601 : fdb6de;
8602 : fdb6de;
8603 : fdb6de;
8604 : fdb6de;
8605 : fdb6de;
8606 : fdb6de;
8607 : fdb6de;
8608 : fdb7dc;
8609 : fdb7dc;
8610 : fdb7dc;
8611 : fdb7dc;
8612 : fdb7dc;
8613 : fdb7dc;
8614 : fdb7dc;
8615 : fdb7dc;
8616 : fdb7dc;
8617 : fdb7dc;
8618 : fbb6db;
8619 : febadf;
8620 : febadf;
8621 : e8a4c9;
8622 : dc9bbe;
8623 : e4a3c9;
8624 : ed9fcf;
8625 : ec9bd2;
8626 : d1a4da;
8627 : a4b5e4;
8628 : 86c0ed;
8629 : 81c0f6;
8630 : 83bff8;
8631 : 81c0f5;
8632 : 81c0f5;
8633 : 81c0f5;
8634 : 81c0f5;
8635 : 81c0f5;
8636 : 81c0f5;
8637 : 81c0f5;
8638 : 81c0f5;
8639 : 81c0f5;
8640 : 81c0f5;
8641 : 81c0f5;
8642 : 81c0f5;
8643 : 81c0f5;
8644 : 81c0f5;
8645 : 81c0f5;
8646 : 81c0f5;
8647 : 81c0f5;
8648 : 81c0f5;
8649 : 81c0f5;
8650 : 81c0f5;
8651 : 81c0f5;
8652 : 81c0f5;
8653 : 81c0f5;
8654 : 81c0f5;
8655 : 82c0f6;
8656 : 7fc1f6;
8657 : 7ec1f5;
8658 : 7fc1f5;
8659 : 7fc0f5;
8660 : 7dc2f5;
8661 : 78c4f8;
8662 : 79c4f1;
8663 : 85c2e8;
8664 : 9abae6;
8665 : bbade1;
8666 : df9fdc;
8667 : f795d8;
8668 : fa94d2;
8669 : f392cb;
8670 : f096c5;
8671 : f7abd5;
8672 : fabee5;
8673 : fbbbe4;
8674 : ffb4e0;
8675 : ffb2df;
8676 : fbb7de;
8677 : fab9de;
8678 : fdb6de;
8679 : fdb6de;
8680 : fdb6de;
8681 : fdb6de;
8682 : fdb6de;
8683 : fdb6de;
8684 : fdb6de;
8685 : fcb5dd;
8686 : fcb5dd;
8687 : fdb6de;
8688 : fdb6de;
8689 : fdb6de;
8690 : fdb6de;
8691 : fdb6dd;
8692 : fdb6df;
8693 : feb7e1;
8694 : fdb6e1;
8695 : fdb6df;
8696 : fcb5dd;
8697 : fcb5dd;
8698 : fcb5dd;
8699 : fcb6db;
8700 : feb6d9;
8701 : ffb5d9;
8702 : ffb9dd;
8703 : ffbce0;
8704 : fcb3d7;
8705 : e99fc4;
8706 : de93b8;
8707 : df96b9;
8708 : e39dbe;
8709 : eaa3c5;
8710 : e8a0c6;
8711 : e49dc2;
8712 : f0a9ce;
8713 : feb6dd;
8714 : ffb8de;
8715 : ffb9e3;
8716 : f7aeda;
8717 : e79fca;
8718 : eba0cb;
8719 : f7abd7;
8720 : feb5e0;
8721 : ffb7e3;
8722 : ffb3df;
8723 : ffb6df;
8724 : ffb9e0;
8725 : fbb3d9;
8726 : f1a7ce;
8727 : e49ac0;
8728 : df94b9;
8729 : e295bb;
8730 : dd95bb;
8731 : de98be;
8732 : e39bc1;
8733 : e59bc3;
8734 : e49ac1;
8735 : e59ac1;
8736 : e499c1;
8737 : e598c1;
8738 : e897c3;
8739 : e996c3;
8740 : e48fbc;
8741 : e792c0;
8742 : ec98c5;
8743 : e897c3;
8744 : e397c0;
8745 : e293be;
8746 : df8eb8;
8747 : e092bc;
8748 : f2a4ce;
8749 : feb4dd;
8750 : ffb7de;
8751 : fcb6dd;
8752 : fcb5dd;
8753 : feb6de;
8754 : feb6de;
8755 : feb6de;
8756 : feb6de;
8757 : feb6de;
8758 : feb6de;
8759 : feb6de;
8760 : fdb6de;
8761 : fdb6de;
8762 : fdb6de;
8763 : fdb6de;
8764 : fdb6de;
8765 : fdb6de;
8766 : fdb6de;
8767 : fdb6de;
8768 : fdb7dc;
8769 : fdb7dc;
8770 : fdb7dc;
8771 : fdb7dc;
8772 : fdb7dc;
8773 : fdb7dc;
8774 : fdb7dc;
8775 : fdb7dc;
8776 : fdb7dc;
8777 : fdb7dc;
8778 : fcb7dc;
8779 : fbb7dc;
8780 : fcb8dd;
8781 : fcb8dc;
8782 : e2a0c4;
8783 : d99abd;
8784 : ec9fca;
8785 : f59bcd;
8786 : e89cd4;
8787 : c8a7e0;
8788 : a5b5ea;
8789 : 8bbef0;
8790 : 81c1f4;
8791 : 81c0f6;
8792 : 80c0f5;
8793 : 80c0f5;
8794 : 81c0f5;
8795 : 81c0f5;
8796 : 81c0f5;
8797 : 81c0f5;
8798 : 81c0f5;
8799 : 81c0f5;
8800 : 81c0f5;
8801 : 81c0f5;
8802 : 81c0f5;
8803 : 81c0f5;
8804 : 81c0f5;
8805 : 81c0f5;
8806 : 81c0f5;
8807 : 81c0f5;
8808 : 81c0f5;
8809 : 81c0f5;
8810 : 81c0f5;
8811 : 81c0f5;
8812 : 81c0f5;
8813 : 81c0f5;
8814 : 81c0f5;
8815 : 7fc1f3;
8816 : 7fc0f3;
8817 : 80c0f5;
8818 : 7dc1f7;
8819 : 79c3f6;
8820 : 79c3f5;
8821 : 7ac4f5;
8822 : 83c1ee;
8823 : 98bae6;
8824 : b3afe3;
8825 : d89fde;
8826 : f493d7;
8827 : ff8ed1;
8828 : fb91cc;
8829 : f398cb;
8830 : f6aad3;
8831 : fcb9df;
8832 : f7bae1;
8833 : f7b6de;
8834 : ffb4df;
8835 : ffb3df;
8836 : fcb7de;
8837 : fbb8de;
8838 : fdb6de;
8839 : fdb6de;
8840 : fdb6de;
8841 : fdb6de;
8842 : fdb6de;
8843 : fdb6de;
8844 : fdb6de;
8845 : fcb5dd;
8846 : fcb5dd;
8847 : fdb6de;
8848 : fdb6de;
8849 : fdb6de;
8850 : fdb6de;
8851 : fdb6de;
8852 : fdb6de;
8853 : fdb5df;
8854 : fdb6df;
8855 : fdb6e0;
8856 : fdb6df;
8857 : fdb6de;
8858 : fcb5de;
8859 : fbb5db;
8860 : fdb5da;
8861 : feb5db;
8862 : fdb4da;
8863 : feb6dc;
8864 : ffbbe1;
8865 : ffb9df;
8866 : f7add4;
8867 : e89fc4;
8868 : e098bb;
8869 : e198bc;
8870 : e79ec3;
8871 : eba2c7;
8872 : f0a7cb;
8873 : fbb2d7;
8874 : ffb6dc;
8875 : feb5de;
8876 : fab1dc;
8877 : f7acd6;
8878 : fdb3dd;
8879 : ffb9e3;
8880 : ffb8e2;
8881 : ffb7e2;
8882 : ffb8e3;
8883 : ffb6de;
8884 : f4a7ce;
8885 : e697bf;
8886 : de90b6;
8887 : dd92b7;
8888 : e19abd;
8889 : e5a2c3;
8890 : e99dc2;
8891 : e896be;
8892 : eea1c7;
8893 : fdb4da;
8894 : ffbee3;
8895 : ffbce0;
8896 : ffb9dd;
8897 : f5b2d6;
8898 : e8a9cd;
8899 : e7a7cc;
8900 : e5a6ca;
8901 : cf91b3;
8902 : c986aa;
8903 : d78bb3;
8904 : e993bf;
8905 : ed99c5;
8906 : e494bf;
8907 : df90ba;
8908 : e89ac4;
8909 : f9acd6;
8910 : ffb6df;
8911 : feb5de;
8912 : feb4dd;
8913 : feb6de;
8914 : feb6de;
8915 : feb6de;
8916 : feb6de;
8917 : feb6de;
8918 : feb6de;
8919 : feb6de;
8920 : fdb6de;
8921 : fdb6de;
8922 : fdb6de;
8923 : fdb6de;
8924 : fdb6de;
8925 : fdb6de;
8926 : fdb6de;
8927 : fdb6de;
8928 : fcb7dd;
8929 : fcb7dd;
8930 : fcb7dd;
8931 : fcb7dd;
8932 : fcb7dd;
8933 : fcb7dd;
8934 : fcb7dd;
8935 : fcb7dd;
8936 : fcb7dd;
8937 : fcb7dd;
8938 : fcb7dd;
8939 : fab6dc;
8940 : fab6dc;
8941 : fdb9df;
8942 : f3b1d6;
8943 : db9bc0;
8944 : e49ac3;
8945 : f59bcb;
8946 : f398cd;
8947 : df9ed7;
8948 : bbace4;
8949 : 99b8f0;
8950 : 82c0f5;
8951 : 7dc2f5;
8952 : 82c0f5;
8953 : 83bff4;
8954 : 81c0f4;
8955 : 7fc0f5;
8956 : 80c0f5;
8957 : 81c0f5;
8958 : 81c0f5;
8959 : 81c0f5;
8960 : 81c0f5;
8961 : 81c0f5;
8962 : 81c0f5;
8963 : 81c0f5;
8964 : 81c0f5;
8965 : 81c0f5;
8966 : 81c0f5;
8967 : 81c0f5;
8968 : 81c0f5;
8969 : 81c0f5;
8970 : 81c0f5;
8971 : 81c0f5;
8972 : 81c0f5;
8973 : 82c0f5;
8974 : 80c0f5;
8975 : 7bc2f0;
8976 : 7fbef1;
8977 : 82bcf6;
8978 : 7ac2f8;
8979 : 72c7f6;
8980 : 76c7f2;
8981 : 83c3ef;
8982 : 95bbe9;
8983 : acb0e4;
8984 : cba3e1;
8985 : ee96d9;
8986 : fc8fd0;
8987 : f791c8;
8988 : f595c7;
8989 : fba7d3;
8990 : fab7de;
8991 : fbb7de;
8992 : feb5de;
8993 : fdb5dd;
8994 : feb6de;
8995 : ffb6de;
8996 : ffb4de;
8997 : feb5de;
8998 : fdb6de;
8999 : fdb6de;
9000 : fdb6de;
9001 : fdb6de;
9002 : fdb6de;
9003 : fdb6de;
9004 : fdb6de;
9005 : fdb6de;
9006 : fdb6de;
9007 : fdb6de;
9008 : fdb6de;
9009 : fdb6de;
9010 : fdb6de;
9011 : fdb6de;
9012 : fdb6dd;
9013 : fdb5dc;
9014 : fdb5dc;
9015 : fcb5dc;
9016 : fcb6dd;
9017 : fdb6de;
9018 : fcb5dd;
9019 : fbb4dd;
9020 : fcb5de;
9021 : fdb5de;
9022 : fdb5de;
9023 : fdb5dd;
9024 : fdb5dd;
9025 : feb7df;
9026 : feb7e0;
9027 : ffb6de;
9028 : fab0d5;
9029 : eda2c7;
9030 : e49abf;
9031 : e89ec3;
9032 : f1a6cb;
9033 : f6acd1;
9034 : fdb4d8;
9035 : ffb7de;
9036 : ffb4de;
9037 : ffb5de;
9038 : ffb7e0;
9039 : feb3dc;
9040 : fdb2dc;
9041 : ffb8e2;
9042 : f9afd8;
9043 : e7a0c8;
9044 : e193bd;
9045 : e48db7;
9046 : e991b9;
9047 : ee9bc1;
9048 : eaa3c4;
9049 : dda0bb;
9050 : e7a5c4;
9051 : ffbddf;
9052 : f7bad9;
9053 : d09db8;
9054 : b1859e;
9055 : 8d687e;
9056 : 6b495d;
9057 : 59384d;
9058 : 42273b;
9059 : 4e3445;
9060 : d4bfcd;
9061 : fef0fb;
9062 : ccb8c7;
9063 : d2a1bc;
9064 : d885ae;
9065 : d682ad;
9066 : d98db7;
9067 : e296bf;
9068 : e398c1;
9069 : eda1ca;
9070 : fcb0da;
9071 : ffb3dd;
9072 : feb2db;
9073 : feb6de;
9074 : feb6de;
9075 : feb6de;
9076 : feb6de;
9077 : feb6de;
9078 : feb6de;
9079 : feb6de;
9080 : fdb6de;
9081 : fdb6de;
9082 : fdb6de;
9083 : fdb6de;
9084 : fdb6de;
9085 : fdb6de;
9086 : fdb6de;
9087 : fdb6de;
9088 : fbb7de;
9089 : fbb7de;
9090 : fbb7de;
9091 : fbb7de;
9092 : fbb7de;
9093 : fbb7de;
9094 : fbb7de;
9095 : fbb7de;
9096 : fbb7de;
9097 : fbb7de;
9098 : fbb7de;
9099 : fbb7de;
9100 : fbb7de;
9101 : fbb7df;
9102 : ffbbe2;
9103 : e9a7cd;
9104 : dd96bf;
9105 : ef9bc9;
9106 : f499c7;
9107 : e89dcb;
9108 : c9a6db;
9109 : a9aff3;
9110 : 88bdfa;
9111 : 79c5f6;
9112 : 84bef5;
9113 : 85bef3;
9114 : 80c0f3;
9115 : 7cc2f5;
9116 : 7ec1f6;
9117 : 82bff6;
9118 : 81c0f5;
9119 : 81c0f5;
9120 : 81c0f5;
9121 : 81c0f5;
9122 : 81c0f5;
9123 : 81c0f5;
9124 : 81c0f5;
9125 : 81c0f5;
9126 : 81c0f5;
9127 : 81c0f5;
9128 : 81c0f5;
9129 : 81c0f5;
9130 : 81c0f5;
9131 : 81c0f5;
9132 : 81c0f5;
9133 : 81c0f5;
9134 : 81c0f5;
9135 : 7bc1f3;
9136 : 7ebef4;
9137 : 82bdf5;
9138 : 7bc3f5;
9139 : 76c7f5;
9140 : 7ec5ee;
9141 : 8bc0ec;
9142 : a3b6e5;
9143 : beaadc;
9144 : d59fda;
9145 : f195d4;
9146 : f991cd;
9147 : f391c8;
9148 : f9a4d3;
9149 : ffb6e2;
9150 : feb8e0;
9151 : fcb5dd;
9152 : fdb6de;
9153 : feb7df;
9154 : feb6de;
9155 : feb6de;
9156 : ffb6de;
9157 : feb6de;
9158 : fdb6de;
9159 : fdb6de;
9160 : fdb6de;
9161 : fdb6de;
9162 : fdb6de;
9163 : fdb6de;
9164 : fdb6de;
9165 : fdb6de;
9166 : fdb6de;
9167 : fdb6de;
9168 : fdb6de;
9169 : fdb6de;
9170 : fdb6de;
9171 : fdb6de;
9172 : fdb6de;
9173 : feb6de;
9174 : feb6de;
9175 : feb6de;
9176 : fcb5dd;
9177 : fcb4dc;
9178 : fdb5dd;
9179 : fdb5dd;
9180 : feb6de;
9181 : feb6de;
9182 : feb6de;
9183 : feb6de;
9184 : feb6de;
9185 : fcb4dc;
9186 : fdb5dd;
9187 : ffb7de;
9188 : ffb8dd;
9189 : ffb7dc;
9190 : f8aed2;
9191 : efa5c9;
9192 : f3a9ce;
9193 : fab0d5;
9194 : fdb3d8;
9195 : feb4db;
9196 : ffb4dd;
9197 : ffb5dd;
9198 : feb3db;
9199 : fcb2da;
9200 : feb3db;
9201 : f9add4;
9202 : e49ac1;
9203 : db92ba;
9204 : e093bc;
9205 : e895be;
9206 : ed97bf;
9207 : eb97be;
9208 : d98caf;
9209 : e69cbc;
9210 : deb3cb;
9211 : 8e778a;
9212 : 452c3f;
9213 : 0e010d;
9214 : 000000;
9215 : 000000;
9216 : 000000;
9217 : 000000;
9218 : 000000;
9219 : 000000;
9220 : 575159;
9221 : ffffff;
9222 : ffffff;
9223 : fff2ff;
9224 : fdd3f0;
9225 : e5a2c8;
9226 : da8fb9;
9227 : de97bf;
9228 : db95bc;
9229 : e29ec5;
9230 : f4b0d7;
9231 : fab6dd;
9232 : fbb5dc;
9233 : feb6de;
9234 : feb6de;
9235 : feb6de;
9236 : feb6de;
9237 : feb6de;
9238 : feb6de;
9239 : feb6de;
9240 : fdb6de;
9241 : fdb6de;
9242 : fdb6de;
9243 : fdb6de;
9244 : fdb6de;
9245 : fdb6de;
9246 : fdb6de;
9247 : fdb6de;
9248 : fbb7de;
9249 : fbb7de;
9250 : fbb7de;
9251 : fbb7de;
9252 : fbb7de;
9253 : fbb7de;
9254 : fbb7de;
9255 : fbb7de;
9256 : fbb7de;
9257 : fbb7de;
9258 : fbb7de;
9259 : fcb8df;
9260 : fcb8df;
9261 : fcb8df;
9262 : ffbce3;
9263 : f8b5da;
9264 : e39ac1;
9265 : ec96c3;
9266 : f79ac8;
9267 : eb9cca;
9268 : d0a5d9;
9269 : b7abec;
9270 : 92baf6;
9271 : 7bc5f6;
9272 : 82c0f4;
9273 : 81c0f4;
9274 : 7fc1f5;
9275 : 7ec1f5;
9276 : 80c0f5;
9277 : 82bff6;
9278 : 81c0f5;
9279 : 81c0f5;
9280 : 81c0f5;
9281 : 81c0f5;
9282 : 81c0f5;
9283 : 81c0f5;
9284 : 81c0f5;
9285 : 81c0f5;
9286 : 81c0f5;
9287 : 81c0f5;
9288 : 81c0f5;
9289 : 81c0f5;
9290 : 81c0f5;
9291 : 81c0f5;
9292 : 81c0f5;
9293 : 81c0f5;
9294 : 80c0f5;
9295 : 7cc1f3;
9296 : 7dc0f3;
9297 : 7fc0f5;
9298 : 7bc3f5;
9299 : 79c6f1;
9300 : 88c1ea;
9301 : 99bbe9;
9302 : b7addd;
9303 : d89fd2;
9304 : e79ad4;
9305 : f591cd;
9306 : f690c8;
9307 : f89fd0;
9308 : feb4df;
9309 : febae3;
9310 : fdb6de;
9311 : fdb6de;
9312 : fdb6de;
9313 : fcb5dd;
9314 : fdb6de;
9315 : fdb6de;
9316 : fdb6de;
9317 : fdb6de;
9318 : fcb7de;
9319 : fcb7de;
9320 : fcb7de;
9321 : fcb7de;
9322 : fcb7de;
9323 : fcb7de;
9324 : fcb7de;
9325 : fdb6de;
9326 : fdb6de;
9327 : fdb6de;
9328 : fdb6de;
9329 : fdb6de;
9330 : fdb6de;
9331 : fdb6de;
9332 : fdb6de;
9333 : feb7df;
9334 : feb7df;
9335 : ffb9e1;
9336 : ffb9e1;
9337 : ffb8e0;
9338 : ffb7df;
9339 : ffb6de;
9340 : ffb5de;
9341 : ffb6de;
9342 : ffb5de;
9343 : ffb5de;
9344 : ffb5dd;
9345 : ffb5de;
9346 : ffb5df;
9347 : ffb7e0;
9348 : ffb7dd;
9349 : ffb4da;
9350 : ffb4db;
9351 : ffb5dc;
9352 : ffb5db;
9353 : feb3da;
9354 : fdb4db;
9355 : ffb5dc;
9356 : ffb3da;
9357 : ffb3da;
9358 : ffb4db;
9359 : ffb8e0;
9360 : feb4db;
9361 : ea9fc5;
9362 : e094bb;
9363 : e495bc;
9364 : ea9bc2;
9365 : ec9dc4;
9366 : e093b7;
9367 : d28cae;
9368 : d79bb8;
9369 : ffddf7;
9370 : c9afc3;
9371 : 0b090d;
9372 : 000000;
9373 : 010004;
9374 : 020009;
9375 : 020009;
9376 : 03000b;
9377 : 04010c;
9378 : 06060f;
9379 : 000000;
9380 : 212325;
9381 : dee4e6;
9382 : ffffff;
9383 : fff4ff;
9384 : e6c6df;
9385 : d797bc;
9386 : de90bb;
9387 : e399c2;
9388 : e098c0;
9389 : e7a1c8;
9390 : f8b3da;
9391 : fdb9e0;
9392 : fab6dd;
9393 : fdb6de;
9394 : feb6de;
9395 : feb6de;
9396 : feb6de;
9397 : feb6de;
9398 : feb6de;
9399 : feb6de;
9400 : fdb6de;
9401 : fdb6de;
9402 : fdb6de;
9403 : fdb6de;
9404 : fdb6de;
9405 : fdb6de;
9406 : fdb6de;
9407 : fdb6de;
9408 : fbb7de;
9409 : fbb7de;
9410 : fbb7de;
9411 : fbb7de;
9412 : fbb7de;
9413 : fbb7de;
9414 : fbb7de;
9415 : fbb7de;
9416 : fbb7de;
9417 : fbb7de;
9418 : fbb7de;
9419 : fbb7de;
9420 : fbb7de;
9421 : fbb7de;
9422 : fbb7de;
9423 : ffbcdf;
9424 : f1a9ce;
9425 : e993be;
9426 : f698c4;
9427 : f19bc8;
9428 : dca1d4;
9429 : cba4e4;
9430 : a2b3ef;
9431 : 80c2f3;
9432 : 80c1f2;
9433 : 7bc3f4;
9434 : 7cc3f5;
9435 : 7fc0f6;
9436 : 82bff5;
9437 : 82bff5;
9438 : 81c0f5;
9439 : 81c0f5;
9440 : 81c0f5;
9441 : 81c0f5;
9442 : 81c0f5;
9443 : 81c0f5;
9444 : 81c0f5;
9445 : 81c0f5;
9446 : 81c0f5;
9447 : 81c0f5;
9448 : 81c0f5;
9449 : 81c0f5;
9450 : 81c0f5;
9451 : 81c0f5;
9452 : 81c0f5;
9453 : 82c0f5;
9454 : 80c0f5;
9455 : 7bc1f2;
9456 : 7cc0f4;
9457 : 7ec1f5;
9458 : 7bc4f2;
9459 : 7dc5ed;
9460 : 93bde6;
9461 : abb3e3;
9462 : cca3d8;
9463 : ea98ce;
9464 : f69ad2;
9465 : f58fc6;
9466 : f191c3;
9467 : feaedb;
9468 : ffbbe4;
9469 : f9b9e0;
9470 : fbb6de;
9471 : fdb6de;
9472 : feb7df;
9473 : fdb6de;
9474 : fdb6de;
9475 : fcb6de;
9476 : fbb7de;
9477 : fbb7de;
9478 : fbb7de;
9479 : fbb7de;
9480 : fbb7de;
9481 : fbb7de;
9482 : fbb7de;
9483 : fbb7de;
9484 : fbb7de;
9485 : fdb6de;
9486 : fdb6de;
9487 : fdb6de;
9488 : fdb6de;
9489 : fdb6de;
9490 : fdb6de;
9491 : feb7df;
9492 : feb7df;
9493 : ffb9e1;
9494 : ffb8e0;
9495 : f9b1d9;
9496 : f2a9d2;
9497 : f3a8d1;
9498 : f2a8d0;
9499 : f1a6cf;
9500 : f0a5ce;
9501 : eea3cc;
9502 : ea9fc8;
9503 : e99dc6;
9504 : e99ec7;
9505 : eba0c9;
9506 : eca1ca;
9507 : eea2cb;
9508 : f5aad1;
9509 : fdb2d9;
9510 : ffb7de;
9511 : ffb9e0;
9512 : feb5dc;
9513 : feb4db;
9514 : feb5dc;
9515 : feb4db;
9516 : feb3da;
9517 : feb3da;
9518 : ffb4db;
9519 : ffb8de;
9520 : f3a8cf;
9521 : dd93ba;
9522 : e193ba;
9523 : ed97be;
9524 : ea99bf;
9525 : cd84a7;
9526 : cd90af;
9527 : ecc1d9;
9528 : fee8f8;
9529 : ffffff;
9530 : bbb4bc;
9531 : 090109;
9532 : 000000;
9533 : 07020c;
9534 : 040009;
9535 : 04000a;
9536 : 07000b;
9537 : 040008;
9538 : 000000;
9539 : 000000;
9540 : 26262a;
9541 : e3e2e8;
9542 : f6eaf5;
9543 : bf9ab2;
9544 : c587a9;
9545 : e393be;
9546 : ee99c6;
9547 : e996c2;
9548 : e698c2;
9549 : f6a7d1;
9550 : ffb6e0;
9551 : ffb7e0;
9552 : fdb3db;
9553 : fdb4dc;
9554 : feb7df;
9555 : feb6de;
9556 : feb6de;
9557 : feb6de;
9558 : feb6de;
9559 : feb6de;
9560 : fdb6de;
9561 : fdb6de;
9562 : fdb6de;
9563 : fdb6de;
9564 : fdb6de;
9565 : fdb6de;
9566 : fdb6de;
9567 : fdb6de;
9568 : fbb7de;
9569 : fbb7de;
9570 : fbb7de;
9571 : fbb7de;
9572 : fbb7de;
9573 : fbb7de;
9574 : fbb7de;
9575 : fbb7de;
9576 : fbb7de;
9577 : fbb7de;
9578 : fbb7de;
9579 : fbb7de;
9580 : fbb7de;
9581 : fbb7de;
9582 : fab6dd;
9583 : fdbbde;
9584 : fcb4da;
9585 : eb97c3;
9586 : f094bf;
9587 : f69bc7;
9588 : e69dd0;
9589 : da9ede;
9590 : b3acea;
9591 : 89bdf0;
9592 : 80c0f1;
9593 : 78c4f5;
9594 : 7ac4f6;
9595 : 81bff6;
9596 : 84bef5;
9597 : 82bff5;
9598 : 81c0f5;
9599 : 81c0f5;
9600 : 81c0f5;
9601 : 81c0f5;
9602 : 81c0f5;
9603 : 81c0f5;
9604 : 81c0f5;
9605 : 81c0f5;
9606 : 81c0f5;
9607 : 81c0f5;
9608 : 81c0f5;
9609 : 81c0f5;
9610 : 81c0f5;
9611 : 81c0f5;
9612 : 81c0f5;
9613 : 82c0f5;
9614 : 81c0f5;
9615 : 7bc3f4;
9616 : 7bc2f5;
9617 : 7cc3f4;
9618 : 7ac5f1;
9619 : 81c4ea;
9620 : 9db9e1;
9621 : bcabdb;
9622 : db9ed5;
9623 : f197cf;
9624 : f698cf;
9625 : f191c4;
9626 : f49dca;
9627 : ffb6df;
9628 : fdbce2;
9629 : f9b7de;
9630 : fbb5dd;
9631 : fdb6de;
9632 : feb6df;
9633 : fdb6de;
9634 : fbb7de;
9635 : fbb7de;
9636 : fbb7de;
9637 : fbb7de;
9638 : fbb7de;
9639 : fbb7de;
9640 : fbb7de;
9641 : fbb7de;
9642 : fbb7de;
9643 : fbb7de;
9644 : fbb7de;
9645 : fdb6de;
9646 : fdb6de;
9647 : fdb6de;
9648 : fdb6de;
9649 : feb7df;
9650 : feb7df;
9651 : ffb8e0;
9652 : fdb6de;
9653 : f4aed6;
9654 : e9a2ca;
9655 : e19ac1;
9656 : df96be;
9657 : e295bf;
9658 : e396c0;
9659 : e395bf;
9660 : e095be;
9661 : df94bd;
9662 : df94bd;
9663 : e096be;
9664 : e095be;
9665 : e095be;
9666 : df95be;
9667 : e297c0;
9668 : e69bc2;
9669 : e79cc4;
9670 : f2a7cf;
9671 : feb3db;
9672 : ffb4dc;
9673 : fdb2d9;
9674 : fcb1d8;
9675 : feb3d9;
9676 : feb4d9;
9677 : feb4d9;
9678 : ffb6db;
9679 : ffb6db;
9680 : eda3c8;
9681 : dc93b8;
9682 : e295ba;
9683 : ef9cc1;
9684 : d98db0;
9685 : cf92b0;
9686 : f4cbe4;
9687 : fff2ff;
9688 : fdfaff;
9689 : ffffff;
9690 : dce1e5;
9691 : 1d1f24;
9692 : 000000;
9693 : 000105;
9694 : 000000;
9695 : 000000;
9696 : 000000;
9697 : 000000;
9698 : 030002;
9699 : 2a1e26;
9700 : ab97a1;
9701 : f0d6e4;
9702 : bf9aae;
9703 : c284a5;
9704 : ea91bf;
9705 : f295c4;
9706 : ed96c3;
9707 : ec96c3;
9708 : eb97c3;
9709 : faa8d4;
9710 : ffb3df;
9711 : ffb3de;
9712 : ffb3dc;
9713 : fdb4dd;
9714 : feb7de;
9715 : feb6de;
9716 : feb6de;
9717 : feb6de;
9718 : feb6de;
9719 : feb6de;
9720 : fdb6de;
9721 : fdb6de;
9722 : fdb6de;
9723 : fdb6de;
9724 : fdb6de;
9725 : fdb6de;
9726 : fdb6de;
9727 : fdb6de;
9728 : fbb7de;
9729 : fbb7de;
9730 : fbb7de;
9731 : fbb7de;
9732 : fbb7de;
9733 : fbb7de;
9734 : fbb7de;
9735 : fbb7de;
9736 : fbb7de;
9737 : fbb7de;
9738 : fbb7de;
9739 : fbb7de;
9740 : fbb7de;
9741 : fbb7de;
9742 : fbb8de;
9743 : fab9da;
9744 : ffbbe2;
9745 : f2a4d2;
9746 : e992be;
9747 : f198c3;
9748 : e89bcc;
9749 : e19cd8;
9750 : c1a7e5;
9751 : 97b7ee;
9752 : 85beef;
9753 : 77c5f4;
9754 : 7bc3f6;
9755 : 82bef6;
9756 : 84bef5;
9757 : 81c0f3;
9758 : 81c0f4;
9759 : 81c0f5;
9760 : 81c0f5;
9761 : 81c0f5;
9762 : 81c0f5;
9763 : 81c0f5;
9764 : 81c0f5;
9765 : 81c0f5;
9766 : 81c0f5;
9767 : 81c0f5;
9768 : 81c0f5;
9769 : 81c0f5;
9770 : 81c0f5;
9771 : 81c0f5;
9772 : 81c0f5;
9773 : 82c0f5;
9774 : 80c0f5;
9775 : 7bc3f6;
9776 : 7bc4f6;
9777 : 7cc4f4;
9778 : 79c7ef;
9779 : 81c5e8;
9780 : a2b9de;
9781 : c9a7d7;
9782 : e39dd5;
9783 : ee9bd3;
9784 : ed92ca;
9785 : ee92c8;
9786 : fbacd7;
9787 : ffbce0;
9788 : fab8dd;
9789 : fab4db;
9790 : fcb4dc;
9791 : feb6de;
9792 : feb7df;
9793 : fbb7de;
9794 : fbb7de;
9795 : fab8de;
9796 : fab8de;
9797 : fab8de;
9798 : fab8de;
9799 : fab8de;
9800 : fab8de;
9801 : fab8de;
9802 : fab8de;
9803 : fab7de;
9804 : fab7de;
9805 : fcb6de;
9806 : fdb4dd;
9807 : feb6de;
9808 : ffbae2;
9809 : ffbae2;
9810 : fcb6de;
9811 : f3add5;
9812 : eaa3cc;
9813 : e39bc4;
9814 : df97bf;
9815 : e097be;
9816 : e297bf;
9817 : e698c2;
9818 : e797c2;
9819 : e697c1;
9820 : e597c1;
9821 : e496c0;
9822 : e596c0;
9823 : e798c3;
9824 : e799c3;
9825 : e597c1;
9826 : e497c1;
9827 : e699c2;
9828 : e699c3;
9829 : e194be;
9830 : df94bd;
9831 : e99fc8;
9832 : f9aed7;
9833 : ffb4dd;
9834 : ffb4de;
9835 : feb5db;
9836 : feb5d8;
9837 : feb4d9;
9838 : ffb7dc;
9839 : feb5da;
9840 : e9a0c4;
9841 : df94b9;
9842 : e299bc;
9843 : da96b4;
9844 : dfa0bc;
9845 : fcd1eb;
9846 : ffe5fa;
9847 : ffecfc;
9848 : fff6ff;
9849 : ffffff;
9850 : ffffff;
9851 : 98929d;
9852 : 000000;
9853 : 000000;
9854 : 160a17;
9855 : 2c1b28;
9856 : 5a4755;
9857 : 8b7181;
9858 : be9aa9;
9859 : edc5d4;
9860 : eec5d4;
9861 : c9a0b1;
9862 : c394ab;
9863 : e19ec1;
9864 : f196c6;
9865 : ea8fbe;
9866 : e28fbc;
9867 : e593bf;
9868 : efa0ca;
9869 : fdb1db;
9870 : feb5de;
9871 : f9b4dc;
9872 : fbb6dd;
9873 : fdb5dd;
9874 : feb6de;
9875 : feb6de;
9876 : feb6de;
9877 : feb6de;
9878 : feb6de;
9879 : feb6de;
9880 : fdb6de;
9881 : fdb6de;
9882 : fdb6de;
9883 : fdb6de;
9884 : fdb6de;
9885 : fdb6de;
9886 : fdb6de;
9887 : fdb6de;
9888 : fbb7de;
9889 : fbb7de;
9890 : fbb7de;
9891 : fbb7de;
9892 : fbb7de;
9893 : fbb7de;
9894 : fbb7de;
9895 : fbb7de;
9896 : fbb7de;
9897 : fbb7de;
9898 : fbb7de;
9899 : fbb7de;
9900 : fbb7de;
9901 : fbb7de;
9902 : fbb8de;
9903 : f9b7db;
9904 : fdbbe5;
9905 : f9b0e0;
9906 : eb97c5;
9907 : ee95c2;
9908 : e99acd;
9909 : e49cd7;
9910 : c6a6e4;
9911 : 9db2ea;
9912 : 8abcee;
9913 : 79c5f5;
9914 : 7cc1f9;
9915 : 85bcf7;
9916 : 85bef5;
9917 : 80c1f3;
9918 : 80c0f4;
9919 : 81c0f5;
9920 : 81c0f5;
9921 : 81c0f5;
9922 : 81c0f5;
9923 : 81c0f5;
9924 : 81c0f5;
9925 : 81c0f5;
9926 : 81c0f5;
9927 : 81c0f5;
9928 : 81c0f5;
9929 : 81c0f5;
9930 : 81c0f5;
9931 : 81c0f5;
9932 : 81c0f5;
9933 : 82c0f5;
9934 : 80c0f5;
9935 : 7ac5f5;
9936 : 78c6f6;
9937 : 78c5f5;
9938 : 7bc6ef;
9939 : 8cc0e8;
9940 : aeb3de;
9941 : cfa4d5;
9942 : e99cd4;
9943 : f097d1;
9944 : e28ec3;
9945 : eb9dcc;
9946 : feb7e0;
9947 : feb8de;
9948 : fab4da;
9949 : fab5da;
9950 : fbb6dc;
9951 : fcb7de;
9952 : fcb7df;
9953 : fbb7de;
9954 : fbb7de;
9955 : fab8de;
9956 : fab8de;
9957 : fab8de;
9958 : fbb7de;
9959 : fbb7de;
9960 : fbb7de;
9961 : fbb7de;
9962 : fbb7de;
9963 : fcb8de;
9964 : fcb8de;
9965 : fdb8df;
9966 : ffbbe3;
9967 : ffbbe3;
9968 : f7afd7;
9969 : efa5ce;
9970 : eaa1ca;
9971 : e59bc4;
9972 : e299c2;
9973 : e29cc4;
9974 : e59fc6;
9975 : e79fc7;
9976 : e499c2;
9977 : df94bd;
9978 : e699c3;
9979 : eb9ec8;
9980 : eea4cd;
9981 : f3aad4;
9982 : efa5d0;
9983 : dc92bb;
9984 : d489b2;
9985 : dd91bb;
9986 : e595c0;
9987 : e598c2;
9988 : e09bc2;
9989 : e19ac2;
9990 : de94bd;
9991 : de92bc;
9992 : eca0c9;
9993 : feb3dc;
9994 : ffb6df;
9995 : fdb2d9;
9996 : fdb3d8;
9997 : feb4da;
9998 : ffb7dd;
9999 : f9aed3;
10000 : e196bd;
10001 : e093ba;
10002 : e099bc;
10003 : d59ab6;
10004 : da9fbb;
10005 : dda5c1;
10006 : d7a3bd;
10007 : deaec6;
10008 : e5bad2;
10009 : e7bed6;
10010 : f5d0e6;
10011 : f3cde2;
10012 : ab8398;
10013 : aa8096;
10014 : d7a9c0;
10015 : e5b2cb;
10016 : f7c2dc;
10017 : ffcae5;
10018 : f7bad3;
10019 : e7a9c1;
10020 : d99bb4;
10021 : d99ab6;
10022 : dd9fbc;
10023 : e59ec2;
10024 : ea96c1;
10025 : e190ba;
10026 : e298c0;
10027 : f1a6ce;
10028 : fbb1d9;
10029 : feb7de;
10030 : fab5dc;
10031 : f8b5db;
10032 : fbb7dc;
10033 : fdb5dd;
10034 : feb6de;
10035 : feb6de;
10036 : feb6de;
10037 : feb6de;
10038 : feb6de;
10039 : feb6de;
10040 : fdb6de;
10041 : fdb6de;
10042 : fdb6de;
10043 : fdb6de;
10044 : fdb6de;
10045 : fdb6de;
10046 : fdb6de;
10047 : fdb6de;
10048 : fbb7de;
10049 : fbb7de;
10050 : fbb7de;
10051 : fbb7de;
10052 : fbb7de;
10053 : fbb7de;
10054 : fbb7de;
10055 : fbb7de;
10056 : fbb8df;
10057 : fbb8df;
10058 : fbb8df;
10059 : fbb8de;
10060 : fab7de;
10061 : fbb7de;
10062 : fab8dd;
10063 : fab8e0;
10064 : fbb8e1;
10065 : feb6e0;
10066 : f2a2cc;
10067 : e997c2;
10068 : e89bcc;
10069 : e69bd5;
10070 : d59ee0;
10071 : b1aae9;
10072 : 8fbaed;
10073 : 76c6f6;
10074 : 78c4f9;
10075 : 84bef8;
10076 : 85bdf5;
10077 : 81c0f3;
10078 : 80c0f4;
10079 : 81c0f5;
10080 : 81c0f5;
10081 : 81c0f5;
10082 : 81c0f5;
10083 : 81c0f5;
10084 : 81c0f5;
10085 : 81c0f5;
10086 : 81c0f5;
10087 : 81c0f5;
10088 : 81c0f5;
10089 : 81c0f5;
10090 : 81c0f5;
10091 : 81c0f5;
10092 : 81c0f5;
10093 : 82c0f5;
10094 : 81c0f5;
10095 : 7bc3f4;
10096 : 77c5f5;
10097 : 76c6f5;
10098 : 82c2f1;
10099 : 9eb7e8;
10100 : bea9dd;
10101 : d5a0d4;
10102 : ef99d1;
10103 : f28fc8;
10104 : e193c3;
10105 : f4b3dc;
10106 : ffbde4;
10107 : fdb4dc;
10108 : fbb3dc;
10109 : f9b6de;
10110 : fab8de;
10111 : fab8de;
10112 : fab8de;
10113 : fab8de;
10114 : fab8de;
10115 : fab8de;
10116 : f9b8de;
10117 : fcb7de;
10118 : ffb6de;
10119 : ffb6de;
10120 : ffb6de;
10121 : ffb6de;
10122 : ffb6de;
10123 : ffb7df;
10124 : feb6de;
10125 : ffbce3;
10126 : febce3;
10127 : eba4cc;
10128 : d890b8;
10129 : da90b9;
10130 : e197c0;
10131 : e499c2;
10132 : e39dc4;
10133 : df9ec5;
10134 : e2a2c7;
10135 : eaa8cf;
10136 : eeacd3;
10137 : f4b5da;
10138 : fbbae0;
10139 : ebabd1;
10140 : d397be;
10141 : c38db2;
10142 : d7a2c4;
10143 : e7b5d6;
10144 : ce9dbe;
10145 : d29cbe;
10146 : cf94b7;
10147 : c387ac;
10148 : d397bb;
10149 : de9fc4;
10150 : de99c0;
10151 : e095be;
10152 : e99dc6;
10153 : fbb1da;
10154 : ffb6df;
10155 : fbb0d8;
10156 : fcb0d8;
10157 : fdb2d9;
10158 : ffb7de;
10159 : f6aad2;
10160 : d98eb5;
10161 : dc90b8;
10162 : dd94b9;
10163 : d998b9;
10164 : dc9cbd;
10165 : d796b8;
10166 : d390b2;
10167 : d08cae;
10168 : d08bad;
10169 : d28bae;
10170 : c988a8;
10171 : d69cb9;
10172 : f9bddb;
10173 : fdbbda;
10174 : f2adce;
10175 : eea8c9;
10176 : e79ebf;
10177 : e298ba;
10178 : e39bbb;
10179 : e49bbd;
10180 : e69abe;
10181 : e798bd;
10182 : e393ba;
10183 : df8eb6;
10184 : e291b9;
10185 : e89dc4;
10186 : f6b0d5;
10187 : ffbbe0;
10188 : ffb9df;
10189 : fdb5db;
10190 : fdb5db;
10191 : feb5db;
10192 : fdb5db;
10193 : fdb5dd;
10194 : fdb5dd;
10195 : fdb5dd;
10196 : fdb5dd;
10197 : fdb5dd;
10198 : fdb5dd;
10199 : fdb5dd;
10200 : feb6de;
10201 : feb6de;
10202 : feb6de;
10203 : feb6de;
10204 : feb6de;
10205 : feb6de;
10206 : feb6de;
10207 : feb6de;
10208 : fbb7de;
10209 : fbb7de;
10210 : fbb7de;
10211 : fbb7de;
10212 : fbb7de;
10213 : fbb7de;
10214 : fbb7de;
10215 : fbb7de;
10216 : fbb8df;
10217 : fbb8df;
10218 : fbb7df;
10219 : fcbae1;
10220 : ffbde3;
10221 : fcb9df;
10222 : f9b7dd;
10223 : f9b7e0;
10224 : fcb7de;
10225 : ffb9dd;
10226 : f6acd0;
10227 : e69ac1;
10228 : e79aca;
10229 : ea9bcf;
10230 : e799d9;
10231 : c9a1e7;
10232 : 97b6ea;
10233 : 74c7f4;
10234 : 74c6f8;
10235 : 81bef7;
10236 : 86bdf5;
10237 : 81c0f2;
10238 : 80c0f4;
10239 : 81c0f5;
10240 : 81c0f5;
10241 : 81c0f5;
10242 : 81c0f5;
10243 : 81c0f5;
10244 : 81c0f5;
10245 : 81c0f5;
10246 : 81c0f5;
10247 : 81c0f5;
10248 : 81c0f5;
10249 : 81c0f5;
10250 : 81c0f5;
10251 : 81c0f5;
10252 : 81c0f5;
10253 : 81c0f5;
10254 : 81c0f5;
10255 : 82bff6;
10256 : 7dc1f7;
10257 : 7ac4f4;
10258 : 87c0ee;
10259 : a5b4e4;
10260 : c9a4d9;
10261 : e799d1;
10262 : f395cd;
10263 : eb90c6;
10264 : ec9fce;
10265 : ffbce4;
10266 : fdb9e0;
10267 : fcb4dc;
10268 : fdb5dd;
10269 : fab6df;
10270 : f9b8de;
10271 : fab8de;
10272 : fab8de;
10273 : fab8de;
10274 : fab8de;
10275 : fab8de;
10276 : f9b8de;
10277 : fbb7de;
10278 : fdb6de;
10279 : fdb6de;
10280 : fdb6de;
10281 : fdb6de;
10282 : fdb6de;
10283 : fdb6de;
10284 : ffb8e1;
10285 : fdb7de;
10286 : e49dc5;
10287 : d088b1;
10288 : da94bc;
10289 : e19dc5;
10290 : df9fc5;
10291 : db9fc3;
10292 : d89ec1;
10293 : dfaaca;
10294 : efbbdb;
10295 : e3b0d0;
10296 : bc8dab;
10297 : 976b89;
10298 : 734b66;
10299 : 502842;
10300 : 330e2a;
10301 : 0f000b;
10302 : 1f031c;
10303 : c1aac2;
10304 : ffffff;
10305 : fde6fd;
10306 : e7d7eb;
10307 : dfc1d9;
10308 : dda2c6;
10309 : d496bb;
10310 : db99bf;
10311 : df98c0;
10312 : e89dc6;
10313 : f9add7;
10314 : ffb4de;
10315 : feb2da;
10316 : fdb2d9;
10317 : fdb2d9;
10318 : ffb4db;
10319 : fbb0d7;
10320 : eda2c9;
10321 : e195bc;
10322 : d68eb3;
10323 : d695b8;
10324 : da99bc;
10325 : db9abc;
10326 : de9dc0;
10327 : df9ec1;
10328 : df9ec1;
10329 : df9fc1;
10330 : df9cbe;
10331 : e19dbe;
10332 : e69fc1;
10333 : e59abe;
10334 : e598bd;
10335 : e899be;
10336 : e997bd;
10337 : e594b9;
10338 : de94b6;
10339 : dd94b6;
10340 : dd93b6;
10341 : dc92b7;
10342 : e297bc;
10343 : eea3c9;
10344 : faaed6;
10345 : ffb8df;
10346 : ffbbe1;
10347 : ffb8de;
10348 : feb6dc;
10349 : fdb5db;
10350 : fdb5db;
10351 : fdb5db;
10352 : fdb5db;
10353 : fdb5dd;
10354 : fdb5dd;
10355 : fdb5dd;
10356 : fdb5dd;
10357 : fdb5dd;
10358 : fdb5dd;
10359 : fdb5dd;
10360 : feb6de;
10361 : feb6de;
10362 : feb6de;
10363 : feb6de;
10364 : feb6de;
10365 : feb6de;
10366 : feb6de;
10367 : feb6de;
10368 : fbb7de;
10369 : fbb7de;
10370 : fbb7de;
10371 : fbb7de;
10372 : fbb7de;
10373 : fbb7de;
10374 : fbb7de;
10375 : fbb7de;
10376 : fbb7de;
10377 : fcb8df;
10378 : fdb9e0;
10379 : f7b2d9;
10380 : f4afd7;
10381 : fcb7df;
10382 : fcb8df;
10383 : f8b6df;
10384 : fbb7de;
10385 : ffb8de;
10386 : fcb1d6;
10387 : ec9fc9;
10388 : e799c9;
10389 : eb9bcd;
10390 : e89bd9;
10391 : cda2e4;
10392 : 9fb3e7;
10393 : 7bc3ee;
10394 : 78c4f5;
10395 : 80c0f6;
10396 : 83bff4;
10397 : 7fc2f2;
10398 : 80c1f4;
10399 : 81c0f6;
10400 : 81c0f5;
10401 : 81c0f5;
10402 : 81c0f5;
10403 : 81c0f5;
10404 : 81c0f5;
10405 : 81c0f5;
10406 : 81c0f5;
10407 : 81c0f5;
10408 : 81c0f5;
10409 : 81c0f5;
10410 : 81c0f5;
10411 : 81c0f5;
10412 : 81c0f5;
10413 : 81c0f5;
10414 : 82c0f5;
10415 : 82bff8;
10416 : 7cc1f7;
10417 : 79c4f2;
10418 : 8bbfea;
10419 : b0afdf;
10420 : d59fd4;
10421 : f295cd;
10422 : f490c7;
10423 : ed97c9;
10424 : fab1dd;
10425 : febde4;
10426 : f9b5db;
10427 : fdb4dc;
10428 : fdb6de;
10429 : fbb6df;
10430 : fab8de;
10431 : fab8de;
10432 : fab8de;
10433 : fab8de;
10434 : fab8de;
10435 : fab8de;
10436 : f9b8de;
10437 : fbb7de;
10438 : fdb6de;
10439 : fdb6de;
10440 : fdb6de;
10441 : fdb6de;
10442 : fdb6de;
10443 : feb7df;
10444 : ffbae2;
10445 : e9a2ca;
10446 : d28ab2;
10447 : dd95be;
10448 : e19cc3;
10449 : dd9ec3;
10450 : d49ec1;
10451 : c796b6;
10452 : d4abc8;
10453 : c1a2ba;
10454 : 6d5067;
10455 : 351b31;
10456 : 150316;
10457 : 000001;
10458 : 000000;
10459 : 000002;
10460 : 000005;
10461 : 000004;
10462 : 000000;
10463 : 777282;
10464 : ffffff;
10465 : ffffff;
10466 : ffffff;
10467 : fae3f7;
10468 : d7a0c4;
10469 : ca90b3;
10470 : d898bd;
10471 : de98bf;
10472 : e69bc4;
10473 : f6a9d3;
10474 : ffb2dd;
10475 : feb2da;
10476 : fdb2d9;
10477 : fdb2d9;
10478 : fcb1d8;
10479 : fbb0d7;
10480 : feb3da;
10481 : faadd5;
10482 : eba2c8;
10483 : dd9bbe;
10484 : d897b9;
10485 : d895b8;
10486 : d996b9;
10487 : db99bc;
10488 : dd9bbe;
10489 : dc9bbd;
10490 : e198bc;
10491 : e698be;
10492 : e699bf;
10493 : e597be;
10494 : e595bc;
10495 : e998be;
10496 : ea97be;
10497 : e392b9;
10498 : df93b8;
10499 : e79cc1;
10500 : f0a6ca;
10501 : f5abd2;
10502 : fcb3d9;
10503 : ffbae0;
10504 : ffbae0;
10505 : ffb9df;
10506 : feb7dd;
10507 : fcb3d9;
10508 : fcb4da;
10509 : fdb5db;
10510 : fdb5db;
10511 : fdb5db;
10512 : fdb5db;
10513 : fdb5dd;
10514 : fdb5dd;
10515 : fdb5dd;
10516 : fdb5dd;
10517 : fdb5dd;
10518 : fdb5dd;
10519 : fdb5dd;
10520 : feb6de;
10521 : feb6de;
10522 : feb6de;
10523 : feb6de;
10524 : feb6de;
10525 : feb6de;
10526 : feb6de;
10527 : feb6de;
10528 : fdb6de;
10529 : fdb6de;
10530 : fdb6de;
10531 : fcb6de;
10532 : fdb6de;
10533 : fdb7df;
10534 : fcb6de;
10535 : fcb6de;
10536 : fcb9e0;
10537 : fdb9e0;
10538 : ffbce3;
10539 : e29fc6;
10540 : c07da3;
10541 : e5a1c9;
10542 : ffbde4;
10543 : fbb9e0;
10544 : fcb8de;
10545 : ffb7dd;
10546 : ffb5dc;
10547 : f3a6d0;
10548 : e799c7;
10549 : e99aca;
10550 : ea9ad3;
10551 : d7a1df;
10552 : abb0e2;
10553 : 87beea;
10554 : 7bc3f3;
10555 : 7dc2f4;
10556 : 7fc1f3;
10557 : 7ec2f1;
10558 : 80c0f4;
10559 : 81c0f6;
10560 : 81c0f5;
10561 : 81c0f5;
10562 : 81c0f5;
10563 : 81c0f5;
10564 : 81c0f5;
10565 : 81c0f5;
10566 : 81c0f5;
10567 : 81c0f5;
10568 : 81c0f5;
10569 : 81c0f5;
10570 : 81c0f5;
10571 : 81c0f5;
10572 : 81c0f5;
10573 : 81c0f5;
10574 : 82c0f5;
10575 : 7dc1f7;
10576 : 77c5f4;
10577 : 78c7ee;
10578 : 92bce6;
10579 : bbaadc;
10580 : df9bd1;
10581 : f294c9;
10582 : f191c4;
10583 : f29ecf;
10584 : ffb9e4;
10585 : fbbbe0;
10586 : f9b5da;
10587 : fdb5dc;
10588 : fdb5df;
10589 : fab6df;
10590 : fab8de;
10591 : fab8de;
10592 : fab8de;
10593 : fab8de;
10594 : fab8de;
10595 : fab8de;
10596 : f9b8de;
10597 : fbb7de;
10598 : fdb6de;
10599 : fdb6de;
10600 : fdb6de;
10601 : feb7df;
10602 : ffb8e0;
10603 : fbb4dc;
10604 : eea7cf;
10605 : dc95bd;
10606 : dc94bc;
10607 : e298c1;
10608 : dc98bf;
10609 : d096ba;
10610 : c697b6;
10611 : deb5d3;
10612 : ffe9ff;
10613 : 675f6d;
10614 : 000000;
10615 : 000000;
10616 : 000003;
10617 : 00000a;
10618 : 00020d;
10619 : 00060e;
10620 : 00040d;
10621 : 000004;
10622 : 000000;
10623 : 78737f;
10624 : ffffff;
10625 : fadff8;
10626 : d9b7d2;
10627 : c598b8;
10628 : cd94b7;
10629 : d69abe;
10630 : d999be;
10631 : dc95bd;
10632 : e79cc5;
10633 : f7abd4;
10634 : ffb1db;
10635 : feb2da;
10636 : fdb3d9;
10637 : fdb2d9;
10638 : feb3da;
10639 : feb3da;
10640 : feb3da;
10641 : ffb6de;
10642 : ffb8de;
10643 : f8b3d7;
10644 : eea9cd;
10645 : e59fc4;
10646 : de98bd;
10647 : dd97bb;
10648 : de98bc;
10649 : dd98bc;
10650 : e098be;
10651 : e39ac1;
10652 : e39ac1;
10653 : e399c0;
10654 : e69bc2;
10655 : ea9fc6;
10656 : efa4ca;
10657 : f3a7cf;
10658 : faadd6;
10659 : ffb4dc;
10660 : ffb9df;
10661 : ffbadf;
10662 : ffb8df;
10663 : feb7dd;
10664 : feb6dc;
10665 : fdb5db;
10666 : fdb4da;
10667 : fdb5db;
10668 : fdb5db;
10669 : fdb5db;
10670 : fdb5db;
10671 : fdb5db;
10672 : fdb5db;
10673 : fdb5dd;
10674 : fdb5dd;
10675 : fdb5dd;
10676 : fdb5dd;
10677 : fdb5dd;
10678 : fdb5dd;
10679 : fdb5dd;
10680 : feb6de;
10681 : feb6de;
10682 : feb6de;
10683 : feb6de;
10684 : feb6de;
10685 : feb6de;
10686 : feb6de;
10687 : feb6de;
10688 : fdb6de;
10689 : feb6de;
10690 : fdb6de;
10691 : fdb5dd;
10692 : fdb6de;
10693 : feb7df;
10694 : ffbce4;
10695 : ffbce4;
10696 : f5b1d8;
10697 : e5a0c8;
10698 : e29dc5;
10699 : e09cc3;
10700 : d18db4;
10701 : df9ac2;
10702 : f9b5dc;
10703 : fcb9e0;
10704 : fbb7de;
10705 : fab6dc;
10706 : fcb5dc;
10707 : f0a6cf;
10708 : e597c4;
10709 : ea99c7;
10710 : ee9ad0;
10711 : de9ed8;
10712 : b6abdc;
10713 : 91bae7;
10714 : 80c2f0;
10715 : 7ec1f4;
10716 : 7ec1f3;
10717 : 7fc1f3;
10718 : 81c0f5;
10719 : 81c0f5;
10720 : 81c0f5;
10721 : 81c0f5;
10722 : 81c0f5;
10723 : 81c0f5;
10724 : 81c0f5;
10725 : 81c0f5;
10726 : 81c0f5;
10727 : 81c0f5;
10728 : 81c0f5;
10729 : 81c0f5;
10730 : 81c0f5;
10731 : 81c0f5;
10732 : 81c0f5;
10733 : 81c0f5;
10734 : 81c0f5;
10735 : 7ac3f3;
10736 : 74c7f1;
10737 : 7ec5ea;
10738 : a1b7e1;
10739 : cda2d8;
10740 : ea96d0;
10741 : ee94ca;
10742 : ec95c6;
10743 : f8a5d3;
10744 : ffbce3;
10745 : f9bbdd;
10746 : f8b6d9;
10747 : fdb5dc;
10748 : fdb4df;
10749 : fbb5df;
10750 : fab8de;
10751 : fab8de;
10752 : fab8de;
10753 : fab8de;
10754 : fab8de;
10755 : fab8de;
10756 : fab8de;
10757 : fab8de;
10758 : fbb7de;
10759 : fbb7de;
10760 : fbb7de;
10761 : fbb7de;
10762 : febae1;
10763 : fbb7de;
10764 : e3a0c7;
10765 : d993ba;
10766 : de96be;
10767 : df96be;
10768 : dc96bd;
10769 : e4a9cc;
10770 : f9cfee;
10771 : ffeeff;
10772 : ffffff;
10773 : 8d8791;
10774 : 000000;
10775 : 000000;
10776 : 000004;
10777 : 000000;
10778 : 000000;
10779 : 000000;
10780 : 000000;
10781 : 000000;
10782 : 241728;
10783 : c7aec4;
10784 : fdd6f1;
10785 : c993b5;
10786 : ca87af;
10787 : d893bc;
10788 : db9ec3;
10789 : d999be;
10790 : da95bc;
10791 : e096be;
10792 : efa3cc;
10793 : fdb2db;
10794 : feb4dd;
10795 : fdb3da;
10796 : fdb2d9;
10797 : fdb2d9;
10798 : feb3da;
10799 : feb3da;
10800 : ffb4db;
10801 : ffb4db;
10802 : ffb5dc;
10803 : feb5dc;
10804 : fdb4db;
10805 : fdb5db;
10806 : fab2d8;
10807 : f8afd5;
10808 : f6add3;
10809 : f5acd1;
10810 : f3abd3;
10811 : f2acd5;
10812 : f4add6;
10813 : f4aed6;
10814 : f3afd6;
10815 : f5b3d9;
10816 : fab8df;
10817 : febae2;
10818 : ffb7e3;
10819 : feb5df;
10820 : fcb3dc;
10821 : fdb4dd;
10822 : feb6dd;
10823 : feb6dc;
10824 : feb6dc;
10825 : fdb5db;
10826 : fdb5db;
10827 : fdb5db;
10828 : fdb5db;
10829 : fdb5db;
10830 : fdb5db;
10831 : fdb5db;
10832 : fdb5db;
10833 : fdb5dd;
10834 : fdb5dd;
10835 : fdb5dd;
10836 : fdb5dd;
10837 : fdb5dd;
10838 : fdb5dd;
10839 : fdb5dd;
10840 : feb6de;
10841 : feb6de;
10842 : feb6de;
10843 : feb6de;
10844 : feb6de;
10845 : feb6de;
10846 : feb6de;
10847 : feb6de;
10848 : fdb6de;
10849 : fcb5dd;
10850 : fdb5dd;
10851 : ffb8e0;
10852 : ffbae2;
10853 : ffb8e0;
10854 : f9b3db;
10855 : eca5cd;
10856 : dd96be;
10857 : db94bc;
10858 : de97bf;
10859 : e49dc5;
10860 : e8a1c9;
10861 : e19ac2;
10862 : eea7ce;
10863 : f9b4da;
10864 : f8b5db;
10865 : f9b6dd;
10866 : fab6de;
10867 : f4abd4;
10868 : e89ac5;
10869 : eb98c4;
10870 : f09bcc;
10871 : e29ed4;
10872 : c0a8da;
10873 : 9bb5e4;
10874 : 85c0ef;
10875 : 7ec2f6;
10876 : 80c0f7;
10877 : 82bff5;
10878 : 81c0f5;
10879 : 81c0f5;
10880 : 81c0f5;
10881 : 81c0f5;
10882 : 81c0f5;
10883 : 81c0f5;
10884 : 81c0f5;
10885 : 81c0f5;
10886 : 81c0f5;
10887 : 81c0f5;
10888 : 81c0f5;
10889 : 81c0f5;
10890 : 81c0f5;
10891 : 82c0f5;
10892 : 82c0f5;
10893 : 82bff5;
10894 : 82bff5;
10895 : 7ec3ef;
10896 : 79c7ec;
10897 : 88c1e8;
10898 : b2aee1;
10899 : e297d8;
10900 : f78ed1;
10901 : ee92cd;
10902 : ed99cc;
10903 : feadd8;
10904 : febbe0;
10905 : f8badb;
10906 : f9b8db;
10907 : feb5dc;
10908 : ffb4df;
10909 : fbb5e2;
10910 : f9b8df;
10911 : fab8dd;
10912 : fab8de;
10913 : fab8de;
10914 : fab8de;
10915 : fab8de;
10916 : fab8de;
10917 : fab8de;
10918 : fbb7de;
10919 : fbb7de;
10920 : fbb7de;
10921 : fab6dd;
10922 : feb9e1;
10923 : ffbce3;
10924 : e5a1c8;
10925 : d790b8;
10926 : e097bf;
10927 : e095be;
10928 : df96bf;
10929 : e9aed2;
10930 : edc6e4;
10931 : f1d7f2;
10932 : ffffff;
10933 : f4eef4;
10934 : 473946;
10935 : 000000;
10936 : 0b0008;
10937 : 1e0919;
10938 : 341f2f;
10939 : 4c3546;
10940 : 745568;
10941 : ae899e;
10942 : e1bad2;
10943 : ebbfda;
10944 : cd96b6;
10945 : cc8cb2;
10946 : de94c0;
10947 : e297c2;
10948 : da96bd;
10949 : d991b9;
10950 : de92bc;
10951 : ea9bc6;
10952 : faadd7;
10953 : ffb6df;
10954 : fdb4dd;
10955 : fdb3db;
10956 : feb2d9;
10957 : fdb2d9;
10958 : feb3da;
10959 : feb3da;
10960 : ffb4db;
10961 : ffb4db;
10962 : ffb4db;
10963 : ffb4db;
10964 : ffb4dc;
10965 : ffb7de;
10966 : ffb6dd;
10967 : ffb5dc;
10968 : ffb6dd;
10969 : ffb6dd;
10970 : ffb5df;
10971 : ffb4e0;
10972 : ffb5e1;
10973 : ffb7e3;
10974 : fdb8e2;
10975 : fbb7e1;
10976 : f9b7e0;
10977 : f8b6e0;
10978 : f8b4e1;
10979 : f9b4df;
10980 : fab4df;
10981 : fdb5df;
10982 : ffb6de;
10983 : ffb5dd;
10984 : ffb4dc;
10985 : feb4db;
10986 : fdb5da;
10987 : fdb5da;
10988 : fdb5da;
10989 : fdb5da;
10990 : fdb5da;
10991 : fdb5da;
10992 : fdb5da;
10993 : fdb5dd;
10994 : fdb5dd;
10995 : fdb5dd;
10996 : fdb5dd;
10997 : fdb5dd;
10998 : fdb5dd;
10999 : fdb5dd;
11000 : feb6de;
11001 : feb6de;
11002 : feb6de;
11003 : feb6de;
11004 : feb6de;
11005 : feb6de;
11006 : feb6de;
11007 : feb6de;
11008 : feb6de;
11009 : ffb7df;
11010 : ffbae2;
11011 : ffbae1;
11012 : f9b1d9;
11013 : eaa2ca;
11014 : da93bb;
11015 : d993bb;
11016 : e09ac1;
11017 : e29bc3;
11018 : e29ac2;
11019 : e19bc2;
11020 : d791b8;
11021 : dd95bd;
11022 : f3add5;
11023 : f8b5da;
11024 : f7b6da;
11025 : f8b7dc;
11026 : fbb9e1;
11027 : f9b2dc;
11028 : eb9ec7;
11029 : eb98c1;
11030 : f099c9;
11031 : e59ed4;
11032 : c3a9dc;
11033 : 9fb3e5;
11034 : 89bcf0;
11035 : 80c0f8;
11036 : 82befa;
11037 : 86bcf8;
11038 : 83bff5;
11039 : 80c1f5;
11040 : 81c0f5;
11041 : 81c0f5;
11042 : 81c0f5;
11043 : 81c0f5;
11044 : 81c0f5;
11045 : 81c0f5;
11046 : 81c0f5;
11047 : 81c0f5;
11048 : 81c0f5;
11049 : 81c0f5;
11050 : 80c0f5;
11051 : 80c0f5;
11052 : 7fc1f5;
11053 : 7fc1f5;
11054 : 7fc2f5;
11055 : 7bc5f2;
11056 : 7dc4eb;
11057 : 98bce5;
11058 : c2aadb;
11059 : eb96d2;
11060 : fb92cf;
11061 : ec91c9;
11062 : ea9ac9;
11063 : ffb4dd;
11064 : fdb8df;
11065 : fab8dc;
11066 : fab9dd;
11067 : fcb5dc;
11068 : fcb5de;
11069 : fab6df;
11070 : fab8de;
11071 : fab8de;
11072 : fab8de;
11073 : fab8de;
11074 : fab8de;
11075 : fab8de;
11076 : fab8de;
11077 : fab8de;
11078 : fbb7de;
11079 : fbb7de;
11080 : fbb7de;
11081 : fcb8df;
11082 : fdb9e0;
11083 : fbb7de;
11084 : e19dc4;
11085 : d38db5;
11086 : de97bf;
11087 : e099c1;
11088 : e19bc2;
11089 : d795bc;
11090 : c188ab;
11091 : c18fb0;
11092 : d3a8c6;
11093 : e7c3dc;
11094 : d2acc6;
11095 : ac839d;
11096 : bb91ac;
11097 : cea1bd;
11098 : dbadca;
11099 : efc0dd;
11100 : ffc8e7;
11101 : fabfe0;
11102 : dda3c2;
11103 : cb90b1;
11104 : d597bb;
11105 : dc9ac0;
11106 : dc95bf;
11107 : db92bc;
11108 : d891b9;
11109 : dd96bd;
11110 : e9a0c9;
11111 : f5aad4;
11112 : fdb3dd;
11113 : ffb6df;
11114 : feb5de;
11115 : feb4db;
11116 : feb3d9;
11117 : feb3da;
11118 : feb3da;
11119 : feb3da;
11120 : ffb4db;
11121 : ffb4db;
11122 : ffb5dc;
11123 : ffb5dc;
11124 : ffb5dc;
11125 : ffb5dc;
11126 : ffb4dc;
11127 : ffb4db;
11128 : ffb5db;
11129 : ffb5dc;
11130 : ffb5de;
11131 : ffb5df;
11132 : ffb5df;
11133 : ffb6e0;
11134 : ffb6e0;
11135 : feb7e0;
11136 : fcb6df;
11137 : fbb6de;
11138 : fbb6e0;
11139 : fcb6e0;
11140 : fbb6de;
11141 : fcb5de;
11142 : ffb6de;
11143 : ffb5de;
11144 : ffb5dd;
11145 : feb5dc;
11146 : fdb5dc;
11147 : fdb5dc;
11148 : fdb5dc;
11149 : fdb5dc;
11150 : fdb5dc;
11151 : fdb5dc;
11152 : fdb5dc;
11153 : fdb5dd;
11154 : fdb5dd;
11155 : fdb5dd;
11156 : fdb5dd;
11157 : fdb5dd;
11158 : fdb5dd;
11159 : fdb5dd;
11160 : feb6de;
11161 : feb6de;
11162 : feb6de;
11163 : feb6de;
11164 : feb6de;
11165 : feb6de;
11166 : feb6de;
11167 : feb6de;
11168 : ffbae3;
11169 : ffbee6;
11170 : fcb4dd;
11171 : eda3cc;
11172 : df95be;
11173 : db91ba;
11174 : dd93bc;
11175 : e39ac2;
11176 : e69dc5;
11177 : e39ac2;
11178 : e097bf;
11179 : dc93bc;
11180 : e199c1;
11181 : f6add6;
11182 : feb5de;
11183 : fbb5da;
11184 : fab6da;
11185 : fbb6dd;
11186 : fdb8df;
11187 : ffb6e0;
11188 : ee9fcb;
11189 : ec95c2;
11190 : f19bca;
11191 : e89dd1;
11192 : d3a2da;
11193 : a8afe4;
11194 : 86bef0;
11195 : 7dc2f7;
11196 : 82bff8;
11197 : 84bdf7;
11198 : 82bff5;
11199 : 81c0f5;
11200 : 82bff5;
11201 : 82bff5;
11202 : 82bff5;
11203 : 82bff5;
11204 : 81c0f5;
11205 : 81c0f5;
11206 : 81c0f5;
11207 : 81c0f5;
11208 : 82bff5;
11209 : 82bff5;
11210 : 80c1f5;
11211 : 7ec1f5;
11212 : 7bc1f5;
11213 : 7ac4f6;
11214 : 7ac6f7;
11215 : 76c7f5;
11216 : 80c1ec;
11217 : a3b8e2;
11218 : ccaad6;
11219 : ed9bcd;
11220 : f898cc;
11221 : e78fc1;
11222 : e39ac5;
11223 : fcb8df;
11224 : ffb7e0;
11225 : fcb6de;
11226 : fab7de;
11227 : fab6dd;
11228 : fab6dd;
11229 : f9b7dc;
11230 : fab8de;
11231 : fab8de;
11232 : fab8de;
11233 : fab8de;
11234 : fab8de;
11235 : fab8de;
11236 : fab8de;
11237 : fab8de;
11238 : fbb7de;
11239 : fbb7de;
11240 : fbb7de;
11241 : fbb7de;
11242 : fcb8df;
11243 : fcb8df;
11244 : e6a2c9;
11245 : d28eb5;
11246 : d28fb6;
11247 : d895bc;
11248 : de9ac1;
11249 : e29dc4;
11250 : e39cc3;
11251 : dd92bb;
11252 : d189b2;
11253 : cb8bb1;
11254 : dd9dc3;
11255 : efaed5;
11256 : eeaed4;
11257 : e7a8ce;
11258 : de9fc5;
11259 : d395bb;
11260 : cf8fb6;
11261 : d08eb5;
11262 : d694ba;
11263 : da97bd;
11264 : da96bd;
11265 : d995bc;
11266 : d792b9;
11267 : d792b9;
11268 : e19dc4;
11269 : f1afd5;
11270 : fcb8df;
11271 : fcb5dd;
11272 : fab3db;
11273 : fdb6de;
11274 : fdb5dd;
11275 : feb4db;
11276 : ffb4db;
11277 : ffb4db;
11278 : ffb4db;
11279 : ffb4db;
11280 : ffb4db;
11281 : ffb4db;
11282 : ffb4db;
11283 : ffb5dc;
11284 : ffb5dc;
11285 : ffb5dc;
11286 : ffb5dc;
11287 : ffb5dc;
11288 : ffb5dc;
11289 : ffb5dc;
11290 : feb6dd;
11291 : feb6de;
11292 : feb6de;
11293 : feb6de;
11294 : feb6de;
11295 : feb6de;
11296 : ffb6de;
11297 : ffb6de;
11298 : ffb6de;
11299 : ffb6de;
11300 : ffb6de;
11301 : feb6de;
11302 : feb6de;
11303 : feb6de;
11304 : feb6de;
11305 : feb6de;
11306 : feb6de;
11307 : feb6de;
11308 : feb6de;
11309 : feb6de;
11310 : feb6de;
11311 : feb6de;
11312 : feb6de;
11313 : feb6de;
11314 : feb6de;
11315 : feb6de;
11316 : feb6de;
11317 : feb6de;
11318 : feb6de;
11319 : feb6de;
11320 : ffb7df;
11321 : ffb7df;
11322 : feb6de;
11323 : fdb5dd;
11324 : feb6de;
11325 : feb5dd;
11326 : feb6de;
11327 : ffbde5;
11328 : feb8e1;
11329 : efa4cd;
11330 : df93bc;
11331 : dc90ba;
11332 : e296c0;
11333 : e49ac2;
11334 : e79cc5;
11335 : e79cc5;
11336 : e296bf;
11337 : df93bc;
11338 : e79cc5;
11339 : f7abd4;
11340 : ffb5de;
11341 : ffb5df;
11342 : fdb2db;
11343 : fcb3d9;
11344 : fdb5db;
11345 : ffb5dd;
11346 : ffb7de;
11347 : ffb8e1;
11348 : f1a0ce;
11349 : eb92c2;
11350 : f09ecd;
11351 : ee99cf;
11352 : e798d7;
11353 : b3abe2;
11354 : 82c0ed;
11355 : 79c4f3;
11356 : 81c0f5;
11357 : 80c0f5;
11358 : 80c0f5;
11359 : 81c0f5;
11360 : 82bff5;
11361 : 82bff5;
11362 : 82bff5;
11363 : 82bff5;
11364 : 81c0f5;
11365 : 81c0f5;
11366 : 81c0f5;
11367 : 81c0f5;
11368 : 82bff5;
11369 : 82bff5;
11370 : 80c1f5;
11371 : 7ec1f5;
11372 : 7cc2f5;
11373 : 7bc3f6;
11374 : 7bc4f6;
11375 : 7ac5f6;
11376 : 82c1ed;
11377 : a4b8e1;
11378 : ceabd8;
11379 : f19ace;
11380 : fb95cb;
11381 : e88ec2;
11382 : e99eca;
11383 : feb9e0;
11384 : feb7df;
11385 : fcb6de;
11386 : fab6dd;
11387 : fab6dd;
11388 : fab6dd;
11389 : f9b7dd;
11390 : fab8de;
11391 : fab8de;
11392 : fab8de;
11393 : fab8de;
11394 : fab8de;
11395 : fab8de;
11396 : fab8de;
11397 : fab8de;
11398 : fbb7de;
11399 : fbb7de;
11400 : fbb7de;
11401 : fab6dd;
11402 : fcb8df;
11403 : ffbbe2;
11404 : fdb9e0;
11405 : eeaad1;
11406 : d995bc;
11407 : d08bb2;
11408 : d38fb6;
11409 : d894bb;
11410 : de9ac1;
11411 : e29ec5;
11412 : e19bc2;
11413 : dd95bc;
11414 : d891b8;
11415 : d48db4;
11416 : d38cb4;
11417 : d68fb6;
11418 : da93ba;
11419 : de97be;
11420 : dd99bf;
11421 : da97bd;
11422 : d895ba;
11423 : d593b9;
11424 : d694ba;
11425 : db99bf;
11426 : e2a1c7;
11427 : ecaad1;
11428 : f8b4db;
11429 : febae1;
11430 : fdb7df;
11431 : fbb4dc;
11432 : fcb5dd;
11433 : fdb5dd;
11434 : fcb4dc;
11435 : feb5dc;
11436 : ffb5dc;
11437 : ffb5dc;
11438 : ffb5dc;
11439 : ffb4db;
11440 : ffb4db;
11441 : ffb4db;
11442 : ffb4db;
11443 : ffb5dc;
11444 : ffb5dc;
11445 : ffb5dc;
11446 : ffb5dc;
11447 : ffb5dc;
11448 : ffb5dc;
11449 : ffb5dc;
11450 : feb6dd;
11451 : feb6de;
11452 : feb6de;
11453 : feb6de;
11454 : feb6de;
11455 : feb6de;
11456 : feb6de;
11457 : feb6de;
11458 : feb6de;
11459 : feb6de;
11460 : feb6de;
11461 : feb6de;
11462 : feb6de;
11463 : feb6de;
11464 : feb6de;
11465 : feb6de;
11466 : feb6de;
11467 : feb6de;
11468 : feb6de;
11469 : feb6de;
11470 : feb6de;
11471 : feb6de;
11472 : feb6de;
11473 : feb6de;
11474 : feb6de;
11475 : feb6de;
11476 : feb6de;
11477 : feb6de;
11478 : feb6de;
11479 : feb6de;
11480 : ffb7df;
11481 : ffb7df;
11482 : feb6de;
11483 : fdb4dc;
11484 : feb6de;
11485 : ffbde5;
11486 : ffbbe3;
11487 : f2a9d1;
11488 : e196bf;
11489 : d88db6;
11490 : e095be;
11491 : e69bc4;
11492 : e59ac3;
11493 : e59ac3;
11494 : e297c0;
11495 : e095be;
11496 : e89dc6;
11497 : f6aad3;
11498 : ffb6df;
11499 : ffb8e1;
11500 : feb3dc;
11501 : fbb0d9;
11502 : fbb0d9;
11503 : fdb3d9;
11504 : fdb5db;
11505 : fdb6dd;
11506 : feb6de;
11507 : ffb8e1;
11508 : f5a4d2;
11509 : e993c1;
11510 : f29ccb;
11511 : f497ce;
11512 : e999d8;
11513 : b8ace3;
11514 : 86beec;
11515 : 7cc3f3;
11516 : 81bff6;
11517 : 80c0f5;
11518 : 80c0f5;
11519 : 81c0f5;
11520 : 82bff5;
11521 : 82bff5;
11522 : 82bff5;
11523 : 82bff5;
11524 : 81c0f5;
11525 : 81c0f5;
11526 : 81c0f5;
11527 : 81c0f5;
11528 : 82bff5;
11529 : 82bff5;
11530 : 80c1f5;
11531 : 7ec1f5;
11532 : 7cc2f5;
11533 : 7bc3f5;
11534 : 7bc5f7;
11535 : 7bc5f5;
11536 : 87c0ec;
11537 : a9b7e3;
11538 : d3a8d7;
11539 : f397cd;
11540 : fd93c9;
11541 : ea8fc0;
11542 : eea3ce;
11543 : ffbae1;
11544 : feb7df;
11545 : fcb6de;
11546 : f9b6dc;
11547 : fab6dd;
11548 : fab6dd;
11549 : f9b7dd;
11550 : fab8de;
11551 : fab8de;
11552 : fab8de;
11553 : fab8de;
11554 : fab8de;
11555 : fab8de;
11556 : fab8de;
11557 : fab8de;
11558 : fbb7de;
11559 : fbb7de;
11560 : fbb7de;
11561 : fbb7de;
11562 : fcb8df;
11563 : feb9e0;
11564 : ffbee5;
11565 : ffc1e8;
11566 : fbb7de;
11567 : e6a3ca;
11568 : d894bb;
11569 : d490b7;
11570 : d38fb6;
11571 : d28fb5;
11572 : d58fb6;
11573 : d88eb6;
11574 : d68db6;
11575 : d78eb6;
11576 : d78db6;
11577 : d78db6;
11578 : d990b8;
11579 : db91b9;
11580 : d991b9;
11581 : d891b9;
11582 : de98c0;
11583 : e5a1c8;
11584 : eba9cf;
11585 : f1b1d6;
11586 : f6b8dc;
11587 : fbbbe0;
11588 : fdb9e0;
11589 : fab6dd;
11590 : f9b4db;
11591 : fdb6de;
11592 : fcb5dd;
11593 : fdb5dd;
11594 : feb6de;
11595 : ffb5dd;
11596 : ffb5dc;
11597 : ffb5dc;
11598 : ffb5dc;
11599 : ffb4db;
11600 : ffb4db;
11601 : ffb4db;
11602 : ffb4db;
11603 : ffb5dc;
11604 : ffb5dc;
11605 : ffb5dc;
11606 : ffb5dc;
11607 : ffb5dc;
11608 : ffb4db;
11609 : ffb5dc;
11610 : feb6dd;
11611 : feb6de;
11612 : feb6de;
11613 : feb6de;
11614 : feb6de;
11615 : feb6de;
11616 : feb6de;
11617 : feb6de;
11618 : feb6de;
11619 : feb6de;
11620 : feb6de;
11621 : feb6de;
11622 : feb6de;
11623 : feb6de;
11624 : feb6de;
11625 : feb6de;
11626 : feb6de;
11627 : feb6de;
11628 : feb6de;
11629 : feb6de;
11630 : feb6de;
11631 : feb6de;
11632 : feb6de;
11633 : feb6de;
11634 : feb6de;
11635 : feb6de;
11636 : feb6de;
11637 : feb6de;
11638 : feb6de;
11639 : feb6de;
11640 : fdb5dd;
11641 : fdb5dd;
11642 : feb6de;
11643 : ffb8e0;
11644 : ffbce4;
11645 : feb8e0;
11646 : e79fc7;
11647 : d38bb3;
11648 : da90b8;
11649 : e79bc5;
11650 : e99ec7;
11651 : e499c2;
11652 : df94bd;
11653 : e095be;
11654 : ea9fc8;
11655 : f6abd4;
11656 : ffb6df;
11657 : ffb9e2;
11658 : feb3dc;
11659 : faafd8;
11660 : fbb0d9;
11661 : fdb2db;
11662 : fdb2db;
11663 : feb2d9;
11664 : feb4db;
11665 : feb6de;
11666 : fdb5dd;
11667 : ffb8e2;
11668 : f7a8d6;
11669 : e694c1;
11670 : f39bc9;
11671 : fa95cc;
11672 : f096d7;
11673 : bea9e3;
11674 : 8bbbeb;
11675 : 7fc1f3;
11676 : 81bff6;
11677 : 7fc1f5;
11678 : 80c0f5;
11679 : 81c0f5;
11680 : 82bff5;
11681 : 82bff5;
11682 : 82bff5;
11683 : 82bff5;
11684 : 81c0f5;
11685 : 81c0f5;
11686 : 81c0f5;
11687 : 81c0f5;
11688 : 82bff5;
11689 : 82bff5;
11690 : 80c1f5;
11691 : 7ec1f5;
11692 : 7cc2f5;
11693 : 7bc3f5;
11694 : 7ac3f6;
11695 : 7bc4f3;
11696 : 8ac1ed;
11697 : abb6e3;
11698 : d3a5d5;
11699 : f698ce;
11700 : fd92c9;
11701 : ea8ebf;
11702 : f0a7d1;
11703 : ffbbe2;
11704 : feb7df;
11705 : fbb6dd;
11706 : f9b6dd;
11707 : fab6dd;
11708 : fab6dd;
11709 : f9b7dd;
11710 : fab8de;
11711 : fab8de;
11712 : fab8de;
11713 : fab8de;
11714 : fab8de;
11715 : fab8de;
11716 : fab8de;
11717 : fab8de;
11718 : fbb7de;
11719 : fbb7de;
11720 : fbb7de;
11721 : fcb8df;
11722 : fcb8df;
11723 : fcb8df;
11724 : fcb8df;
11725 : fdbae0;
11726 : febde2;
11727 : fdbbe1;
11728 : f7b6db;
11729 : efacd3;
11730 : e7a5cb;
11731 : e2a0c6;
11732 : e09dc4;
11733 : de9bc1;
11734 : db98be;
11735 : da96bd;
11736 : db97be;
11737 : df9bc2;
11738 : e5a1c8;
11739 : e7a3ca;
11740 : eba3cb;
11741 : f2a8d1;
11742 : f8b1d9;
11743 : fab6dd;
11744 : fbbae0;
11745 : fbbadf;
11746 : f8b9dd;
11747 : f8b7dd;
11748 : fab5dd;
11749 : f9b5dc;
11750 : fbb5dd;
11751 : fdb6de;
11752 : fdb6de;
11753 : feb6de;
11754 : feb6de;
11755 : ffb5de;
11756 : ffb5de;
11757 : ffb6df;
11758 : ffb6df;
11759 : ffb7e0;
11760 : ffb7e0;
11761 : ffb7e0;
11762 : ffb7e0;
11763 : ffb6df;
11764 : ffb7e0;
11765 : ffb9e1;
11766 : ffb7e0;
11767 : ffb7df;
11768 : feb5de;
11769 : ffb4dd;
11770 : ffb6de;
11771 : feb6de;
11772 : feb6de;
11773 : feb6de;
11774 : feb6de;
11775 : feb6de;
11776 : feb6de;
11777 : feb6de;
11778 : feb6de;
11779 : feb6de;
11780 : feb6de;
11781 : feb6de;
11782 : feb6de;
11783 : feb6de;
11784 : feb6de;
11785 : feb6de;
11786 : feb6de;
11787 : feb6de;
11788 : feb6de;
11789 : feb6de;
11790 : feb6de;
11791 : feb6de;
11792 : feb6de;
11793 : feb6de;
11794 : feb6de;
11795 : feb6de;
11796 : feb6de;
11797 : ffb7df;
11798 : feb6de;
11799 : fdb5dd;
11800 : fdb5dd;
11801 : fcb4dc;
11802 : ffb9e1;
11803 : ffbae2;
11804 : f5add5;
11805 : e299c1;
11806 : d991b9;
11807 : e29ac2;
11808 : ea9fc8;
11809 : e89dc6;
11810 : e196bf;
11811 : de93bc;
11812 : e59ac3;
11813 : f3a8d1;
11814 : feb4dd;
11815 : ffb8e1;
11816 : ffb7e0;
11817 : fcb2db;
11818 : faaed7;
11819 : fdb1da;
11820 : fdb3dc;
11821 : feb3dc;
11822 : ffb4dc;
11823 : ffb4db;
11824 : ffb4db;
11825 : feb3dc;
11826 : feb3dc;
11827 : ffb9e2;
11828 : f7acd8;
11829 : e192bf;
11830 : ef96c5;
11831 : fc95cb;
11832 : f294d4;
11833 : c2a7e0;
11834 : 8fbaeb;
11835 : 80c0f3;
11836 : 82c0f6;
11837 : 80c1f5;
11838 : 80c0f5;
11839 : 81c0f5;
11840 : 82bff5;
11841 : 82bff5;
11842 : 82bff5;
11843 : 82bff5;
11844 : 81c0f5;
11845 : 81c0f5;
11846 : 81c0f5;
11847 : 81c0f5;
11848 : 82bff5;
11849 : 82bff5;
11850 : 80c1f5;
11851 : 7ec1f5;
11852 : 7cc2f5;
11853 : 7bc3f5;
11854 : 7ac3f6;
11855 : 7bc5f3;
11856 : 8ac1ec;
11857 : acb5e1;
11858 : d5a4d4;
11859 : f798cd;
11860 : fb92c7;
11861 : e68fbe;
11862 : f1aad2;
11863 : ffbbe2;
11864 : feb7df;
11865 : fbb6dd;
11866 : f9b6dd;
11867 : fab6dd;
11868 : fab6dd;
11869 : f9b7dd;
11870 : fab8de;
11871 : fab8de;
11872 : fab8de;
11873 : fab8de;
11874 : fab8de;
11875 : fab8de;
11876 : fab8de;
11877 : fab8de;
11878 : fbb7de;
11879 : fbb7de;
11880 : fbb7de;
11881 : fbb7de;
11882 : fbb7de;
11883 : fbb7de;
11884 : fbb7de;
11885 : f9b7dd;
11886 : f9b8de;
11887 : fbb9df;
11888 : fdbbe1;
11889 : febce2;
11890 : ffbee3;
11891 : ffbee4;
11892 : febee4;
11893 : fcbde1;
11894 : fbbce0;
11895 : fabbdf;
11896 : f8b9dd;
11897 : f8b9de;
11898 : fabbe0;
11899 : fabbdf;
11900 : febae1;
11901 : ffbae3;
11902 : ffbae2;
11903 : febae1;
11904 : fdb8df;
11905 : fcb7de;
11906 : fab7de;
11907 : fab7de;
11908 : f9b5dc;
11909 : f9b6dd;
11910 : fcb6de;
11911 : feb7df;
11912 : feb7df;
11913 : fdb5dd;
11914 : fdb5dc;
11915 : feb6df;
11916 : ffb5de;
11917 : fdb2db;
11918 : fbafd8;
11919 : f8aed7;
11920 : f8aed6;
11921 : f7acd5;
11922 : f6abd5;
11923 : f8add6;
11924 : f9aed7;
11925 : f9aed7;
11926 : faafd9;
11927 : feb6df;
11928 : ffb9e2;
11929 : ffb6e0;
11930 : feb6de;
11931 : feb6de;
11932 : feb6de;
11933 : feb6de;
11934 : feb6de;
11935 : feb6de;
11936 : feb6de;
11937 : feb6de;
11938 : feb6de;
11939 : feb6de;
11940 : feb6de;
11941 : feb6de;
11942 : feb6de;
11943 : feb6de;
11944 : feb6de;
11945 : feb6de;
11946 : feb6de;
11947 : feb6de;
11948 : feb6de;
11949 : feb6de;
11950 : feb6de;
11951 : feb6de;
11952 : feb6de;
11953 : feb6de;
11954 : feb6de;
11955 : feb6de;
11956 : feb6de;
11957 : fdb5dd;
11958 : feb6de;
11959 : ffb7df;
11960 : ffb7df;
11961 : ffb9e1;
11962 : ffb9e1;
11963 : eea6ce;
11964 : dd94bc;
11965 : dc94bc;
11966 : e29bc2;
11967 : e49bc4;
11968 : e196bf;
11969 : dc91ba;
11970 : e095be;
11971 : f0a5ce;
11972 : fdb2db;
11973 : ffbae3;
11974 : fdb3dc;
11975 : faaed7;
11976 : fdb2db;
11977 : fcb1da;
11978 : fdb2db;
11979 : feb3dc;
11980 : feb3dc;
11981 : feb3dc;
11982 : feb3dc;
11983 : ffb4db;
11984 : ffb4db;
11985 : feb3dc;
11986 : feb3dc;
11987 : ffb9e2;
11988 : f8acd8;
11989 : df92bf;
11990 : ed97c3;
11991 : fc96ca;
11992 : f295d3;
11993 : c3a6df;
11994 : 91b9eb;
11995 : 83bff3;
11996 : 84bef6;
11997 : 81c0f6;
11998 : 80c0f5;
11999 : 81c0f5;
12000 : 82bff5;
12001 : 82bff5;
12002 : 82bff5;
12003 : 82bff5;
12004 : 81c0f5;
12005 : 81c0f5;
12006 : 81c0f5;
12007 : 82c0f5;
12008 : 83bff5;
12009 : 82bff5;
12010 : 80c1f5;
12011 : 7ec1f5;
12012 : 7cc2f5;
12013 : 7bc3f5;
12014 : 7ac3f6;
12015 : 7bc6f0;
12016 : 8bc2ea;
12017 : acb5e3;
12018 : d2a6d5;
12019 : f698cc;
12020 : fb90c3;
12021 : e391bc;
12022 : f0add4;
12023 : ffbae2;
12024 : feb6df;
12025 : fbb6dd;
12026 : f9b6dd;
12027 : fab6dd;
12028 : fab6dd;
12029 : f9b7dd;
12030 : fab8de;
12031 : fab8de;
12032 : fab8de;
12033 : fab8de;
12034 : fab8de;
12035 : fab8de;
12036 : fab8de;
12037 : fab8de;
12038 : fbb7de;
12039 : fbb7de;
12040 : fbb7de;
12041 : fbb6dd;
12042 : fbb6dd;
12043 : fbb6dd;
12044 : fbb6dd;
12045 : fab8de;
12046 : fab8de;
12047 : fab8de;
12048 : fab8de;
12049 : fbb9df;
12050 : fbb9df;
12051 : fab7de;
12052 : fab9df;
12053 : fdbce1;
12054 : fdbce2;
12055 : fcbbe1;
12056 : fbbadf;
12057 : fbbadf;
12058 : fab9df;
12059 : fab9df;
12060 : fcbae0;
12061 : fbb8df;
12062 : fab7de;
12063 : fcb8df;
12064 : ffb7df;
12065 : ffb6df;
12066 : ffb7e0;
12067 : feb8e0;
12068 : fcb8df;
12069 : fcb9df;
12070 : fdb8df;
12071 : fdb5dd;
12072 : f9b2da;
12073 : f6afd7;
12074 : f3acd3;
12075 : f0a6cf;
12076 : eda2cb;
12077 : e89ec6;
12078 : e59ac3;
12079 : e49ac3;
12080 : e499c2;
12081 : e399c2;
12082 : e399c2;
12083 : e298c1;
12084 : e197c0;
12085 : e094bd;
12086 : e095be;
12087 : e89ec7;
12088 : f3a9d2;
12089 : fdb3db;
12090 : ffbae2;
12091 : ffbae2;
12092 : ffb8e0;
12093 : fdb6de;
12094 : feb6de;
12095 : feb7de;
12096 : feb6de;
12097 : feb6de;
12098 : feb6de;
12099 : feb6de;
12100 : feb6de;
12101 : feb6de;
12102 : feb6de;
12103 : feb6de;
12104 : feb6de;
12105 : feb6de;
12106 : feb6de;
12107 : feb6de;
12108 : feb6de;
12109 : feb6de;
12110 : feb6de;
12111 : feb6de;
12112 : feb6de;
12113 : feb6de;
12114 : feb6de;
12115 : feb6de;
12116 : feb6de;
12117 : feb5dd;
12118 : feb6de;
12119 : ffb7df;
12120 : ffb8e0;
12121 : fdb5dd;
12122 : eda5cd;
12123 : df96be;
12124 : df97bf;
12125 : e39bc3;
12126 : e29ac2;
12127 : de96be;
12128 : dd92ba;
12129 : e89cc5;
12130 : fbb1da;
12131 : ffbae3;
12132 : ffb5de;
12133 : fbafd9;
12134 : fcb1da;
12135 : ffb4de;
12136 : ffb5df;
12137 : ffb4dd;
12138 : ffb3dc;
12139 : ffb3dc;
12140 : ffb2dc;
12141 : ffb4dd;
12142 : ffb4dd;
12143 : ffb2da;
12144 : ffb3da;
12145 : feb3dc;
12146 : feb3db;
12147 : ffb9e2;
12148 : f8acd8;
12149 : e092bf;
12150 : eb98c3;
12151 : f998c8;
12152 : f095d3;
12153 : c2a6df;
12154 : 92b9ea;
12155 : 84bef3;
12156 : 85bdf7;
12157 : 82bff6;
12158 : 80c0f5;
12159 : 81c0f5;
12160 : 82bff5;
12161 : 82bff5;
12162 : 82bff5;
12163 : 82bff5;
12164 : 81c0f5;
12165 : 81c0f5;
12166 : 81c0f5;
12167 : 81c0f5;
12168 : 82bff5;
12169 : 82bff5;
12170 : 80c1f5;
12171 : 7fc1f5;
12172 : 7cc2f5;
12173 : 7bc3f5;
12174 : 79c4f6;
12175 : 78c6f5;
12176 : 86c4ec;
12177 : adb5de;
12178 : dba2d2;
12179 : f699cd;
12180 : ef94c4;
12181 : e391bb;
12182 : f7abd3;
12183 : ffbae1;
12184 : feb6de;
12185 : fbb6dc;
12186 : f9b6dc;
12187 : fab6dc;
12188 : fab6dc;
12189 : f9b7dc;
12190 : fab8de;
12191 : fab8de;
12192 : fab8de;
12193 : fab8de;
12194 : fab8de;
12195 : fab8de;
12196 : fab8de;
12197 : fab8de;
12198 : fbb7de;
12199 : fbb7de;
12200 : fbb7de;
12201 : fab7dd;
12202 : fab7dd;
12203 : fab7dd;
12204 : fab7dd;
12205 : fab8de;
12206 : fab8de;
12207 : fab8de;
12208 : fab8de;
12209 : fab8de;
12210 : fab8de;
12211 : fab8de;
12212 : fab7de;
12213 : fbb6de;
12214 : fcb7de;
12215 : fbb7de;
12216 : fbb7de;
12217 : fbb7de;
12218 : fbb7de;
12219 : fcb8df;
12220 : fab7dd;
12221 : f7b5db;
12222 : f8b5db;
12223 : f9b6dc;
12224 : fcb6de;
12225 : fdb6de;
12226 : fdb7df;
12227 : feb9e0;
12228 : ffbce2;
12229 : febae1;
12230 : f8b2d9;
12231 : f3acd4;
12232 : eea7cf;
12233 : eaa1c9;
12234 : e89fc7;
12235 : e499c2;
12236 : e397c0;
12237 : e599c3;
12238 : e79bc4;
12239 : e89cc5;
12240 : e89cc5;
12241 : e89cc6;
12242 : e89cc5;
12243 : e69ac4;
12244 : e69ac4;
12245 : e69ac3;
12246 : e498c2;
12247 : e195bf;
12248 : e094be;
12249 : e498c2;
12250 : eea3cc;
12251 : fbb1da;
12252 : ffb8e1;
12253 : ffb7e0;
12254 : ffb5de;
12255 : feb4dd;
12256 : ffb5de;
12257 : ffb6df;
12258 : feb5dd;
12259 : feb6de;
12260 : feb6de;
12261 : ffb7df;
12262 : ffb7df;
12263 : feb6de;
12264 : fdb5dd;
12265 : fdb5dd;
12266 : feb6de;
12267 : feb6de;
12268 : feb6de;
12269 : feb6de;
12270 : feb6de;
12271 : feb6de;
12272 : feb6de;
12273 : ffb7df;
12274 : ffb7df;
12275 : ffb7df;
12276 : ffb7df;
12277 : ffb8e0;
12278 : feb6de;
12279 : ffb8e0;
12280 : fab3db;
12281 : e79fc7;
12282 : de96be;
12283 : e199c1;
12284 : e49cc4;
12285 : e29ac2;
12286 : df97bf;
12287 : e59cc4;
12288 : f4a9d3;
12289 : ffb9e2;
12290 : ffbae2;
12291 : feb4dd;
12292 : fdb4dc;
12293 : fcb2db;
12294 : fdb5dd;
12295 : feb7df;
12296 : fdb6de;
12297 : fdb6de;
12298 : fdb6de;
12299 : fdb5dd;
12300 : fdb5dd;
12301 : fdb6de;
12302 : fdb5dd;
12303 : ffb5dd;
12304 : ffb5dd;
12305 : feb4dc;
12306 : feb3dc;
12307 : ffb9e3;
12308 : f7acd7;
12309 : df93bf;
12310 : eb9ac3;
12311 : fa98c7;
12312 : f197d2;
12313 : c2a8df;
12314 : 92bae9;
12315 : 85bff2;
12316 : 86bef7;
12317 : 83c0f6;
12318 : 81c0f5;
12319 : 81c0f5;
12320 : 82bff5;
12321 : 82bff5;
12322 : 82bff5;
12323 : 82bff5;
12324 : 81c0f5;
12325 : 81c0f5;
12326 : 81c0f5;
12327 : 7fc1f5;
12328 : 7fc1f5;
12329 : 82c0f5;
12330 : 81c0f5;
12331 : 80c0f6;
12332 : 7dc1f6;
12333 : 7ac3f6;
12334 : 76c4f7;
12335 : 75c6fa;
12336 : 83c5ee;
12337 : afb4d8;
12338 : e89ccf;
12339 : f898d0;
12340 : e398c6;
12341 : e390ba;
12342 : fcaad2;
12343 : ffbce0;
12344 : feb8dd;
12345 : fbb6db;
12346 : f9b6db;
12347 : fab6db;
12348 : fab6db;
12349 : f9b7db;
12350 : fab8dd;
12351 : fab8de;
12352 : fab8de;
12353 : fab8de;
12354 : fab8de;
12355 : fab8de;
12356 : fab8de;
12357 : fab8de;
12358 : fab8de;
12359 : fab8de;
12360 : fab8de;
12361 : fab8de;
12362 : fab8de;
12363 : fab8de;
12364 : fab8de;
12365 : fab8de;
12366 : fab8de;
12367 : fab8de;
12368 : fab8de;
12369 : fab8de;
12370 : fab8de;
12371 : fab8de;
12372 : fab8de;
12373 : fbb7de;
12374 : fbb7de;
12375 : fbb7de;
12376 : fbb7de;
12377 : fbb7de;
12378 : fbb7de;
12379 : fbb7de;
12380 : fbb7de;
12381 : fbb7de;
12382 : fbb7de;
12383 : fbb7de;
12384 : fab7dd;
12385 : fab6dd;
12386 : fab7de;
12387 : fdbae1;
12388 : fbb7de;
12389 : f1acd3;
12390 : e8a0c9;
12391 : e59ec6;
12392 : e59dc5;
12393 : e59bc4;
12394 : e79bc5;
12395 : e79ac4;
12396 : e79ac4;
12397 : e79ac5;
12398 : e89ac5;
12399 : e89ac4;
12400 : e89bc5;
12401 : e89bc5;
12402 : e99cc6;
12403 : ea9cc7;
12404 : ea9dc7;
12405 : ea9dc7;
12406 : e99cc6;
12407 : e99bc5;
12408 : e99bc5;
12409 : e598c2;
12410 : e395bf;
12411 : e698c2;
12412 : efa1cb;
12413 : faadd7;
12414 : ffb3de;
12415 : ffb4df;
12416 : ffb4df;
12417 : feb1db;
12418 : feb3dc;
12419 : ffb5de;
12420 : ffb7df;
12421 : ffb7df;
12422 : ffb7df;
12423 : feb6de;
12424 : fcb5dd;
12425 : fdb5dd;
12426 : feb6de;
12427 : feb6de;
12428 : feb6de;
12429 : feb6de;
12430 : feb6de;
12431 : feb6de;
12432 : feb6de;
12433 : ffb7df;
12434 : ffb7df;
12435 : ffb7df;
12436 : ffb8e0;
12437 : ffbae2;
12438 : ffb9e1;
12439 : fab2da;
12440 : eaa2ca;
12441 : e098c0;
12442 : e39bc3;
12443 : e59dc5;
12444 : e49cc4;
12445 : de96be;
12446 : e79ec6;
12447 : fcb6de;
12448 : ffbee6;
12449 : ffb9e0;
12450 : fcb4dc;
12451 : fbb3db;
12452 : fdb6de;
12453 : feb6de;
12454 : feb6dd;
12455 : fbb6dd;
12456 : fab7de;
12457 : fab8de;
12458 : fab8de;
12459 : fab8de;
12460 : fab8de;
12461 : fab8de;
12462 : fab8de;
12463 : feb8e0;
12464 : ffb8e0;
12465 : fdb5dd;
12466 : feb4dd;
12467 : ffb9e2;
12468 : f7add6;
12469 : de96be;
12470 : ed9bc4;
12471 : fe97c8;
12472 : f497d2;
12473 : c4a8df;
12474 : 91bbea;
12475 : 84c0f3;
12476 : 85bff7;
12477 : 83c1f7;
12478 : 81c1f6;
12479 : 82c1f6;
12480 : 82bff5;
12481 : 82bff5;
12482 : 82bff5;
12483 : 82bff5;
12484 : 81c0f5;
12485 : 81c0f5;
12486 : 81c0f5;
12487 : 80c1f5;
12488 : 80c1f5;
12489 : 81c0f5;
12490 : 81c0f5;
12491 : 80c0f6;
12492 : 7dc1f6;
12493 : 7ac3f6;
12494 : 77c4f7;
12495 : 77c5f9;
12496 : 85c4ee;
12497 : afb4da;
12498 : e59dcf;
12499 : f898cf;
12500 : e697c5;
12501 : e390ba;
12502 : fbaad2;
12503 : ffbce0;
12504 : feb8dd;
12505 : fbb6db;
12506 : f9b6db;
12507 : fab6db;
12508 : fab6db;
12509 : f9b7db;
12510 : fab8dd;
12511 : fab8de;
12512 : fab8de;
12513 : fab8de;
12514 : fab8de;
12515 : fab8de;
12516 : fab8de;
12517 : fab8de;
12518 : fab8de;
12519 : fab8de;
12520 : fab8de;
12521 : fab8de;
12522 : fab8de;
12523 : fab8de;
12524 : fab8de;
12525 : fab8de;
12526 : fab8de;
12527 : fab8de;
12528 : fab8de;
12529 : fab8de;
12530 : fab8de;
12531 : fab8de;
12532 : fab8de;
12533 : fbb7de;
12534 : fbb7de;
12535 : fbb7de;
12536 : fbb7de;
12537 : fbb7de;
12538 : fbb7de;
12539 : fbb7de;
12540 : fcb8df;
12541 : fcb8df;
12542 : fcb8df;
12543 : fcb8df;
12544 : fbb7de;
12545 : fbb7de;
12546 : fdb9e0;
12547 : f8b4db;
12548 : eaa6cd;
12549 : de99c1;
12550 : df98c0;
12551 : e19ac2;
12552 : e49cc4;
12553 : e69dc5;
12554 : e59ac3;
12555 : e69ac4;
12556 : e99bc6;
12557 : e89bc5;
12558 : e79ac4;
12559 : e699c3;
12560 : e699c3;
12561 : e79ac4;
12562 : e89bc5;
12563 : e99cc6;
12564 : e99cc6;
12565 : e89bc5;
12566 : e89bc5;
12567 : e699c3;
12568 : e79ac4;
12569 : e89bc5;
12570 : e79ac4;
12571 : e396c0;
12572 : e194be;
12573 : e497c1;
12574 : f3a6d0;
12575 : ffb5df;
12576 : ffb3dd;
12577 : fdb1db;
12578 : ffb5de;
12579 : ffb5df;
12580 : ffb6de;
12581 : feb6de;
12582 : feb6de;
12583 : feb6de;
12584 : fdb6de;
12585 : feb6de;
12586 : feb6de;
12587 : feb6de;
12588 : feb6de;
12589 : feb6de;
12590 : feb6de;
12591 : feb6de;
12592 : feb6de;
12593 : feb6de;
12594 : feb6de;
12595 : feb6de;
12596 : fdb5dd;
12597 : ffb7df;
12598 : fbb3db;
12599 : e9a1c9;
12600 : e199c1;
12601 : e69ec6;
12602 : e79fc7;
12603 : e59dc5;
12604 : e59dc5;
12605 : eea5cd;
12606 : fcb5dd;
12607 : ffbce4;
12608 : fdb6de;
12609 : fbb2da;
12610 : fdb5dd;
12611 : feb6de;
12612 : feb6de;
12613 : feb6de;
12614 : feb6de;
12615 : fdb6de;
12616 : fbb7de;
12617 : fbb7de;
12618 : fbb7de;
12619 : fbb7de;
12620 : fbb7de;
12621 : fbb7de;
12622 : fbb7de;
12623 : feb7df;
12624 : ffb7df;
12625 : fdb5dd;
12626 : feb3dc;
12627 : ffb9e2;
12628 : f7add6;
12629 : de95be;
12630 : ed9bc4;
12631 : fc97c8;
12632 : f397d2;
12633 : c3a8df;
12634 : 91bbea;
12635 : 84c0f3;
12636 : 85bff7;
12637 : 83c1f7;
12638 : 81c1f6;
12639 : 82c1f6;
12640 : 82bff5;
12641 : 82bff5;
12642 : 82bff5;
12643 : 82bff5;
12644 : 81c0f5;
12645 : 81c0f5;
12646 : 81c0f5;
12647 : 80c1f5;
12648 : 80c1f5;
12649 : 81c0f5;
12650 : 81c0f5;
12651 : 80c0f6;
12652 : 7dc1f6;
12653 : 7ac3f6;
12654 : 77c4f7;
12655 : 79c5f9;
12656 : 88c3ee;
12657 : afb4da;
12658 : e59dcf;
12659 : f898cf;
12660 : e697c5;
12661 : e291ba;
12662 : faabd2;
12663 : ffbce0;
12664 : feb8dd;
12665 : fbb6db;
12666 : f9b6db;
12667 : fab6db;
12668 : fab6db;
12669 : f9b7db;
12670 : fab8dd;
12671 : fab8de;
12672 : fab8de;
12673 : fab8de;
12674 : fab8de;
12675 : fab8de;
12676 : fab8de;
12677 : fab8de;
12678 : fab8de;
12679 : fab8de;
12680 : fab8de;
12681 : fab8de;
12682 : fab8de;
12683 : fab8de;
12684 : fab8de;
12685 : fab8de;
12686 : fab8de;
12687 : fab8de;
12688 : fab8de;
12689 : fab8de;
12690 : fab8de;
12691 : fab8de;
12692 : fab8de;
12693 : fbb7de;
12694 : fbb7de;
12695 : fbb7de;
12696 : fbb7de;
12697 : fbb7de;
12698 : fbb7de;
12699 : fbb7de;
12700 : fbb7de;
12701 : fbb7de;
12702 : fbb7de;
12703 : fbb7de;
12704 : fdb9e0;
12705 : ffbbe2;
12706 : f7b3da;
12707 : e4a0c7;
12708 : da97be;
12709 : d993bb;
12710 : db94bc;
12711 : e199c1;
12712 : e49cc4;
12713 : e89ec6;
12714 : eb9fc8;
12715 : ea9ec7;
12716 : eb9ec8;
12717 : eea1cb;
12718 : f1a4ce;
12719 : f4a7d1;
12720 : f6a9d3;
12721 : f9acd6;
12722 : fbaed8;
12723 : faaed8;
12724 : f8abd5;
12725 : f7abd5;
12726 : f3a6d0;
12727 : e799c3;
12728 : e395bf;
12729 : e699c3;
12730 : e598c2;
12731 : e295bf;
12732 : e396c0;
12733 : e598c2;
12734 : e093bd;
12735 : e99bc5;
12736 : fdafda;
12737 : ffb8e2;
12738 : ffb6df;
12739 : ffb5de;
12740 : feb5de;
12741 : fdb5dd;
12742 : fdb5dd;
12743 : fdb6de;
12744 : feb7df;
12745 : feb7df;
12746 : feb6de;
12747 : feb6de;
12748 : feb6de;
12749 : feb6de;
12750 : feb6de;
12751 : feb6de;
12752 : feb6de;
12753 : fdb5dd;
12754 : feb6de;
12755 : feb6de;
12756 : ffb8e0;
12757 : f8b0d8;
12758 : e79fc7;
12759 : e098c0;
12760 : e59dc5;
12761 : eba3cb;
12762 : eaa2ca;
12763 : e59dc5;
12764 : eea5cd;
12765 : feb8e0;
12766 : ffbce4;
12767 : fcb4dc;
12768 : fcb4dc;
12769 : ffb7df;
12770 : feb6de;
12771 : feb6de;
12772 : ffb7df;
12773 : ffb7df;
12774 : ffb7df;
12775 : fdb7df;
12776 : fab7de;
12777 : fbb7de;
12778 : fbb7de;
12779 : fbb7de;
12780 : fbb7de;
12781 : fbb7de;
12782 : fbb7de;
12783 : feb7df;
12784 : ffb7df;
12785 : fdb5dd;
12786 : feb3dc;
12787 : ffb9e2;
12788 : f7add6;
12789 : de95be;
12790 : ed9bc4;
12791 : fc97c8;
12792 : f397d2;
12793 : c3a8df;
12794 : 91bbea;
12795 : 84c0f3;
12796 : 85bff7;
12797 : 83c1f7;
12798 : 81c1f6;
12799 : 82c1f6;
12800 : 82bff5;
12801 : 82bff5;
12802 : 82bff5;
12803 : 82bff5;
12804 : 81c0f5;
12805 : 81c0f5;
12806 : 81c0f5;
12807 : 80c1f5;
12808 : 80c1f5;
12809 : 81c0f5;
12810 : 81c0f5;
12811 : 80c0f6;
12812 : 7dc1f6;
12813 : 7ac3f6;
12814 : 77c4f7;
12815 : 7ac4f9;
12816 : 88c3ee;
12817 : b1b3da;
12818 : e69dcf;
12819 : f797ce;
12820 : e899c7;
12821 : e392bb;
12822 : faaad1;
12823 : ffbde1;
12824 : feb8dd;
12825 : fbb6db;
12826 : fab6db;
12827 : fab6db;
12828 : fab6db;
12829 : f9b7db;
12830 : fab8dd;
12831 : fab8de;
12832 : fab8de;
12833 : fab8de;
12834 : fab8de;
12835 : fab8de;
12836 : fab8de;
12837 : fab8de;
12838 : fab8de;
12839 : fab8de;
12840 : fab8de;
12841 : fab8de;
12842 : fab8de;
12843 : fab8de;
12844 : fab8de;
12845 : fab8de;
12846 : fab8de;
12847 : fab8de;
12848 : fab8de;
12849 : fab8de;
12850 : fab8de;
12851 : fab8de;
12852 : fab8de;
12853 : fbb7de;
12854 : fbb7de;
12855 : fbb7de;
12856 : fbb7de;
12857 : fbb7de;
12858 : fbb7de;
12859 : fbb7de;
12860 : fbb7de;
12861 : fbb7de;
12862 : fbb7de;
12863 : fcb8df;
12864 : ffbbe2;
12865 : f7b3da;
12866 : e5a1c8;
12867 : da96bd;
12868 : da96bd;
12869 : dc96be;
12870 : de96be;
12871 : e099c1;
12872 : e69ec6;
12873 : f0a6cf;
12874 : f9add6;
12875 : f9add7;
12876 : faacd7;
12877 : fcafd9;
12878 : feb1db;
12879 : ffb2dc;
12880 : ffb3dd;
12881 : ffb3dd;
12882 : ffb4de;
12883 : ffb4de;
12884 : ffb3dd;
12885 : ffb3dd;
12886 : ffb3dd;
12887 : fbafd9;
12888 : f0a4ce;
12889 : e699c3;
12890 : e395bf;
12891 : e496c0;
12892 : e597c1;
12893 : e698c2;
12894 : e193bd;
12895 : db8db7;
12896 : ea9bc5;
12897 : feb0da;
12898 : ffb6df;
12899 : ffb5de;
12900 : feb5dd;
12901 : fdb5dd;
12902 : fdb5dd;
12903 : fdb6de;
12904 : feb7df;
12905 : feb7df;
12906 : feb6de;
12907 : feb6de;
12908 : feb6de;
12909 : feb6de;
12910 : feb6de;
12911 : feb6de;
12912 : ffb7df;
12913 : fdb5dd;
12914 : fbb3db;
12915 : fcb4dc;
12916 : feb6de;
12917 : eca4cc;
12918 : df97bf;
12919 : e39bc3;
12920 : e69ec6;
12921 : e69ec6;
12922 : e79fc7;
12923 : f3abd3;
12924 : ffb6de;
12925 : ffb8e0;
12926 : feb6de;
12927 : feb6de;
12928 : feb6de;
12929 : feb6de;
12930 : feb6de;
12931 : feb6de;
12932 : feb6de;
12933 : feb6de;
12934 : feb6de;
12935 : fdb6de;
12936 : fbb7de;
12937 : fbb7de;
12938 : fbb7de;
12939 : fbb7de;
12940 : fbb7de;
12941 : fbb7de;
12942 : fbb7de;
12943 : feb7df;
12944 : ffb7df;
12945 : fdb5dd;
12946 : feb3dc;
12947 : ffb9e2;
12948 : f7add6;
12949 : de95be;
12950 : ed9bc4;
12951 : fc97c8;
12952 : f397d2;
12953 : c3a8df;
12954 : 91bbea;
12955 : 84c1f4;
12956 : 87c0f8;
12957 : 83c1f7;
12958 : 81c1f6;
12959 : 81c0f5;
12960 : 82bff5;
12961 : 82bff5;
12962 : 82bff5;
12963 : 82bff5;
12964 : 81c0f5;
12965 : 81c0f5;
12966 : 81c0f5;
12967 : 80c1f5;
12968 : 80c1f5;
12969 : 81c0f5;
12970 : 81c0f5;
12971 : 80c0f6;
12972 : 7dc1f6;
12973 : 79c3f6;
12974 : 77c4f7;
12975 : 7bc4f9;
12976 : 8ac2ee;
12977 : b2b3da;
12978 : e69dcf;
12979 : f897ce;
12980 : e998c7;
12981 : e291ba;
12982 : f8a9d0;
12983 : ffbde2;
12984 : feb8dd;
12985 : fbb6db;
12986 : fab6db;
12987 : fab6db;
12988 : fab6db;
12989 : f9b7db;
12990 : fab8dd;
12991 : fab8de;
12992 : fab8de;
12993 : fab8de;
12994 : fab8de;
12995 : fab8de;
12996 : fab8de;
12997 : fab8de;
12998 : fab8de;
12999 : fab8de;
13000 : fab8de;
13001 : fab8de;
13002 : fab8de;
13003 : fab8de;
13004 : fab8de;
13005 : fab8de;
13006 : fab8de;
13007 : fab8de;
13008 : fab8de;
13009 : fab8de;
13010 : fab8de;
13011 : fab8de;
13012 : fab8de;
13013 : fbb7de;
13014 : fbb7de;
13015 : fbb7de;
13016 : fbb7de;
13017 : fbb7de;
13018 : fbb7de;
13019 : fbb7de;
13020 : fbb7de;
13021 : fab6dd;
13022 : fcb8df;
13023 : febae1;
13024 : f2aed5;
13025 : df9bc2;
13026 : d995bc;
13027 : d995bc;
13028 : db97be;
13029 : e29dc5;
13030 : e8a1c9;
13031 : eca4cc;
13032 : f2abd2;
13033 : f9afd8;
13034 : feb2dc;
13035 : ffb5df;
13036 : ffb5e0;
13037 : ffb4de;
13038 : ffb4de;
13039 : ffb2dc;
13040 : ffb2dc;
13041 : ffb2dc;
13042 : ffb1db;
13043 : ffb2dc;
13044 : ffb3dd;
13045 : ffb3dd;
13046 : ffb2dc;
13047 : ffb5df;
13048 : ffb7e1;
13049 : fbafd9;
13050 : f3a6d0;
13051 : eb9cc6;
13052 : e193bd;
13053 : e092bc;
13054 : e89ac4;
13055 : e799c3;
13056 : db8db7;
13057 : e79ac3;
13058 : feb5de;
13059 : ffb6df;
13060 : feb4dd;
13061 : feb7de;
13062 : feb6de;
13063 : feb6de;
13064 : fdb6de;
13065 : feb6de;
13066 : feb6de;
13067 : feb6de;
13068 : feb6de;
13069 : feb6de;
13070 : feb6de;
13071 : feb6de;
13072 : feb6de;
13073 : feb6de;
13074 : feb6de;
13075 : feb6de;
13076 : efa7cf;
13077 : e199c1;
13078 : e39bc3;
13079 : e59dc5;
13080 : e29ac2;
13081 : df97bf;
13082 : eca4cc;
13083 : feb6de;
13084 : ffb9e1;
13085 : feb6de;
13086 : feb6de;
13087 : ffb7df;
13088 : feb6de;
13089 : feb6de;
13090 : feb6de;
13091 : feb6de;
13092 : feb6de;
13093 : feb6de;
13094 : feb6de;
13095 : fdb6de;
13096 : fbb7de;
13097 : fbb7de;
13098 : fbb7de;
13099 : fbb7de;
13100 : fbb7de;
13101 : fbb7de;
13102 : fbb7de;
13103 : feb7df;
13104 : ffb7df;
13105 : fdb5dd;
13106 : feb3dc;
13107 : ffb9e2;
13108 : f7add6;
13109 : de95be;
13110 : ed9bc4;
13111 : fc97c8;
13112 : f397d2;
13113 : c3a8df;
13114 : 91bbea;
13115 : 84c1f4;
13116 : 87c0f8;
13117 : 83c1f7;
13118 : 81c1f6;
13119 : 81c0f5;
13120 : 82bff5;
13121 : 82bff5;
13122 : 82bff5;
13123 : 82bff5;
13124 : 81c0f5;
13125 : 81c0f5;
13126 : 81c0f5;
13127 : 80c1f5;
13128 : 80c1f5;
13129 : 81c0f5;
13130 : 81c0f5;
13131 : 80c0f6;
13132 : 7cc1f6;
13133 : 78c3f6;
13134 : 76c4f7;
13135 : 7dc2f9;
13136 : 8bc1ee;
13137 : b1b3d9;
13138 : e99dcf;
13139 : f995cd;
13140 : e898c7;
13141 : e191ba;
13142 : f7a7ce;
13143 : ffbde2;
13144 : feb8dd;
13145 : fbb6db;
13146 : f9b6db;
13147 : fab6db;
13148 : fab6db;
13149 : f9b7db;
13150 : fab8dd;
13151 : fab8de;
13152 : fab8de;
13153 : fab8de;
13154 : fab8de;
13155 : fab8de;
13156 : fab8de;
13157 : fab8de;
13158 : fab8de;
13159 : fab8de;
13160 : fab8de;
13161 : fab8de;
13162 : fab8de;
13163 : fab8de;
13164 : fab8de;
13165 : fab8de;
13166 : fab8de;
13167 : fab8de;
13168 : fab8de;
13169 : fab8de;
13170 : fab8de;
13171 : fab8de;
13172 : fab8de;
13173 : fbb7de;
13174 : fbb7de;
13175 : fbb7de;
13176 : fbb7de;
13177 : fbb7de;
13178 : fbb7de;
13179 : fab7de;
13180 : fab6dd;
13181 : fbb7de;
13182 : ffbce3;
13183 : f9b6dd;
13184 : df9bc2;
13185 : d793ba;
13186 : db98bf;
13187 : dc99c0;
13188 : df9cc3;
13189 : e8a3cb;
13190 : f4acd4;
13191 : fbb4dc;
13192 : ffb7df;
13193 : ffb5de;
13194 : feb3dc;
13195 : ffb3dd;
13196 : ffb3dd;
13197 : ffb3dd;
13198 : ffb3dd;
13199 : ffb2dd;
13200 : ffb2dd;
13201 : ffb2dd;
13202 : ffb2dd;
13203 : ffb3de;
13204 : ffb3de;
13205 : ffb3de;
13206 : feb3dd;
13207 : feb2dc;
13208 : ffb2dc;
13209 : ffb4de;
13210 : ffb6e0;
13211 : feb2dc;
13212 : f5a6d0;
13213 : ea9ac4;
13214 : e799c3;
13215 : eb9dc7;
13216 : e89ac4;
13217 : dd90b9;
13218 : f0a6cf;
13219 : ffb8e1;
13220 : ffb5de;
13221 : ffb8df;
13222 : feb6de;
13223 : feb6de;
13224 : fcb5dd;
13225 : fdb5dd;
13226 : feb6de;
13227 : feb6de;
13228 : feb6de;
13229 : feb6de;
13230 : feb6de;
13231 : feb6de;
13232 : fdb5dd;
13233 : fdb4dc;
13234 : ffb9e1;
13235 : f6aed6;
13236 : e198c1;
13237 : e199c1;
13238 : e39cc3;
13239 : e099c1;
13240 : e098c0;
13241 : eda5cd;
13242 : feb7df;
13243 : ffb8e0;
13244 : fdb5dd;
13245 : feb7df;
13246 : ffb9e1;
13247 : ffb8e0;
13248 : ffb6de;
13249 : ffb6de;
13250 : ffb6de;
13251 : ffb6de;
13252 : ffb6de;
13253 : ffb6de;
13254 : ffb6de;
13255 : fdb6de;
13256 : fab7de;
13257 : fbb7de;
13258 : fbb7de;
13259 : fbb7de;
13260 : fbb7de;
13261 : fbb7de;
13262 : fbb8de;
13263 : ffb6df;
13264 : ffb6df;
13265 : feb4dd;
13266 : ffb2dc;
13267 : ffb9e2;
13268 : f7aed7;
13269 : de96be;
13270 : eb9cc3;
13271 : fc98c7;
13272 : f596d1;
13273 : c3a9df;
13274 : 8fbcea;
13275 : 85c1f4;
13276 : 88c0f8;
13277 : 83c1f7;
13278 : 81c1f6;
13279 : 81c0f5;
13280 : 81c0f6;
13281 : 81c0f6;
13282 : 81c0f6;
13283 : 81c0f6;
13284 : 81c0f6;
13285 : 81c0f6;
13286 : 81c0f6;
13287 : 7fc1f5;
13288 : 7ec1f4;
13289 : 81c0f5;
13290 : 81c0f5;
13291 : 81c0f5;
13292 : 7fc1f6;
13293 : 7cc2f6;
13294 : 79c4f7;
13295 : 78c5f8;
13296 : 8ec0ee;
13297 : b9aedd;
13298 : e49dd2;
13299 : f599cd;
13300 : ed98c6;
13301 : e38fb8;
13302 : f4a5cc;
13303 : ffbee2;
13304 : fdb8dd;
13305 : fab6db;
13306 : fab6db;
13307 : f9b6db;
13308 : f9b7dc;
13309 : fab8dc;
13310 : fbb8de;
13311 : fbb8df;
13312 : fbb8df;
13313 : fbb8df;
13314 : fbb9df;
13315 : fbb9df;
13316 : fbb9df;
13317 : fbb9df;
13318 : fab8de;
13319 : fab8de;
13320 : fab8de;
13321 : fab8de;
13322 : fab8de;
13323 : fab8de;
13324 : fab8de;
13325 : fbb7de;
13326 : fbb7de;
13327 : fbb7de;
13328 : fbb7de;
13329 : fbb7de;
13330 : fbb7de;
13331 : fbb7de;
13332 : fbb7de;
13333 : fcb6de;
13334 : fcb6de;
13335 : fcb6de;
13336 : fcb6de;
13337 : fcb6de;
13338 : fcb6de;
13339 : fdb7df;
13340 : fcb7de;
13341 : fdb8df;
13342 : fcb7de;
13343 : eaa4cc;
13344 : da94bc;
13345 : de98c0;
13346 : e29bc4;
13347 : e29dc4;
13348 : e7a2c8;
13349 : efa9d1;
13350 : fbb4dc;
13351 : ffbae2;
13352 : ffb8e0;
13353 : ffb7df;
13354 : feb5dd;
13355 : feb5dd;
13356 : feb5de;
13357 : feb4dd;
13358 : feb4dd;
13359 : ffb6df;
13360 : ffb6df;
13361 : ffb6df;
13362 : ffb5df;
13363 : ffb3dd;
13364 : ffb3dd;
13365 : ffb3dd;
13366 : ffb4de;
13367 : ffb4de;
13368 : ffb2dc;
13369 : ffb2dc;
13370 : ffb2dc;
13371 : ffb5df;
13372 : ffb6e0;
13373 : ffb1db;
13374 : f0a2cc;
13375 : e496c0;
13376 : e89ac4;
13377 : e395c0;
13378 : e093bd;
13379 : f9aed7;
13380 : feb4dd;
13381 : fdb5dd;
13382 : ffb8e0;
13383 : feb7df;
13384 : fdb6de;
13385 : feb5de;
13386 : ffb5de;
13387 : ffb5de;
13388 : ffb5de;
13389 : ffb5de;
13390 : ffb5de;
13391 : ffb5de;
13392 : feb5de;
13393 : fdb5dd;
13394 : fbb3db;
13395 : e79fc7;
13396 : dd95bd;
13397 : e59dc5;
13398 : e299c1;
13399 : e39ac2;
13400 : f1a9d1;
13401 : feb6de;
13402 : ffb9e1;
13403 : ffb8e0;
13404 : ffb7df;
13405 : ffb6de;
13406 : feb6de;
13407 : feb7df;
13408 : fcb7de;
13409 : fcb7de;
13410 : fcb7de;
13411 : fcb7de;
13412 : fcb7de;
13413 : fcb7de;
13414 : fcb7de;
13415 : fbb7de;
13416 : fab8de;
13417 : fab8de;
13418 : fab8de;
13419 : fab8de;
13420 : fab8de;
13421 : fab8de;
13422 : fab8de;
13423 : fbb8de;
13424 : fbb8de;
13425 : fbb7dd;
13426 : fbb5dd;
13427 : ffbae3;
13428 : f6acd5;
13429 : e094bd;
13430 : f098c4;
13431 : fd97ca;
13432 : ee98d3;
13433 : c6a6de;
13434 : 99b7ea;
13435 : 83c1f4;
13436 : 82c2f7;
13437 : 81c1f6;
13438 : 81c0f5;
13439 : 80bff4;
13440 : 81c0f6;
13441 : 81c0f6;
13442 : 81c0f6;
13443 : 81c0f6;
13444 : 81c0f6;
13445 : 81c0f6;
13446 : 81c0f6;
13447 : 7fc1f5;
13448 : 7ec3f2;
13449 : 80c1f3;
13450 : 81c0f5;
13451 : 81c0f5;
13452 : 80c0f5;
13453 : 80c0f6;
13454 : 7bc3f6;
13455 : 73c8f7;
13456 : 8fbef1;
13457 : bdabe4;
13458 : dd9ed5;
13459 : f09ccc;
13460 : f299c6;
13461 : e68eba;
13462 : f0a3cb;
13463 : ffbde1;
13464 : fdb8dd;
13465 : fab6db;
13466 : fab6db;
13467 : f9b6db;
13468 : f9b8dc;
13469 : fab8dc;
13470 : fbb7de;
13471 : fbb7de;
13472 : fbb7de;
13473 : fbb7de;
13474 : fbb9df;
13475 : fbb9df;
13476 : fbb9df;
13477 : fbb9df;
13478 : fab8de;
13479 : fab8de;
13480 : fab8de;
13481 : fab8de;
13482 : fab8de;
13483 : fab8de;
13484 : fab8de;
13485 : fbb7de;
13486 : fbb7de;
13487 : fbb7de;
13488 : fbb7de;
13489 : fbb7de;
13490 : fbb7de;
13491 : fbb7de;
13492 : fcb7de;
13493 : fdb6de;
13494 : fdb6de;
13495 : fdb6de;
13496 : fdb6de;
13497 : fdb6de;
13498 : fdb6de;
13499 : ffb7df;
13500 : ffb8e0;
13501 : ffb8e0;
13502 : f2aad2;
13503 : df97bf;
13504 : de97bf;
13505 : e098c0;
13506 : e099c1;
13507 : e79fc7;
13508 : f1a9d1;
13509 : fab3db;
13510 : ffb8e0;
13511 : ffb8e0;
13512 : fdb5dd;
13513 : fdb5dd;
13514 : fdb5dd;
13515 : feb6de;
13516 : feb6de;
13517 : feb7de;
13518 : feb7de;
13519 : ffb8df;
13520 : ffb8df;
13521 : ffb9df;
13522 : ffb7df;
13523 : ffb4dd;
13524 : ffb4dd;
13525 : ffb4dd;
13526 : ffb4dd;
13527 : ffb2dd;
13528 : ffb2dc;
13529 : ffb2dc;
13530 : ffb2dc;
13531 : ffb2dc;
13532 : ffb3dd;
13533 : ffb6e0;
13534 : f5a8d2;
13535 : e193bd;
13536 : e395bf;
13537 : e89ac4;
13538 : da8db7;
13539 : e094bd;
13540 : feb4de;
13541 : ffb7e0;
13542 : ffb7df;
13543 : ffb7df;
13544 : feb7df;
13545 : ffb6de;
13546 : ffb5de;
13547 : ffb5de;
13548 : ffb5de;
13549 : ffb5de;
13550 : ffb5de;
13551 : ffb5de;
13552 : ffb6df;
13553 : fbb4dc;
13554 : eda6ce;
13555 : de96be;
13556 : e199c1;
13557 : e59cc5;
13558 : e195bf;
13559 : ea9ec7;
13560 : fdb3dc;
13561 : ffb7df;
13562 : feb6de;
13563 : feb6de;
13564 : feb6de;
13565 : feb6de;
13566 : feb6de;
13567 : feb6de;
13568 : fab7de;
13569 : fab7de;
13570 : fab7de;
13571 : fab7de;
13572 : fab7de;
13573 : fab7de;
13574 : fab7de;
13575 : fab7de;
13576 : fab8de;
13577 : fab8de;
13578 : fab8de;
13579 : fab8de;
13580 : fab8de;
13581 : fab8de;
13582 : fab8de;
13583 : f8b9de;
13584 : f8bade;
13585 : f8bade;
13586 : f9b8de;
13587 : ffbbe2;
13588 : f4a7d1;
13589 : e392bc;
13590 : f497c5;
13591 : fa96cc;
13592 : e59bd5;
13593 : c5a4df;
13594 : 9fb4eb;
13595 : 81c2f4;
13596 : 7cc3f7;
13597 : 80c0f6;
13598 : 81bff4;
13599 : 80bff4;
13600 : 81c0f4;
13601 : 81c0f4;
13602 : 81c0f4;
13603 : 81c0f3;
13604 : 81c0f3;
13605 : 81c0f3;
13606 : 81c0f3;
13607 : 81c0f3;
13608 : 81c1f4;
13609 : 82c1f4;
13610 : 83c0f5;
13611 : 82c0f6;
13612 : 80c1f5;
13613 : 7cc2f5;
13614 : 79c3f6;
13615 : 76c6f7;
13616 : 8dbff2;
13617 : b6afe3;
13618 : daa1d5;
13619 : f09bcd;
13620 : f299c7;
13621 : e790bd;
13622 : efa2cb;
13623 : ffbce0;
13624 : feb8dd;
13625 : fcb6db;
13626 : fbb7dc;
13627 : fab6db;
13628 : f9b6db;
13629 : fab7db;
13630 : fcb6dd;
13631 : fbb6dd;
13632 : fab6dd;
13633 : fab6dd;
13634 : fbb7de;
13635 : fab8de;
13636 : fab8de;
13637 : fab8de;
13638 : fab8de;
13639 : fab8de;
13640 : fab8de;
13641 : fab8de;
13642 : fab8de;
13643 : fab8de;
13644 : fab8de;
13645 : fbb7de;
13646 : fbb7de;
13647 : fbb7de;
13648 : fbb7de;
13649 : fbb7de;
13650 : fbb7de;
13651 : fbb7de;
13652 : fcb7de;
13653 : fdb6de;
13654 : fdb6de;
13655 : fdb6de;
13656 : fdb6de;
13657 : fdb6de;
13658 : fdb6de;
13659 : feb7df;
13660 : ffbae2;
13661 : f6afd7;
13662 : e29bc3;
13663 : df98c0;
13664 : e39cc4;
13665 : de97bf;
13666 : e29bc3;
13667 : efa8d0;
13668 : fab3db;
13669 : ffb8e0;
13670 : fdb7df;
13671 : fcb5dd;
13672 : fdb5dd;
13673 : fdb5dd;
13674 : fdb5dd;
13675 : feb6de;
13676 : ffb7df;
13677 : ffb7df;
13678 : ffb7df;
13679 : ffb7df;
13680 : ffb7df;
13681 : ffb7df;
13682 : ffb6df;
13683 : ffb4dd;
13684 : ffb4dd;
13685 : ffb4dd;
13686 : ffb4dd;
13687 : ffb2dd;
13688 : ffb2dc;
13689 : ffb2dc;
13690 : ffb2dc;
13691 : ffb2dc;
13692 : ffb2dc;
13693 : ffb4de;
13694 : fbadd7;
13695 : ea9cc6;
13696 : e496c0;
13697 : e496c0;
13698 : e294be;
13699 : d789b4;
13700 : efa5cf;
13701 : ffbce5;
13702 : ffb7df;
13703 : ffb7df;
13704 : feb7df;
13705 : ffb6de;
13706 : ffb5de;
13707 : ffb5de;
13708 : ffb5de;
13709 : ffb5de;
13710 : ffb5de;
13711 : ffb5de;
13712 : ffb8e1;
13713 : f5aed6;
13714 : df98c0;
13715 : de96be;
13716 : e49dc4;
13717 : e39ac2;
13718 : e398c1;
13719 : f3a8d1;
13720 : ffb6df;
13721 : feb6de;
13722 : feb6de;
13723 : fdb5dd;
13724 : feb5dd;
13725 : feb6de;
13726 : feb6de;
13727 : feb6de;
13728 : fbb7de;
13729 : fbb7de;
13730 : fbb7de;
13731 : fbb7de;
13732 : fbb7de;
13733 : fbb7de;
13734 : fbb7de;
13735 : fbb7de;
13736 : fab8de;
13737 : fab8de;
13738 : fab8de;
13739 : fab8de;
13740 : fab8de;
13741 : fab8de;
13742 : fab8de;
13743 : f9b9de;
13744 : f9b9de;
13745 : fab8de;
13746 : fbb8df;
13747 : ffb9e1;
13748 : eea1cb;
13749 : e493be;
13750 : f49ac8;
13751 : f398cb;
13752 : dd9ed5;
13753 : bba9e1;
13754 : 98b7ec;
13755 : 81c2f4;
13756 : 7ec3f7;
13757 : 81c0f5;
13758 : 81bff4;
13759 : 80bff4;
13760 : 84c0f3;
13761 : 84c0f3;
13762 : 84c0f3;
13763 : 84c0f3;
13764 : 84c0f3;
13765 : 84c0f4;
13766 : 84c0f3;
13767 : 85c1f4;
13768 : 85c1f5;
13769 : 84c0f4;
13770 : 85c1f5;
13771 : 83c0f6;
13772 : 7fc0f5;
13773 : 7cc2f5;
13774 : 79c3f5;
13775 : 7ac4f7;
13776 : 8dbff2;
13777 : afb3e4;
13778 : d1a5d7;
13779 : ec9ccd;
13780 : f499c8;
13781 : e990be;
13782 : ed9fc9;
13783 : ffb9de;
13784 : ffb8de;
13785 : fdb6dc;
13786 : fdb7dc;
13787 : fdb7dd;
13788 : fab6db;
13789 : f9b5da;
13790 : fcb6dd;
13791 : feb7df;
13792 : fdb7df;
13793 : fcb7de;
13794 : fbb7de;
13795 : fbb7de;
13796 : fab8de;
13797 : fab8de;
13798 : fab8de;
13799 : fab8de;
13800 : fab8de;
13801 : fab8de;
13802 : fab8de;
13803 : fab8de;
13804 : fab8de;
13805 : fbb7de;
13806 : fbb7de;
13807 : fbb7de;
13808 : fbb7de;
13809 : fbb7de;
13810 : fbb7de;
13811 : fbb7de;
13812 : fcb7de;
13813 : fdb6de;
13814 : fdb6de;
13815 : fdb6de;
13816 : fdb6de;
13817 : fdb6de;
13818 : fdb6de;
13819 : ffb9e1;
13820 : fcb5dd;
13821 : e7a0c8;
13822 : dc95bd;
13823 : e29bc3;
13824 : e39cc4;
13825 : e7a0c8;
13826 : f0a9d1;
13827 : fab3db;
13828 : ffb9e1;
13829 : feb7df;
13830 : fbb4dc;
13831 : fcb4dc;
13832 : fdb5dd;
13833 : feb6de;
13834 : ffb7df;
13835 : ffb7df;
13836 : ffb7df;
13837 : ffb7df;
13838 : ffb7df;
13839 : ffb7df;
13840 : ffb7df;
13841 : ffb7df;
13842 : ffb6df;
13843 : ffb4dd;
13844 : ffb4dd;
13845 : ffb4dd;
13846 : ffb4dd;
13847 : ffb2dc;
13848 : ffb2dc;
13849 : ffb2dc;
13850 : ffb2dc;
13851 : ffb2dc;
13852 : ffb2dc;
13853 : ffb2dc;
13854 : ffb3dd;
13855 : f9aad4;
13856 : e395bf;
13857 : dd8fb9;
13858 : e698c2;
13859 : dd8fb9;
13860 : df92bc;
13861 : fdb4de;
13862 : ffbae2;
13863 : ffb7df;
13864 : feb7df;
13865 : feb6de;
13866 : ffb5de;
13867 : ffb5de;
13868 : ffb5de;
13869 : ffb5de;
13870 : ffb5de;
13871 : ffb7e0;
13872 : ffb7e0;
13873 : eaa4cc;
13874 : db94bc;
13875 : e49bc3;
13876 : e39bc3;
13877 : df96be;
13878 : eda1cb;
13879 : feb3dc;
13880 : feb5dd;
13881 : fdb5dd;
13882 : feb6de;
13883 : feb6de;
13884 : feb6de;
13885 : feb6de;
13886 : feb6de;
13887 : feb6de;
13888 : fbb7de;
13889 : fbb7de;
13890 : fbb7de;
13891 : fbb7de;
13892 : fbb7de;
13893 : fbb7de;
13894 : fbb7de;
13895 : fbb7de;
13896 : fab8de;
13897 : fab8de;
13898 : fab8de;
13899 : fab8de;
13900 : fab8de;
13901 : fab8de;
13902 : fab8de;
13903 : fab8de;
13904 : fab8de;
13905 : fab8de;
13906 : fcb8df;
13907 : ffb7e0;
13908 : e99cc5;
13909 : e694bf;
13910 : f49cc9;
13911 : eb99cb;
13912 : d1a3d7;
13913 : aeafe3;
13914 : 8fbaef;
13915 : 81c2f7;
13916 : 7fc2f7;
13917 : 82c0f5;
13918 : 81bff4;
13919 : 80bff4;
13920 : 8dc2f5;
13921 : 8dc2f4;
13922 : 8ec3f5;
13923 : 8ec4f6;
13924 : 8ec4f6;
13925 : 8fc4f7;
13926 : 8fc4f6;
13927 : 8ec3f7;
13928 : 8fc3f8;
13929 : 8dc1f6;
13930 : 8ac0f6;
13931 : 85c0f4;
13932 : 81bff4;
13933 : 7ec1f5;
13934 : 7ac1f4;
13935 : 7dc2f8;
13936 : 8bc0f2;
13937 : a6b7e4;
13938 : c8a9d6;
13939 : e99ecf;
13940 : f598c9;
13941 : e790bd;
13942 : ea9ec7;
13943 : ffb7de;
13944 : ffb7df;
13945 : fdb4dd;
13946 : feb7df;
13947 : ffb9e1;
13948 : ffb8e0;
13949 : ffb9e1;
13950 : ffbae2;
13951 : ffbae2;
13952 : ffb8e0;
13953 : ffb8e0;
13954 : fdb9e0;
13955 : fbb7de;
13956 : fab5dd;
13957 : fab7dd;
13958 : fab8de;
13959 : fab8de;
13960 : fab8de;
13961 : fab8de;
13962 : fab8de;
13963 : fab8de;
13964 : fab8de;
13965 : fbb7de;
13966 : fbb7de;
13967 : fbb7de;
13968 : fbb7de;
13969 : fbb7de;
13970 : fbb7de;
13971 : fbb7de;
13972 : fcb7de;
13973 : fdb6de;
13974 : fdb6de;
13975 : fdb6de;
13976 : fdb6de;
13977 : fdb6de;
13978 : feb7df;
13979 : ffb9e1;
13980 : f6afd7;
13981 : e19ac2;
13982 : e19ac2;
13983 : e39cc4;
13984 : df98c0;
13985 : eda6ce;
13986 : fcb5dd;
13987 : ffb9e1;
13988 : feb7df;
13989 : fbb4dc;
13990 : fbb4dc;
13991 : fdb6de;
13992 : ffb7df;
13993 : ffb7df;
13994 : fdb5dd;
13995 : fdb5dd;
13996 : ffb7df;
13997 : ffb7df;
13998 : ffb7df;
13999 : ffb7df;
14000 : ffb7df;
14001 : ffb7df;
14002 : ffb7df;
14003 : ffb4dd;
14004 : ffb3dc;
14005 : ffb4dd;
14006 : ffb4dd;
14007 : ffb3dd;
14008 : ffb4de;
14009 : ffb3dd;
14010 : ffb4de;
14011 : ffb2dc;
14012 : ffb2dc;
14013 : ffb2dc;
14014 : ffb2dc;
14015 : ffb2dc;
14016 : ea9cc6;
14017 : dc8eb8;
14018 : e597c1;
14019 : e193bd;
14020 : dc8eb8;
14021 : f4a7d1;
14022 : ffb7e1;
14023 : feb4dd;
14024 : fcb5dd;
14025 : ffb5dd;
14026 : ffb4dd;
14027 : ffb6df;
14028 : ffb6df;
14029 : feb3dc;
14030 : feb5de;
14031 : ffbde6;
14032 : fab2db;
14033 : e29bc3;
14034 : df98c0;
14035 : e49cc4;
14036 : de97bf;
14037 : e198c0;
14038 : f5aad3;
14039 : ffb4dd;
14040 : feb5dd;
14041 : feb6de;
14042 : feb6de;
14043 : feb6de;
14044 : feb6de;
14045 : feb6de;
14046 : feb6de;
14047 : feb6de;
14048 : fbb7de;
14049 : fbb7de;
14050 : fbb7de;
14051 : fbb7de;
14052 : fbb7de;
14053 : fbb7de;
14054 : fbb7de;
14055 : fbb7de;
14056 : fab8de;
14057 : fab8de;
14058 : fab8de;
14059 : fab8de;
14060 : fab8de;
14061 : fab8de;
14062 : fab8de;
14063 : fbb9df;
14064 : fab8de;
14065 : fbb9de;
14066 : ffbae2;
14067 : fab0d9;
14068 : e697c1;
14069 : eb96c2;
14070 : f39ac8;
14071 : e39ccd;
14072 : c5aada;
14073 : a0b6e7;
14074 : 86bff3;
14075 : 7ec2f8;
14076 : 80c1f7;
14077 : 83bff4;
14078 : 81bff3;
14079 : 80bff4;
14080 : 7ba5da;
14081 : 7aa5d9;
14082 : 7ba6da;
14083 : 7ca6db;
14084 : 7ca6db;
14085 : 7ca7db;
14086 : 7ca6da;
14087 : 7ba7dc;
14088 : 80afe5;
14089 : 8ab7ed;
14090 : 8dbcf3;
14091 : 8bbff6;
14092 : 87c1f5;
14093 : 80c1f3;
14094 : 7dc2f5;
14095 : 80c0f8;
14096 : 89c1f4;
14097 : 9ebbe5;
14098 : c1add8;
14099 : e79ed0;
14100 : f697ca;
14101 : e990c0;
14102 : e79ac5;
14103 : fdb3db;
14104 : ffb6df;
14105 : faafd8;
14106 : f3a9d2;
14107 : f2abd3;
14108 : f7afd7;
14109 : fbb2db;
14110 : feb7df;
14111 : ffbbe3;
14112 : ffbae2;
14113 : ffb8e0;
14114 : fcb6de;
14115 : fab7de;
14116 : fbb7de;
14117 : fbb8de;
14118 : fab8de;
14119 : fab8de;
14120 : fab8de;
14121 : fab8de;
14122 : fab8de;
14123 : fab8de;
14124 : fab8de;
14125 : fbb7de;
14126 : fbb7de;
14127 : fbb7de;
14128 : fbb7de;
14129 : fbb7de;
14130 : fbb7de;
14131 : fbb7de;
14132 : fcb7de;
14133 : fdb6de;
14134 : fdb6de;
14135 : fdb6de;
14136 : fdb6de;
14137 : fdb6de;
14138 : fdb6de;
14139 : feb7df;
14140 : f1aad2;
14141 : e099c1;
14142 : e39cc4;
14143 : e39cc4;
14144 : dd96be;
14145 : eba4cc;
14146 : ffb9e1;
14147 : ffbae2;
14148 : fcb5dd;
14149 : fbb4dc;
14150 : fcb5dd;
14151 : feb6de;
14152 : ffb7df;
14153 : feb6de;
14154 : fcb4dc;
14155 : fdb5dd;
14156 : ffb7df;
14157 : ffb7df;
14158 : ffb7df;
14159 : ffb7df;
14160 : ffb7df;
14161 : ffb7df;
14162 : ffb8e0;
14163 : ffb6df;
14164 : ffb4dd;
14165 : ffbbe4;
14166 : ffbde6;
14167 : ffbbe5;
14168 : ffbbe5;
14169 : ffb5df;
14170 : ffb2dc;
14171 : ffb2dc;
14172 : ffb2dc;
14173 : ffb3dd;
14174 : fdb1db;
14175 : ffb5df;
14176 : f2a5cf;
14177 : de8eb9;
14178 : e595c0;
14179 : e697c1;
14180 : da8cb6;
14181 : ec9fc9;
14182 : ffb7e1;
14183 : feb4dd;
14184 : fbb4dd;
14185 : feb5de;
14186 : ffb5de;
14187 : ffb6df;
14188 : ffb4dd;
14189 : feb5de;
14190 : ffb6df;
14191 : ffb8e2;
14192 : f1a8d1;
14193 : e099c1;
14194 : e69fc7;
14195 : e29ac2;
14196 : db94bb;
14197 : e9a0c8;
14198 : ffb3dd;
14199 : ffb5de;
14200 : feb4dd;
14201 : feb6de;
14202 : feb6de;
14203 : feb6de;
14204 : feb6de;
14205 : feb6de;
14206 : feb6de;
14207 : feb6de;
14208 : fbb7de;
14209 : fbb7de;
14210 : fbb7de;
14211 : fbb7de;
14212 : fbb7de;
14213 : fbb7de;
14214 : fbb7de;
14215 : fbb7de;
14216 : fab8de;
14217 : fab8de;
14218 : fab8de;
14219 : fab8de;
14220 : fab8de;
14221 : fab8de;
14222 : fab8de;
14223 : fbb8de;
14224 : fab8de;
14225 : fcb8df;
14226 : ffb9e1;
14227 : eca2cb;
14228 : e493be;
14229 : f199c5;
14230 : f099c7;
14231 : dea0ce;
14232 : b8aedb;
14233 : 91bbe9;
14234 : 7fc1f5;
14235 : 7ec2fa;
14236 : 82c1f7;
14237 : 85bef3;
14238 : 81bff3;
14239 : 7fbff4;
14240 : 6a8bc1;
14241 : 698ac1;
14242 : 698ac2;
14243 : 6b8cc3;
14244 : 6b8cc3;
14245 : 6c8dc3;
14246 : 6c8cc2;
14247 : 698cc5;
14248 : 688fca;
14249 : 6c95ce;
14250 : 739fd6;
14251 : 85b5ed;
14252 : 8fc4fb;
14253 : 88c5f8;
14254 : 81c4f6;
14255 : 83bef7;
14256 : 88c1f2;
14257 : 98bee3;
14258 : bdafd7;
14259 : e69dcc;
14260 : f798c9;
14261 : ea93c2;
14262 : e496c1;
14263 : faaed7;
14264 : ffb5df;
14265 : f6aad3;
14266 : e599c3;
14267 : de94bd;
14268 : df97bf;
14269 : df98c0;
14270 : e69dc6;
14271 : f0a7d0;
14272 : f8b0d9;
14273 : fdb6df;
14274 : ffb8e0;
14275 : feb9e1;
14276 : fdbae1;
14277 : fbb8df;
14278 : fab8de;
14279 : fab8de;
14280 : fab8de;
14281 : fab8de;
14282 : fab8de;
14283 : fab8de;
14284 : fab8de;
14285 : fbb7de;
14286 : fbb7de;
14287 : fbb7de;
14288 : fbb7de;
14289 : fbb7de;
14290 : fbb7de;
14291 : fbb7de;
14292 : fcb7de;
14293 : fdb6de;
14294 : fdb6de;
14295 : fdb6de;
14296 : fdb6de;
14297 : fdb6de;
14298 : fdb6de;
14299 : fdb6de;
14300 : eda6ce;
14301 : dc95bd;
14302 : e19ac2;
14303 : e49dc5;
14304 : e099c1;
14305 : f2abd3;
14306 : ffbce4;
14307 : feb7df;
14308 : fbb4dc;
14309 : fcb5dd;
14310 : fdb6de;
14311 : feb5dd;
14312 : ffb9e1;
14313 : ffbfe7;
14314 : ffc4ea;
14315 : ffc6ec;
14316 : ffc2ea;
14317 : ffbae1;
14318 : ffb7df;
14319 : ffb7df;
14320 : ffb7df;
14321 : ffb7df;
14322 : ffb5de;
14323 : ffb8e1;
14324 : ffc1ea;
14325 : f9b3db;
14326 : e194be;
14327 : d587b1;
14328 : eea2cc;
14329 : ffbbe5;
14330 : ffb6e0;
14331 : ffb1db;
14332 : ffb2dc;
14333 : ffb3dd;
14334 : feb2dc;
14335 : ffb4de;
14336 : fbafd8;
14337 : e596c0;
14338 : e391bd;
14339 : e998c2;
14340 : db8db7;
14341 : e99cc6;
14342 : ffb6e0;
14343 : feb3db;
14344 : fdb3db;
14345 : feb5de;
14346 : ffb6df;
14347 : ffb6df;
14348 : ffb3dc;
14349 : ffb5de;
14350 : ffb6df;
14351 : ffb5de;
14352 : e79dc6;
14353 : df98c0;
14354 : e8a1c9;
14355 : df97bf;
14356 : de97be;
14357 : f4aad3;
14358 : ffb7e0;
14359 : ffb5df;
14360 : feb4dd;
14361 : feb6de;
14362 : feb6de;
14363 : feb6de;
14364 : feb6de;
14365 : feb6de;
14366 : feb6de;
14367 : feb6de;
14368 : fbb7de;
14369 : fbb7de;
14370 : fbb7de;
14371 : fbb7de;
14372 : fbb7de;
14373 : fbb7de;
14374 : fbb7de;
14375 : fbb7de;
14376 : fab8de;
14377 : fab8de;
14378 : fab8de;
14379 : fab8de;
14380 : fab8de;
14381 : fab8de;
14382 : fab8de;
14383 : fbb7de;
14384 : fcb7df;
14385 : fdb9e0;
14386 : f9b3db;
14387 : e398c2;
14388 : e897c1;
14389 : f398c4;
14390 : f197c5;
14391 : dca2cf;
14392 : b1afd9;
14393 : 88bee9;
14394 : 77c5f8;
14395 : 7ac4fd;
14396 : 83c1f8;
14397 : 87bff2;
14398 : 81bff3;
14399 : 7fbff4;
14400 : 738dc2;
14401 : 738dc2;
14402 : 748dc3;
14403 : 748ec3;
14404 : 748ec3;
14405 : 748ec3;
14406 : 758ec3;
14407 : 728fc5;
14408 : 6e8fc6;
14409 : 6c8dc4;
14410 : 678ac1;
14411 : 78a0d8;
14412 : 91c0f9;
14413 : 8fc7fc;
14414 : 84c3f7;
14415 : 7fbff8;
14416 : 85c2f8;
14417 : 98bdec;
14418 : bcaedf;
14419 : e29ed4;
14420 : f696cd;
14421 : ee91c3;
14422 : e493c0;
14423 : f9add9;
14424 : ffb4df;
14425 : eea3cc;
14426 : e49cc3;
14427 : e89ec6;
14428 : e69cc4;
14429 : e399c0;
14430 : de97bd;
14431 : da94bb;
14432 : dc96bc;
14433 : e59fc5;
14434 : f0a9cf;
14435 : fab4d9;
14436 : ffbbe1;
14437 : ffbce2;
14438 : fcb9e0;
14439 : f9b6dd;
14440 : fab7dd;
14441 : fbb7de;
14442 : fbb7de;
14443 : fbb7de;
14444 : fab8de;
14445 : fab8de;
14446 : fab8de;
14447 : fab8de;
14448 : fab8de;
14449 : fab8de;
14450 : fab8de;
14451 : fab9de;
14452 : fbb7de;
14453 : fcb5dd;
14454 : fbb4dc;
14455 : fcb5dd;
14456 : fdb6de;
14457 : fdb6de;
14458 : fdb6de;
14459 : f9b2da;
14460 : e8a1c9;
14461 : db94bc;
14462 : e099c1;
14463 : e29bc3;
14464 : e59ec6;
14465 : fab4dc;
14466 : ffbce4;
14467 : fcb5dd;
14468 : fbb4dc;
14469 : fdb7df;
14470 : fbb6de;
14471 : ffbde4;
14472 : f8aed7;
14473 : df90ba;
14474 : d380ac;
14475 : ce7aa6;
14476 : e493be;
14477 : ffb8e2;
14478 : ffb8e2;
14479 : ffb5dd;
14480 : ffb8df;
14481 : ffb7df;
14482 : ffb7df;
14483 : ffc1e9;
14484 : e69ec6;
14485 : b2658f;
14486 : b1638d;
14487 : af628c;
14488 : a85b85;
14489 : d386b0;
14490 : ffb6e0;
14491 : ffb6e0;
14492 : feb1db;
14493 : feb2dc;
14494 : ffb3dd;
14495 : ffb2dc;
14496 : ffb3dd;
14497 : eb9dc8;
14498 : e191bc;
14499 : e899c3;
14500 : dd90ba;
14501 : e497c1;
14502 : feb4de;
14503 : ffb4de;
14504 : fcb1da;
14505 : ffb5de;
14506 : ffb6df;
14507 : ffb5de;
14508 : ffb4dd;
14509 : feb5de;
14510 : ffb9e2;
14511 : f8afd8;
14512 : e095be;
14513 : e29ac2;
14514 : e7a0c8;
14515 : de96be;
14516 : e39bc3;
14517 : fbb2da;
14518 : ffb8e1;
14519 : feb6df;
14520 : feb5dd;
14521 : feb6de;
14522 : fdb6de;
14523 : fdb6de;
14524 : fdb6de;
14525 : fcb7de;
14526 : fcb7de;
14527 : fcb7de;
14528 : fbb7de;
14529 : fbb7de;
14530 : fbb7de;
14531 : fbb7de;
14532 : fbb7de;
14533 : fbb7de;
14534 : fbb7de;
14535 : fbb7de;
14536 : fab8de;
14537 : fab8de;
14538 : fab8de;
14539 : fab8de;
14540 : fab8de;
14541 : fab8de;
14542 : fab8de;
14543 : fcb8df;
14544 : fbb8de;
14545 : fdbce0;
14546 : f0abcf;
14547 : e597c0;
14548 : ed9bc9;
14549 : eb98ca;
14550 : e99acd;
14551 : d1a6d2;
14552 : a3b4df;
14553 : 80c1ef;
14554 : 7ac4f6;
14555 : 83c0f5;
14556 : 87bef3;
14557 : 82c0f1;
14558 : 80bff3;
14559 : 80bff5;
14560 : 768bbe;
14561 : 778dbf;
14562 : 778dbf;
14563 : 778dbf;
14564 : 788ec0;
14565 : 788ec0;
14566 : 798ec0;
14567 : 768fc1;
14568 : 7490c2;
14569 : 7490c4;
14570 : 6f8dc3;
14571 : 698bc4;
14572 : 84afe9;
14573 : 90c5fd;
14574 : 82c0f7;
14575 : 7bc1fa;
14576 : 82c1fa;
14577 : 9abcf5;
14578 : bbafe8;
14579 : dda0dc;
14580 : f296d1;
14581 : f090c3;
14582 : e691bf;
14583 : f8aad7;
14584 : feb1dd;
14585 : eba2cb;
14586 : e39cc3;
14587 : e39cc4;
14588 : e89dc4;
14589 : ec9fc6;
14590 : e9a1c6;
14591 : e5a0c5;
14592 : e39cc1;
14593 : e099be;
14594 : de97bc;
14595 : e29bc0;
14596 : eda5ca;
14597 : f8b0d7;
14598 : ffbbe3;
14599 : ffbbe3;
14600 : fbb7de;
14601 : fbb7de;
14602 : fbb7de;
14603 : fbb7de;
14604 : fbb7de;
14605 : fab8de;
14606 : fab8de;
14607 : fab8de;
14608 : fab8de;
14609 : fab8de;
14610 : fab8de;
14611 : fab9de;
14612 : fbb7de;
14613 : fdb5dd;
14614 : fab3db;
14615 : fab3db;
14616 : fdb6de;
14617 : fdb6de;
14618 : fdb6de;
14619 : f4add5;
14620 : e59ec6;
14621 : dd96be;
14622 : e29bc3;
14623 : e099c1;
14624 : e69fc7;
14625 : fcb6de;
14626 : ffbae2;
14627 : fdb5dd;
14628 : fdb5dd;
14629 : fbb5dc;
14630 : ffbfe5;
14631 : f9b4db;
14632 : c476a0;
14633 : af5885;
14634 : bc5d8d;
14635 : ba5989;
14636 : b55886;
14637 : e18fbb;
14638 : ffb8e3;
14639 : ffb4dd;
14640 : ffb8e0;
14641 : ffb8e0;
14642 : ffc0e8;
14643 : e9a3cb;
14644 : ab638b;
14645 : af638d;
14646 : c3759f;
14647 : ca7ca6;
14648 : bb6d98;
14649 : 9f537c;
14650 : d78db5;
14651 : ffbfe8;
14652 : ffb3dc;
14653 : feb1db;
14654 : ffb2dc;
14655 : ffb2dc;
14656 : ffb3dd;
14657 : ec9fc9;
14658 : df91bb;
14659 : e699c3;
14660 : df91bb;
14661 : df93bd;
14662 : fbb0db;
14663 : ffb6e0;
14664 : fbb1d9;
14665 : feb5de;
14666 : ffb6df;
14667 : ffb5de;
14668 : ffb4dd;
14669 : ffb6df;
14670 : ffbbe4;
14671 : eca1ca;
14672 : d68bb4;
14673 : e59dc5;
14674 : e59dc5;
14675 : db93bb;
14676 : e9a1c9;
14677 : ffb7df;
14678 : ffb8df;
14679 : fcb4dc;
14680 : feb6de;
14681 : feb6de;
14682 : fdb6de;
14683 : fdb6de;
14684 : fdb6de;
14685 : fbb7de;
14686 : f9b7de;
14687 : fab7de;
14688 : fbb7de;
14689 : fbb7de;
14690 : fbb7de;
14691 : fbb7de;
14692 : fbb7de;
14693 : fbb7de;
14694 : fbb7de;
14695 : fbb7de;
14696 : fab8de;
14697 : fab8de;
14698 : fab8de;
14699 : fab8de;
14700 : fab8de;
14701 : fab8de;
14702 : fab8de;
14703 : fbb7de;
14704 : fbbade;
14705 : f9b9db;
14706 : e8a0c4;
14707 : e797c1;
14708 : ea9bcd;
14709 : e39ad2;
14710 : dc9ed3;
14711 : c2a7d7;
14712 : 97b5e5;
14713 : 79c1f3;
14714 : 7ec1f5;
14715 : 8abbf0;
14716 : 8abcee;
14717 : 7fc0f1;
14718 : 7ec0f4;
14719 : 80bff4;
14720 : 758dbd;
14721 : 768ebe;
14722 : 768ebe;
14723 : 768ebe;
14724 : 778fbf;
14725 : 778fbf;
14726 : 778fbf;
14727 : 768fc0;
14728 : 748fc3;
14729 : 758fc6;
14730 : 718dc5;
14731 : 6589c0;
14732 : 81aee7;
14733 : 8fc7ff;
14734 : 81bff4;
14735 : 7dbff8;
14736 : 80c2f7;
14737 : 94c0f3;
14738 : b4b2e9;
14739 : d6a2dc;
14740 : ee99d2;
14741 : f193c7;
14742 : e590bf;
14743 : f1a2cf;
14744 : ffb3df;
14745 : fcb4dd;
14746 : f6afd6;
14747 : eca5cd;
14748 : e79cc4;
14749 : e69ac1;
14750 : e79bc2;
14751 : ea9fc6;
14752 : eca0c7;
14753 : ea9fc6;
14754 : e89cc3;
14755 : e498bf;
14756 : e397be;
14757 : e59bc3;
14758 : eca6ce;
14759 : fab4dc;
14760 : ffbce4;
14761 : fdb9e0;
14762 : fab7dd;
14763 : fbb7de;
14764 : fbb7de;
14765 : fab8de;
14766 : fab8de;
14767 : fab8de;
14768 : fab8de;
14769 : fab8de;
14770 : fab8de;
14771 : fab9de;
14772 : fbb7de;
14773 : fcb5dd;
14774 : fab3db;
14775 : fbb4dc;
14776 : fdb6de;
14777 : fdb6de;
14778 : fcb5dd;
14779 : f4add5;
14780 : e59ec6;
14781 : dd96be;
14782 : e29bc3;
14783 : df98c0;
14784 : e7a0c8;
14785 : fdb7df;
14786 : ffbae2;
14787 : fdb5dd;
14788 : fcb4dd;
14789 : ffbbe3;
14790 : ffbee5;
14791 : c57ea6;
14792 : aa5d87;
14793 : d07ba8;
14794 : df83b2;
14795 : de80b0;
14796 : c76e9c;
14797 : ba6692;
14798 : e899c4;
14799 : ffbce4;
14800 : ffb8e0;
14801 : ffb9e1;
14802 : ffbee6;
14803 : c67fa6;
14804 : a65e86;
14805 : cb7fa8;
14806 : c679a3;
14807 : c678a2;
14808 : d588b2;
14809 : ad618a;
14810 : a85d86;
14811 : f9b0d9;
14812 : ffbce5;
14813 : ffb2dc;
14814 : ffb3dd;
14815 : ffb2dc;
14816 : ffb4de;
14817 : eea0ca;
14818 : df91bb;
14819 : e597c1;
14820 : df92bc;
14821 : df93bd;
14822 : faaed8;
14823 : ffb7e1;
14824 : fdb2db;
14825 : feb5de;
14826 : ffb6df;
14827 : ffb5de;
14828 : ffb5de;
14829 : ffb6df;
14830 : ffb9e2;
14831 : e499c2;
14832 : d78db5;
14833 : e8a0c8;
14834 : de96be;
14835 : db93bb;
14836 : f2aad2;
14837 : ffbae2;
14838 : feb5dd;
14839 : fdb5dd;
14840 : feb6de;
14841 : feb6de;
14842 : fdb6de;
14843 : fdb6de;
14844 : fdb6de;
14845 : fbb7de;
14846 : fbb7de;
14847 : fbb7de;
14848 : fbb7de;
14849 : fbb7de;
14850 : fbb7de;
14851 : fbb7de;
14852 : fbb7de;
14853 : fbb7de;
14854 : fbb7de;
14855 : fbb7de;
14856 : fab8de;
14857 : fab8de;
14858 : fab8de;
14859 : fab8de;
14860 : fab8de;
14861 : fab8de;
14862 : fab9df;
14863 : fbb9df;
14864 : fdbbe0;
14865 : f3aed3;
14866 : e597be;
14867 : eb98c7;
14868 : e59ccf;
14869 : dd9fd2;
14870 : cfa4d5;
14871 : b5abdb;
14872 : 93b5e8;
14873 : 7bbff4;
14874 : 7fc0f7;
14875 : 8abcf4;
14876 : 8bbbf2;
14877 : 83bdf3;
14878 : 7fbff4;
14879 : 80bff4;
14880 : 758dbd;
14881 : 768ebe;
14882 : 758ebd;
14883 : 758ebd;
14884 : 778fbf;
14885 : 778fbf;
14886 : 778fbf;
14887 : 768fc0;
14888 : 758fc2;
14889 : 758fc3;
14890 : 708dc4;
14891 : 6a8cc5;
14892 : 85b2e9;
14893 : 8ec7fc;
14894 : 80bef4;
14895 : 7ec0f6;
14896 : 81c4f7;
14897 : 8bc2f2;
14898 : a7b6e9;
14899 : cca7e0;
14900 : e89cd6;
14901 : ef95cb;
14902 : e591c0;
14903 : ec9eca;
14904 : feb1dd;
14905 : ffb7e0;
14906 : ffb8e0;
14907 : ffb7df;
14908 : fbb1d8;
14909 : f6a9d0;
14910 : f3a2cb;
14911 : ec9bc4;
14912 : e896c0;
14913 : e997c1;
14914 : ed9bc4;
14915 : ef9dc6;
14916 : ef9cc5;
14917 : e898c2;
14918 : e298c1;
14919 : e89fc7;
14920 : f4acd4;
14921 : feb7df;
14922 : fdb8e0;
14923 : fbb7de;
14924 : fbb7de;
14925 : fab8de;
14926 : fab8de;
14927 : fab8de;
14928 : fab8de;
14929 : fab8de;
14930 : fab8de;
14931 : fab9de;
14932 : fbb7de;
14933 : fcb5dd;
14934 : fab3db;
14935 : fbb4dc;
14936 : feb7df;
14937 : fdb6de;
14938 : fcb5dd;
14939 : f3acd4;
14940 : e49dc5;
14941 : de97bf;
14942 : e39cc4;
14943 : df98c0;
14944 : e8a1c9;
14945 : feb8e0;
14946 : ffb9e1;
14947 : fcb5dd;
14948 : fcb4dc;
14949 : ffc4ec;
14950 : f1b1d8;
14951 : b06890;
14952 : bd6f99;
14953 : d681ae;
14954 : d276a5;
14955 : d376a5;
14956 : d57caa;
14957 : b25e8a;
14958 : ca7ba5;
14959 : ffbfe7;
14960 : ffb9e1;
14961 : ffbae1;
14962 : ffbee6;
14963 : c780a8;
14964 : a75f87;
14965 : c67aa3;
14966 : c679a3;
14967 : c679a3;
14968 : ca7ca7;
14969 : b86c95;
14970 : a75d85;
14971 : eaa5cd;
14972 : ffc2ea;
14973 : feb3dc;
14974 : ffb5de;
14975 : ffb2dc;
14976 : ffb5df;
14977 : eea2cc;
14978 : e091bb;
14979 : e496c0;
14980 : e093bd;
14981 : df91bb;
14982 : f8acd6;
14983 : ffb8e2;
14984 : fdb2db;
14985 : feb4dd;
14986 : ffb6df;
14987 : ffb5de;
14988 : ffb5de;
14989 : ffb7e0;
14990 : ffb6df;
14991 : e297c0;
14992 : dc92bb;
14993 : e69dc5;
14994 : db93bb;
14995 : e098c0;
14996 : f9b1d9;
14997 : ffb9e1;
14998 : fdb5dd;
14999 : fdb5dd;
15000 : fdb5dd;
15001 : feb6de;
15002 : fdb6de;
15003 : fdb6de;
15004 : fdb6de;
15005 : fbb7de;
15006 : fbb7de;
15007 : fbb7de;
15008 : fbb7de;
15009 : fbb7de;
15010 : fbb7de;
15011 : fbb7de;
15012 : fbb7de;
15013 : fbb7de;
15014 : fbb7de;
15015 : fbb7de;
15016 : fab8de;
15017 : fab8de;
15018 : fab8de;
15019 : fab8de;
15020 : fab8de;
15021 : fab8de;
15022 : fab8de;
15023 : fcbae2;
15024 : fcb8e0;
15025 : eca0c8;
15026 : e894c0;
15027 : ee99cd;
15028 : e09dd1;
15029 : d1a5d7;
15030 : beabdd;
15031 : a4b1e3;
15032 : 8db8ef;
15033 : 7fbff9;
15034 : 82bff8;
15035 : 89bbf5;
15036 : 8bbaf4;
15037 : 87bbf5;
15038 : 80bff5;
15039 : 7fbff4;
15040 : 7991c1;
15041 : 7890c0;
15042 : 778fbf;
15043 : 778fbf;
15044 : 768ebe;
15045 : 768ebe;
15046 : 768ebe;
15047 : 768ebf;
15048 : 778ec1;
15049 : 778ec3;
15050 : 728cc3;
15051 : 6b8dc4;
15052 : 84b0e8;
15053 : 8dc6fb;
15054 : 80c0f3;
15055 : 7ec1f5;
15056 : 7dc5f6;
15057 : 82c4f2;
15058 : 9bbaeb;
15059 : c1abe3;
15060 : df9fd9;
15061 : ee98d1;
15062 : e894c4;
15063 : e99ac6;
15064 : f9abd8;
15065 : fbb3dc;
15066 : fbb3db;
15067 : feb6de;
15068 : ffb7de;
15069 : ffb4db;
15070 : ffb1da;
15071 : fbabd4;
15072 : f3a1cb;
15073 : ed9cc5;
15074 : e999c1;
15075 : e998c1;
15076 : ec9ac3;
15077 : ea9bc4;
15078 : e99cc6;
15079 : e699c3;
15080 : e69cc5;
15081 : f1abd2;
15082 : feb7df;
15083 : fdb8e0;
15084 : fab7dd;
15085 : fbb8de;
15086 : fab8de;
15087 : fab8de;
15088 : fab8de;
15089 : fab8de;
15090 : fab8de;
15091 : fab9de;
15092 : fbb7de;
15093 : fcb5dd;
15094 : fab3db;
15095 : fbb4dc;
15096 : feb7df;
15097 : fdb6de;
15098 : fcb5dd;
15099 : f3acd4;
15100 : e49dc5;
15101 : df98c0;
15102 : e29bc3;
15103 : de97bf;
15104 : eaa3cb;
15105 : ffb9e1;
15106 : ffbae2;
15107 : fdb6de;
15108 : feb6de;
15109 : ffc1e9;
15110 : f5b4da;
15111 : be769e;
15112 : c3769f;
15113 : d47eab;
15114 : d074a3;
15115 : cf71a1;
15116 : d178a6;
15117 : b3608c;
15118 : c879a4;
15119 : ffbde6;
15120 : ffb9e1;
15121 : ffb7df;
15122 : ffc4ec;
15123 : e49fc7;
15124 : a1577f;
15125 : bf739d;
15126 : ce80aa;
15127 : c2749e;
15128 : c77aa4;
15129 : b96d97;
15130 : ad638c;
15131 : eda8d0;
15132 : ffc2ea;
15133 : fcb4dc;
15134 : feb4dd;
15135 : feb3dc;
15136 : ffb9e2;
15137 : f1a6d0;
15138 : e192bc;
15139 : e597c1;
15140 : e093bd;
15141 : de91bb;
15142 : f6aad4;
15143 : ffb8e2;
15144 : fdb2db;
15145 : fdb2db;
15146 : ffb5de;
15147 : ffb4dd;
15148 : ffb4dd;
15149 : ffb7e0;
15150 : ffb5de;
15151 : e196bf;
15152 : da90b9;
15153 : e29ac2;
15154 : db93bb;
15155 : e29ac2;
15156 : fbb4dc;
15157 : ffb9e1;
15158 : fcb4dc;
15159 : fdb5dd;
15160 : feb6de;
15161 : feb6de;
15162 : fdb6de;
15163 : fdb6de;
15164 : fdb6de;
15165 : fbb7de;
15166 : fbb7de;
15167 : fbb7de;
15168 : fbb7de;
15169 : fbb7de;
15170 : fbb7de;
15171 : fbb7de;
15172 : fbb7de;
15173 : fbb7de;
15174 : fbb7de;
15175 : fbb7de;
15176 : fab8de;
15177 : fab8de;
15178 : fab8de;
15179 : fab8de;
15180 : fab8de;
15181 : fab8de;
15182 : f9b7dd;
15183 : fabbe2;
15184 : f7b1da;
15185 : ea95c2;
15186 : f194c7;
15187 : ef99d0;
15188 : d9a1d8;
15189 : c3acdd;
15190 : a9b2e0;
15191 : 94b8ea;
15192 : 89bbf4;
15193 : 81bffc;
15194 : 83bffa;
15195 : 89bcf3;
15196 : 8abbf2;
15197 : 89bcf6;
15198 : 82c0f6;
15199 : 80c0f5;
15200 : 748cbc;
15201 : 768cbe;
15202 : 768ebe;
15203 : 768ebe;
15204 : 768ebe;
15205 : 768ebe;
15206 : 768ebe;
15207 : 778ebf;
15208 : 788dc0;
15209 : 788dc2;
15210 : 738cc3;
15211 : 6b8dc2;
15212 : 84b1e6;
15213 : 8dc6fb;
15214 : 81c0f3;
15215 : 7fc1f2;
15216 : 7bc6f3;
15217 : 7bc8f3;
15218 : 90beee;
15219 : b4ace4;
15220 : d8a1db;
15221 : ee9dd6;
15222 : ea96c8;
15223 : e596c2;
15224 : f4a7d3;
15225 : fdb4dd;
15226 : fcb5dc;
15227 : fdb5dd;
15228 : feb4db;
15229 : feb2d9;
15230 : ffb4db;
15231 : ffb6dd;
15232 : feb3da;
15233 : f8add4;
15234 : f0a5cc;
15235 : e99ec5;
15236 : e49bc1;
15237 : e79ac2;
15238 : eb9cc6;
15239 : ea9bc6;
15240 : e79ac4;
15241 : e79ec6;
15242 : f3acd4;
15243 : fdb8df;
15244 : fbb8df;
15245 : fab8de;
15246 : fab8de;
15247 : fab8de;
15248 : fab8de;
15249 : fab8de;
15250 : fab8de;
15251 : fab9de;
15252 : fbb7de;
15253 : fcb5dd;
15254 : fab3db;
15255 : fbb4dc;
15256 : feb7df;
15257 : fdb6de;
15258 : fcb5dd;
15259 : f3acd4;
15260 : e49dc5;
15261 : df98c0;
15262 : e29bc3;
15263 : de97bf;
15264 : eba4cc;
15265 : ffbae2;
15266 : ffbae2;
15267 : fdb6de;
15268 : feb6de;
15269 : ffbbe3;
15270 : ffc0e7;
15271 : cc84ac;
15272 : b2658e;
15273 : d07aa7;
15274 : d579a8;
15275 : d174a4;
15276 : d279a7;
15277 : ae5b87;
15278 : c2739e;
15279 : ffbde6;
15280 : ffb9e1;
15281 : ffb6de;
15282 : ffc1e9;
15283 : fbb9e1;
15284 : b0678f;
15285 : a1557f;
15286 : c1739d;
15287 : c1749e;
15288 : c2759f;
15289 : ae618a;
15290 : b97198;
15291 : fab7de;
15292 : ffbde5;
15293 : fbb3db;
15294 : fcb4dc;
15295 : fdb5dd;
15296 : ffb9e2;
15297 : f2a8d1;
15298 : e193bd;
15299 : e698c2;
15300 : e093bd;
15301 : dc8fb9;
15302 : f6aad4;
15303 : ffb8e1;
15304 : fdb2db;
15305 : feb3dc;
15306 : ffb4dd;
15307 : ffb4dd;
15308 : ffb4dd;
15309 : ffb6df;
15310 : ffb6df;
15311 : e297c0;
15312 : d98eb7;
15313 : e29ac2;
15314 : db93bb;
15315 : e39bc3;
15316 : fcb4dc;
15317 : ffb9e1;
15318 : fcb4dc;
15319 : fdb5dd;
15320 : feb6de;
15321 : feb6de;
15322 : fdb6de;
15323 : fdb6de;
15324 : fdb6de;
15325 : fbb7de;
15326 : fbb7de;
15327 : fbb7de;
15328 : fbb7de;
15329 : fbb7de;
15330 : fbb7de;
15331 : fbb7de;
15332 : fbb7de;
15333 : fbb7de;
15334 : fbb7de;
15335 : fbb7de;
15336 : fab8de;
15337 : fab8de;
15338 : fab8de;
15339 : fab8de;
15340 : fab8de;
15341 : fab8de;
15342 : fab9df;
15343 : f8bbe1;
15344 : e9a3cd;
15345 : eb90c1;
15346 : f993cc;
15347 : ef97d3;
15348 : d5a6de;
15349 : b5b1e0;
15350 : 97b8e3;
15351 : 89bdef;
15352 : 87bcf7;
15353 : 84befb;
15354 : 86bef9;
15355 : 87bdf1;
15356 : 87bdf1;
15357 : 87bdf5;
15358 : 82c0f5;
15359 : 80c0f5;
15360 : 7d91c4;
15361 : 798ec1;
15362 : 768cbf;
15363 : 758cbf;
15364 : 768dc0;
15365 : 768dc0;
15366 : 758dc1;
15367 : 778dc1;
15368 : 788fbf;
15369 : 778fc0;
15370 : 738dc2;
15371 : 6a8dc3;
15372 : 83b1e4;
15373 : 8dc7f9;
15374 : 80c0f2;
15375 : 7fc1f1;
15376 : 79c7f2;
15377 : 76ccf3;
15378 : 89c2ed;
15379 : afade3;
15380 : d7a1de;
15381 : ee9dda;
15382 : ec99cc;
15383 : e495c0;
15384 : eea2cf;
15385 : fab3dc;
15386 : fdb6dd;
15387 : fdb5dc;
15388 : feb3da;
15389 : ffb3da;
15390 : fcb5da;
15391 : fcb6db;
15392 : feb7dd;
15393 : feb7dc;
15394 : fbb4da;
15395 : f6b0d5;
15396 : eba6cb;
15397 : e79bc3;
15398 : ea96c3;
15399 : eb9ac5;
15400 : eb9dc7;
15401 : e499c3;
15402 : e59fc7;
15403 : f2add4;
15404 : f8b6dd;
15405 : fbb9df;
15406 : fbb9df;
15407 : fab8de;
15408 : fab8de;
15409 : fab8de;
15410 : fab8de;
15411 : fab9de;
15412 : fbb7de;
15413 : fcb5dd;
15414 : fab3db;
15415 : fbb4dc;
15416 : feb7df;
15417 : feb7df;
15418 : fcb5dd;
15419 : f2abd3;
15420 : e39cc4;
15421 : df98c0;
15422 : e29bc3;
15423 : de97bf;
15424 : eda6ce;
15425 : ffbbe3;
15426 : ffbae2;
15427 : fdb6de;
15428 : ffb7df;
15429 : fcb7de;
15430 : ffbfe6;
15431 : eba4cb;
15432 : b0628c;
15433 : b55d8b;
15434 : cd6e9e;
15435 : d675a6;
15436 : ce72a1;
15437 : b05b87;
15438 : d788b3;
15439 : ffbfe8;
15440 : ffb9e1;
15441 : ffb7df;
15442 : ffb7df;
15443 : ffc0e7;
15444 : f0a9d1;
15445 : b0638d;
15446 : 9c4e79;
15447 : a95b85;
15448 : a0517c;
15449 : ba6d97;
15450 : f2acd4;
15451 : ffc0e6;
15452 : fbb4dc;
15453 : fdb6de;
15454 : fbb4dc;
15455 : fdb4dd;
15456 : ffbae2;
15457 : f3abd3;
15458 : e294be;
15459 : e89ac4;
15460 : e093bd;
15461 : d98cb6;
15462 : f4a8d2;
15463 : ffb8e1;
15464 : fdb2db;
15465 : ffb4dd;
15466 : ffb4dd;
15467 : ffb4dd;
15468 : ffb4dd;
15469 : ffb6df;
15470 : ffb6df;
15471 : e398c1;
15472 : d98fb7;
15473 : e29ac2;
15474 : db93bb;
15475 : e49cc4;
15476 : fdb6de;
15477 : ffb9e1;
15478 : fcb4dc;
15479 : fdb5dd;
15480 : feb6de;
15481 : feb6de;
15482 : fdb6de;
15483 : fdb6de;
15484 : fdb6de;
15485 : fbb7de;
15486 : fbb7de;
15487 : fbb7de;
15488 : fbb7df;
15489 : fbb7df;
15490 : fbb7df;
15491 : fbb7df;
15492 : fbb7df;
15493 : fbb7df;
15494 : fbb7df;
15495 : fbb7df;
15496 : fab8df;
15497 : fab8df;
15498 : fab8df;
15499 : fab8de;
15500 : fab8df;
15501 : fbb7de;
15502 : fdbbe2;
15503 : f3b6dc;
15504 : e099c3;
15505 : ef90c3;
15506 : fe91ce;
15507 : f496d6;
15508 : d3a6e0;
15509 : acb3e2;
15510 : 8ebfe7;
15511 : 82c0f0;
15512 : 85bcf8;
15513 : 86bbfb;
15514 : 87bef7;
15515 : 86bfee;
15516 : 85bfed;
15517 : 85bff1;
15518 : 82c0f5;
15519 : 81c0f5;
15520 : 86a8dc;
15521 : 85a3d9;
15522 : 7c97cc;
15523 : 768ec3;
15524 : 778cc1;
15525 : 788dc0;
15526 : 788dc0;
15527 : 798cc0;
15528 : 7b8cc1;
15529 : 7d8bc1;
15530 : 7788c1;
15531 : 6c8cc4;
15532 : 83b4e8;
15533 : 8ec7fb;
15534 : 82bff4;
15535 : 7dc2f3;
15536 : 7dc4f5;
15537 : 7fc4f5;
15538 : 8abef1;
15539 : a4b3e8;
15540 : c7a8de;
15541 : e59ed5;
15542 : ec9bcd;
15543 : e496c1;
15544 : ed9dc6;
15545 : fbaed5;
15546 : fdb4dd;
15547 : fcb6e0;
15548 : fdb4dc;
15549 : ffb2d9;
15550 : fcb5da;
15551 : fbb8dc;
15552 : fdb8dd;
15553 : febadf;
15554 : febadf;
15555 : fcb8dd;
15556 : fab7db;
15557 : f7b0d5;
15558 : eca0c8;
15559 : e698c1;
15560 : e89bc3;
15561 : e59ac1;
15562 : e197bf;
15563 : e69bc3;
15564 : f3a9d0;
15565 : fbb7dc;
15566 : fbb9df;
15567 : fbb8de;
15568 : fbb8de;
15569 : fbb7de;
15570 : fbb7de;
15571 : fbb7de;
15572 : fcb7de;
15573 : fdb6de;
15574 : fcb5dd;
15575 : fcb5dd;
15576 : feb7df;
15577 : feb7df;
15578 : fdb6de;
15579 : f9b2da;
15580 : e8a1c9;
15581 : de97bf;
15582 : e099c1;
15583 : de97bf;
15584 : eba3cb;
15585 : ffb9e1;
15586 : ffbae2;
15587 : fdb5dd;
15588 : feb7df;
15589 : fcb5dd;
15590 : fdb7df;
15591 : ffbfe6;
15592 : eca4cd;
15593 : ca7da7;
15594 : b96a95;
15595 : c1719c;
15596 : bb6b95;
15597 : cb80a9;
15598 : fcb5df;
15599 : ffb9e1;
15600 : ffb8df;
15601 : ffb7df;
15602 : feb5dd;
15603 : feb6df;
15604 : ffc0e9;
15605 : fab2db;
15606 : de92bb;
15607 : ca80a9;
15608 : d085af;
15609 : f6b1da;
15610 : ffc6ee;
15611 : fab6dc;
15612 : f9b4db;
15613 : fab6dd;
15614 : fab6dd;
15615 : fcb6dd;
15616 : ffbae2;
15617 : f3a8d1;
15618 : e495bf;
15619 : e799c3;
15620 : dd90ba;
15621 : dc8fb9;
15622 : f7acd6;
15623 : ffb9e2;
15624 : feb3db;
15625 : feb3dc;
15626 : feb3dc;
15627 : ffb4dd;
15628 : ffb5de;
15629 : ffb5de;
15630 : ffb7e0;
15631 : e297c0;
15632 : d68bb3;
15633 : e49ac3;
15634 : dd93bc;
15635 : e69cc5;
15636 : feb6de;
15637 : ffb8e0;
15638 : fdb3db;
15639 : feb4dd;
15640 : feb5dd;
15641 : ffb7dd;
15642 : ffb7dd;
15643 : feb7dd;
15644 : feb7dd;
15645 : fcb8dd;
15646 : fcb8dd;
15647 : fcb8dd;
15648 : fdb8dc;
15649 : fdb8dc;
15650 : fdb8dc;
15651 : fdb8dc;
15652 : fdb8dc;
15653 : fdb8dc;
15654 : fdb8dc;
15655 : fcb8dc;
15656 : fbb9dc;
15657 : fbb9dc;
15658 : fbb9dc;
15659 : fbbadd;
15660 : f9b8db;
15661 : fcbadd;
15662 : fab9dd;
15663 : dda2ca;
15664 : db93bf;
15665 : f294c7;
15666 : f994cc;
15667 : ec9dd5;
15668 : c5aadf;
15669 : 9fb6e2;
15670 : 8abeeb;
15671 : 84c0f3;
15672 : 86bef4;
15673 : 87bdf5;
15674 : 86bef4;
15675 : 85bef1;
15676 : 85bef0;
15677 : 85bff2;
15678 : 82c1f6;
15679 : 82c1f6;
15680 : 83aee2;
15681 : 87ace2;
15682 : 7e9ed4;
15683 : 778fc5;
15684 : 788cc0;
15685 : 7a8dbf;
15686 : 7b8dbd;
15687 : 7a8bbe;
15688 : 7c8ac1;
15689 : 8088c2;
15690 : 7885bf;
15691 : 6d8dc5;
15692 : 84b7ec;
15693 : 8ec7fc;
15694 : 83bff5;
15695 : 7bc2f3;
15696 : 7ec2f5;
15697 : 83c0f8;
15698 : 87bef3;
15699 : 98baeb;
15700 : b7afde;
15701 : daa2d3;
15702 : ea9cd0;
15703 : e597c5;
15704 : e997be;
15705 : faa7ce;
15706 : feb2dd;
15707 : fab6e3;
15708 : fbb5de;
15709 : feb3d9;
15710 : fbb6db;
15711 : fbb8dd;
15712 : fdbadf;
15713 : fcb8dd;
15714 : fcb7dc;
15715 : fcb8dd;
15716 : fdbadf;
15717 : ffbce1;
15718 : fbb5da;
15719 : eda6cb;
15720 : e59bc1;
15721 : e69bc2;
15722 : e69ac1;
15723 : e497be;
15724 : e699c0;
15725 : eda6cc;
15726 : fab6da;
15727 : ffbadf;
15728 : fbb7dc;
15729 : fbb7de;
15730 : fab8de;
15731 : f9b8de;
15732 : fbb7de;
15733 : fdb6de;
15734 : feb7df;
15735 : feb7df;
15736 : fcb5dd;
15737 : fdb6de;
15738 : feb7df;
15739 : ffb9e1;
15740 : f1aad2;
15741 : dc95bd;
15742 : dd96be;
15743 : df98c0;
15744 : e59ec6;
15745 : f9b2da;
15746 : ffbae2;
15747 : fdb6de;
15748 : fdb6de;
15749 : feb6de;
15750 : fdb5dd;
15751 : feb7df;
15752 : ffc3ea;
15753 : ffc0e7;
15754 : e5a2c9;
15755 : df9cc3;
15756 : efabd2;
15757 : fbb5dd;
15758 : fdb7df;
15759 : fdb5dd;
15760 : ffb7df;
15761 : ffb7df;
15762 : feb5de;
15763 : ffb3dd;
15764 : ffb4dd;
15765 : ffb9e2;
15766 : ffc0e9;
15767 : ffc3ec;
15768 : ffc1e9;
15769 : ffbae2;
15770 : fbb5dc;
15771 : f9b5dc;
15772 : fab8de;
15773 : f9b9de;
15774 : f9b7dd;
15775 : fcb8df;
15776 : ffb8e1;
15777 : ed9fc9;
15778 : e293bd;
15779 : e698c2;
15780 : dd90ba;
15781 : e395bf;
15782 : fcb2dd;
15783 : ffb9e2;
15784 : ffb5de;
15785 : feb3dc;
15786 : feb3dc;
15787 : ffb4dd;
15788 : ffb5de;
15789 : feb3dc;
15790 : ffbbe4;
15791 : e59bc4;
15792 : d387b0;
15793 : e699c2;
15794 : e094bd;
15795 : e69ac3;
15796 : fdb3dc;
15797 : ffb7e0;
15798 : feb2db;
15799 : ffb4dd;
15800 : feb5dc;
15801 : ffb7dc;
15802 : ffb8dd;
15803 : feb8dd;
15804 : feb8dd;
15805 : fcb8dd;
15806 : fbb8dd;
15807 : fcb8dd;
15808 : ffb8d9;
15809 : ffb8d9;
15810 : ffb8d9;
15811 : ffb8d9;
15812 : ffb8d9;
15813 : ffb8d9;
15814 : ffb8d9;
15815 : feb8d9;
15816 : fcb9d9;
15817 : fcbad9;
15818 : fbbad9;
15819 : fab9d9;
15820 : fab9db;
15821 : ffbfdf;
15822 : ebaccd;
15823 : d394be;
15824 : e296c4;
15825 : f097c7;
15826 : f09acd;
15827 : dba4d6;
15828 : b2acdb;
15829 : 92b7e2;
15830 : 84bfee;
15831 : 83c2f4;
15832 : 84c2f1;
15833 : 83c1f0;
15834 : 82bff1;
15835 : 82bff4;
15836 : 82bff4;
15837 : 82bff4;
15838 : 82c1f6;
15839 : 82c1f7;
15840 : 83abdf;
15841 : 86aadf;
15842 : 7f9dd2;
15843 : 7890c5;
15844 : 788cc0;
15845 : 798dbf;
15846 : 798dbe;
15847 : 798bbf;
15848 : 7c8ac1;
15849 : 7f89c2;
15850 : 7786bf;
15851 : 6e8ec6;
15852 : 86b8ed;
15853 : 8ec8fc;
15854 : 83bff5;
15855 : 7dc1f3;
15856 : 7bc4f4;
15857 : 7ac5f4;
15858 : 7cc4f2;
15859 : 8ebeeb;
15860 : b1b0e0;
15861 : d4a2d7;
15862 : e79cd4;
15863 : e999cd;
15864 : e994c0;
15865 : f5a1c8;
15866 : fdb1db;
15867 : fab5e2;
15868 : f9b5de;
15869 : fcb5da;
15870 : fcb7dc;
15871 : fcb9de;
15872 : fdb9de;
15873 : fcb8dd;
15874 : fcb8dd;
15875 : fcb8dd;
15876 : fcb9de;
15877 : feb9de;
15878 : ffb9df;
15879 : ffbae0;
15880 : f4acd2;
15881 : e89dc4;
15882 : e69bc2;
15883 : e69ac1;
15884 : e498bf;
15885 : e399bf;
15886 : f1a6cd;
15887 : fcb4da;
15888 : feb8de;
15889 : fbb8de;
15890 : fab8de;
15891 : f8bade;
15892 : fab8de;
15893 : fdb6de;
15894 : fdb6de;
15895 : fdb6de;
15896 : fdb6de;
15897 : fdb6de;
15898 : fdb6de;
15899 : ffbae2;
15900 : f8b1d9;
15901 : e099c1;
15902 : db94bc;
15903 : e099c1;
15904 : e29bc3;
15905 : f2abd3;
15906 : ffb9e1;
15907 : ffb9e1;
15908 : fdb6de;
15909 : fdb6de;
15910 : fdb6de;
15911 : fdb6de;
15912 : ffb8e0;
15913 : ffbde5;
15914 : ffc2ea;
15915 : ffc3eb;
15916 : ffbfe7;
15917 : feb7df;
15918 : fdb5dd;
15919 : feb6de;
15920 : ffb7df;
15921 : ffb7df;
15922 : feb6df;
15923 : ffb4de;
15924 : feb3dc;
15925 : feb4dd;
15926 : feb4dd;
15927 : fbb1d9;
15928 : fbb3db;
15929 : fdb4dc;
15930 : f9b4db;
15931 : fab6dd;
15932 : fcb8df;
15933 : fbb7de;
15934 : f8b4db;
15935 : ffb9e1;
15936 : fdb2dc;
15937 : e698c2;
15938 : e193bd;
15939 : e698c2;
15940 : e093bd;
15941 : e598c2;
15942 : fdb1db;
15943 : ffb6e0;
15944 : ffb5de;
15945 : ffb5de;
15946 : ffb4dd;
15947 : ffb4dd;
15948 : ffb4dd;
15949 : feb3dc;
15950 : ffbde6;
15951 : eca3cc;
15952 : d286af;
15953 : e499c2;
15954 : e196bf;
15955 : e397c0;
15956 : f9afd8;
15957 : ffb7e0;
15958 : feb2db;
15959 : ffb4dd;
15960 : feb5dc;
15961 : ffb7dc;
15962 : ffb8dd;
15963 : feb8dd;
15964 : feb8dd;
15965 : fcb8dd;
15966 : fcb8dd;
15967 : fcb8dd;
15968 : feb8da;
15969 : feb8da;
15970 : feb8da;
15971 : feb8da;
15972 : feb8da;
15973 : feb8da;
15974 : feb8da;
15975 : fdb8da;
15976 : fcb9da;
15977 : fcb9da;
15978 : fcb9da;
15979 : fab7d9;
15980 : ffbfe2;
15981 : f4b2d5;
15982 : d997ba;
15983 : e39bc3;
15984 : eea0cc;
15985 : ea9bcb;
15986 : e09ed1;
15987 : c6a7d8;
15988 : a2b1de;
15989 : 87bce7;
15990 : 7cc4f0;
15991 : 7bc6f3;
15992 : 7dc5f2;
15993 : 7cc4f1;
15994 : 7dc2f2;
15995 : 7ec2f3;
15996 : 7ec1f3;
15997 : 7fc1f3;
15998 : 82c1f5;
15999 : 82c1f6;
16000 : 82aade;
16001 : 86a9df;
16002 : 7f9dd3;
16003 : 7991c6;
16004 : 788cc0;
16005 : 798dbf;
16006 : 798dbe;
16007 : 798bbf;
16008 : 7c8ac1;
16009 : 7f89c2;
16010 : 7786bf;
16011 : 6f90c7;
16012 : 87baef;
16013 : 8ec8fd;
16014 : 83bff5;
16015 : 83c0f3;
16016 : 81c2f4;
16017 : 7bc4f4;
16018 : 7ac5f2;
16019 : 89c1ec;
16020 : abb2e3;
16021 : cca2dd;
16022 : e09ad8;
16023 : e89ad2;
16024 : e894c3;
16025 : f09ac3;
16026 : fcadd7;
16027 : fbb5e2;
16028 : f7b7de;
16029 : f9b7db;
16030 : fbb7dc;
16031 : fcb7dc;
16032 : fbb7dc;
16033 : fbb7dc;
16034 : fcb8dd;
16035 : fbb7dc;
16036 : fab6db;
16037 : fbb6db;
16038 : feb9de;
16039 : ffbce1;
16040 : ffbbe0;
16041 : f8b0d6;
16042 : e69dc3;
16043 : e198be;
16044 : e79cc3;
16045 : e799c1;
16046 : e698c0;
16047 : eda1c8;
16048 : fcb4da;
16049 : feb9e1;
16050 : fab8de;
16051 : f8bade;
16052 : fab8de;
16053 : fdb6de;
16054 : fdb6de;
16055 : fdb6de;
16056 : feb7df;
16057 : feb7df;
16058 : fdb6de;
16059 : ffb9e1;
16060 : fcb6de;
16061 : e59ec6;
16062 : dc95bd;
16063 : e29bc3;
16064 : e19ac2;
16065 : eaa3cb;
16066 : fbb4dc;
16067 : ffbae2;
16068 : fdb6de;
16069 : fdb6de;
16070 : fdb6de;
16071 : fcb5dd;
16072 : feb7df;
16073 : ffb9e1;
16074 : ffbbe3;
16075 : ffb9e1;
16076 : fdb5dd;
16077 : feb6de;
16078 : feb6de;
16079 : feb6de;
16080 : ffb7df;
16081 : ffb7df;
16082 : feb5de;
16083 : ffb4de;
16084 : ffb5de;
16085 : ffb5de;
16086 : ffb4dd;
16087 : fdb4dc;
16088 : feb6de;
16089 : feb6de;
16090 : fdb6de;
16091 : fbb6dd;
16092 : f9b6dd;
16093 : fab6dd;
16094 : fcb6de;
16095 : ffbde5;
16096 : f5abd4;
16097 : df91bb;
16098 : e394bf;
16099 : e698c2;
16100 : de91bb;
16101 : e99cc6;
16102 : feb2dc;
16103 : ffb6e0;
16104 : feb3db;
16105 : feb4dd;
16106 : ffb5de;
16107 : ffb4dd;
16108 : feb2db;
16109 : ffb5de;
16110 : ffbee7;
16111 : eda4cd;
16112 : d387b0;
16113 : e398c1;
16114 : e297c0;
16115 : e095be;
16116 : f6abd4;
16117 : ffb7e0;
16118 : feb3dc;
16119 : ffb4dd;
16120 : feb5dc;
16121 : ffb7dc;
16122 : ffb8dd;
16123 : feb8dd;
16124 : feb8dd;
16125 : fcb8dd;
16126 : fcb8dd;
16127 : fcb8dd;
16128 : feb8da;
16129 : feb8da;
16130 : feb8da;
16131 : feb8da;
16132 : feb8da;
16133 : feb8da;
16134 : feb8da;
16135 : fdb8da;
16136 : fcb9da;
16137 : fcb9da;
16138 : fcb9da;
16139 : ffbee1;
16140 : f8b3d7;
16141 : df9abe;
16142 : de98bc;
16143 : f0a1c8;
16144 : efa3ce;
16145 : dea3cf;
16146 : c5a7d4;
16147 : acafde;
16148 : 92bae9;
16149 : 7cc3ef;
16150 : 78c5f2;
16151 : 7bc5f2;
16152 : 7cc5f2;
16153 : 7cc4f1;
16154 : 7dc2f2;
16155 : 7fc1f3;
16156 : 81c0f3;
16157 : 82c0f3;
16158 : 82c1f5;
16159 : 82c1f6;
16160 : 83abdf;
16161 : 87abe1;
16162 : 809ed4;
16163 : 7991c7;
16164 : 788cc1;
16165 : 788cbe;
16166 : 798cbe;
16167 : 798bbf;
16168 : 7c8bc2;
16169 : 808ac3;
16170 : 7886c0;
16171 : 7192c9;
16172 : 8abcf1;
16173 : 8dc8fc;
16174 : 83bff5;
16175 : 86bcf3;
16176 : 87bdf4;
16177 : 82c1f4;
16178 : 7fc3f2;
16179 : 8abfed;
16180 : a5b4e8;
16181 : c0a8e5;
16182 : d59edf;
16183 : e49ad5;
16184 : e795c7;
16185 : ee95c0;
16186 : fba6d1;
16187 : fdb4de;
16188 : f8b7de;
16189 : f8b7db;
16190 : fbb7db;
16191 : fbb7dc;
16192 : fbb7dc;
16193 : fbb7dc;
16194 : fbb7dc;
16195 : fbb7dc;
16196 : fbb7dc;
16197 : fbb7dc;
16198 : fcb8dd;
16199 : fcb8dd;
16200 : ffbadf;
16201 : ffbadf;
16202 : f3add2;
16203 : e39cc2;
16204 : e19ac0;
16205 : ea9cc4;
16206 : e797c0;
16207 : e194bb;
16208 : efa5cc;
16209 : ffb9e1;
16210 : febbe2;
16211 : fab9df;
16212 : f9b7dd;
16213 : fcb5dd;
16214 : feb6df;
16215 : fdb6de;
16216 : fdb6de;
16217 : fdb6de;
16218 : fdb6de;
16219 : feb7df;
16220 : ffb8e0;
16221 : eda6ce;
16222 : dc95bd;
16223 : e099c1;
16224 : e19ac2;
16225 : e59ec6;
16226 : f7b0d8;
16227 : ffb8e0;
16228 : feb7df;
16229 : fdb6de;
16230 : fdb6de;
16231 : fdb6de;
16232 : fcb5dd;
16233 : feb7df;
16234 : feb7df;
16235 : fdb5dd;
16236 : fdb5dd;
16237 : fdb7df;
16238 : fdb6de;
16239 : feb7df;
16240 : feb7df;
16241 : ffb8e0;
16242 : ffb7e0;
16243 : ffb4de;
16244 : ffb5de;
16245 : ffb5de;
16246 : ffb5de;
16247 : ffb7df;
16248 : feb7df;
16249 : fdb5dd;
16250 : fcb4dc;
16251 : fbb4dc;
16252 : fab5dd;
16253 : f9b5db;
16254 : ffbbe3;
16255 : feb7df;
16256 : e99cc5;
16257 : e192bc;
16258 : e799c3;
16259 : e294be;
16260 : dd90ba;
16261 : f4a7d1;
16262 : ffb6e1;
16263 : feb2dc;
16264 : fcb1da;
16265 : ffb4dd;
16266 : ffb4dd;
16267 : ffb4dd;
16268 : fdb2db;
16269 : feb4dd;
16270 : ffbbe4;
16271 : f3a8d1;
16272 : d78cb5;
16273 : e297c0;
16274 : e398c1;
16275 : dd92bb;
16276 : f2a7d0;
16277 : ffb6df;
16278 : ffb4dd;
16279 : ffb4de;
16280 : ffb5dd;
16281 : ffb7dd;
16282 : feb8dd;
16283 : feb8dd;
16284 : feb8dd;
16285 : fcb8dd;
16286 : fcb8dd;
16287 : fcb8dd;
16288 : feb8da;
16289 : feb8da;
16290 : feb8da;
16291 : feb8da;
16292 : feb8da;
16293 : feb8da;
16294 : feb8da;
16295 : fdb8da;
16296 : fbb9da;
16297 : fdb8da;
16298 : ffbadc;
16299 : feb8db;
16300 : e59dc2;
16301 : dc93b9;
16302 : e79dc2;
16303 : ee9dc5;
16304 : e6a3cd;
16305 : c9a9d3;
16306 : aeb1dc;
16307 : 98bbe9;
16308 : 86c1ef;
16309 : 79c5f4;
16310 : 7bc4f4;
16311 : 81c2f2;
16312 : 7fc1f1;
16313 : 81c0f1;
16314 : 83bff2;
16315 : 84bef3;
16316 : 86bdf3;
16317 : 86bdf3;
16318 : 83c0f5;
16319 : 81c2f5;
16320 : 82aade;
16321 : 87abe1;
16322 : 819fd4;
16323 : 7991c7;
16324 : 798dc1;
16325 : 788cbf;
16326 : 798dbe;
16327 : 7a8bbf;
16328 : 7c8bc2;
16329 : 808ac3;
16330 : 7886c0;
16331 : 7394cb;
16332 : 8cbef3;
16333 : 8ec8fc;
16334 : 83bff5;
16335 : 85bef3;
16336 : 86bff4;
16337 : 84c0f4;
16338 : 83c1f2;
16339 : 88bfef;
16340 : 99b9ec;
16341 : a8b2e9;
16342 : c4a7e5;
16343 : e09cdb;
16344 : e598cc;
16345 : ec94bf;
16346 : f9a1cc;
16347 : ffb1dd;
16348 : fbb6e0;
16349 : fab6dc;
16350 : fbb7db;
16351 : fbb7dc;
16352 : fbb7dc;
16353 : fbb7dc;
16354 : fbb7dc;
16355 : fbb7dc;
16356 : fbb7dc;
16357 : fbb7dc;
16358 : fbb7dc;
16359 : fbb7dc;
16360 : fab7dc;
16361 : fdb8dd;
16362 : ffbde1;
16363 : f6b0d4;
16364 : df99be;
16365 : e297be;
16366 : eea0c7;
16367 : e397be;
16368 : de92b9;
16369 : f7aed7;
16370 : ffbde5;
16371 : fdb9df;
16372 : fdb7de;
16373 : fcb5dd;
16374 : fdb6de;
16375 : fdb6de;
16376 : fdb6de;
16377 : fdb6de;
16378 : fdb6de;
16379 : fdb6de;
16380 : ffb8e0;
16381 : f7b0d8;
16382 : e099c1;
16383 : dc95bd;
16384 : e19ac2;
16385 : e29bc3;
16386 : f0a9d1;
16387 : feb7df;
16388 : fdb6de;
16389 : feb7df;
16390 : fdb6de;
16391 : fdb6de;
16392 : fdb6de;
16393 : fdb6de;
16394 : fdb6de;
16395 : fdb6de;
16396 : fdb6de;
16397 : fdb6de;
16398 : fdb6de;
16399 : fdb6de;
16400 : feb7df;
16401 : feb8df;
16402 : feb6df;
16403 : ffb4de;
16404 : ffb5de;
16405 : ffb5de;
16406 : ffb5de;
16407 : ffb8e0;
16408 : ffb8e0;
16409 : ffb7df;
16410 : fdb6de;
16411 : fbb4dc;
16412 : fab3db;
16413 : fdb6de;
16414 : ffbbe3;
16415 : eda4cc;
16416 : de90ba;
16417 : e597c1;
16418 : e89ac4;
16419 : dd8fb9;
16420 : e699c3;
16421 : ffb5df;
16422 : ffb7e1;
16423 : fbafd8;
16424 : fdb2db;
16425 : ffb4dd;
16426 : ffb4dd;
16427 : ffb4dd;
16428 : feb3dc;
16429 : feb3dc;
16430 : ffb8e1;
16431 : fcb3dc;
16432 : de93bc;
16433 : dd92bb;
16434 : e297c0;
16435 : dd92bb;
16436 : efa4cd;
16437 : ffb7e0;
16438 : ffb5de;
16439 : feb2dc;
16440 : feb4dc;
16441 : ffb8dd;
16442 : feb8dd;
16443 : feb8dd;
16444 : feb8dd;
16445 : fcb8dd;
16446 : fcb8dd;
16447 : fcb8dd;
16448 : feb8da;
16449 : feb8da;
16450 : feb8da;
16451 : feb8da;
16452 : feb8da;
16453 : feb8da;
16454 : feb8da;
16455 : fdb8da;
16456 : fcb9da;
16457 : ffbadb;
16458 : ffbcde;
16459 : efa6ca;
16460 : dd92b8;
16461 : e69ac0;
16462 : e89bc0;
16463 : e79ac4;
16464 : d7a3cd;
16465 : b7aed7;
16466 : 9ab9e3;
16467 : 86c3ed;
16468 : 7dc3f1;
16469 : 7fc2f3;
16470 : 83c2f3;
16471 : 84c1f2;
16472 : 83c0f1;
16473 : 83bff1;
16474 : 84bef2;
16475 : 85bef3;
16476 : 85bef3;
16477 : 85bef3;
16478 : 83c0f4;
16479 : 82c1f4;
16480 : 81a9dd;
16481 : 87aae0;
16482 : 819fd5;
16483 : 7b93c8;
16484 : 7a8ec2;
16485 : 798dc0;
16486 : 7a8ebf;
16487 : 7b8cc0;
16488 : 7d8bc2;
16489 : 7e88c1;
16490 : 7886c0;
16491 : 7797cf;
16492 : 8ec1f6;
16493 : 8ec8fc;
16494 : 82bff5;
16495 : 7cc2f3;
16496 : 7fc2f4;
16497 : 83c1f4;
16498 : 82c2f2;
16499 : 83c2f0;
16500 : 8cbeed;
16501 : 92beec;
16502 : b5ace8;
16503 : dd9adc;
16504 : e49acd;
16505 : eb95bf;
16506 : f69cc8;
16507 : ffaddc;
16508 : fdb3e0;
16509 : fab3da;
16510 : fab6da;
16511 : f9b6db;
16512 : f9b6db;
16513 : fab6db;
16514 : fab6db;
16515 : fab6db;
16516 : fab6db;
16517 : fab7db;
16518 : f9b8db;
16519 : f9b8db;
16520 : f9b6db;
16521 : fab7db;
16522 : fcb9dd;
16523 : ffbbe0;
16524 : f3add2;
16525 : e096bc;
16526 : e59ac1;
16527 : eba0c6;
16528 : da8fb6;
16529 : e89dc6;
16530 : ffb7e0;
16531 : ffb8e1;
16532 : feb5de;
16533 : fcb5dd;
16534 : fdb6de;
16535 : fdb6de;
16536 : fdb6de;
16537 : fdb6de;
16538 : fdb6de;
16539 : fcb5dd;
16540 : feb7df;
16541 : feb7df;
16542 : e69fc7;
16543 : d992ba;
16544 : e29bc3;
16545 : e39cc4;
16546 : e9a2ca;
16547 : f8b1d9;
16548 : fdb6de;
16549 : ffb8e0;
16550 : feb7df;
16551 : fcb5dd;
16552 : fcb5dd;
16553 : fdb6de;
16554 : fdb6de;
16555 : fdb6de;
16556 : fdb6de;
16557 : fdb6de;
16558 : fdb6de;
16559 : fdb6de;
16560 : fdb6de;
16561 : fdb6de;
16562 : feb6de;
16563 : ffb4de;
16564 : ffb5de;
16565 : ffb5de;
16566 : ffb5de;
16567 : ffb8e0;
16568 : ffb8e0;
16569 : ffb7df;
16570 : fdb5dd;
16571 : fbb3db;
16572 : fbb4dc;
16573 : ffbae2;
16574 : f4add5;
16575 : e096bf;
16576 : e496c0;
16577 : e799c3;
16578 : e294be;
16579 : de90ba;
16580 : f4a8d2;
16581 : ffb9e3;
16582 : ffb3dd;
16583 : feb2dc;
16584 : feb3dc;
16585 : fdb2db;
16586 : feb3dc;
16587 : ffb4dd;
16588 : ffb4dd;
16589 : feb4dd;
16590 : ffb7e0;
16591 : ffbae3;
16592 : e59cc5;
16593 : db8fb8;
16594 : e398c1;
16595 : dd92bb;
16596 : eba0c9;
16597 : ffb5de;
16598 : ffb5de;
16599 : feb3dc;
16600 : feb5dd;
16601 : ffb8dd;
16602 : feb8dd;
16603 : feb8dd;
16604 : feb8dd;
16605 : fcb8dd;
16606 : fcb8dd;
16607 : fcb8dd;
16608 : feb8da;
16609 : feb8da;
16610 : feb8da;
16611 : feb8da;
16612 : feb8da;
16613 : feb8da;
16614 : feb8da;
16615 : fdb9da;
16616 : fdb9da;
16617 : ffbbdc;
16618 : f6b1d2;
16619 : e199bd;
16620 : e397be;
16621 : eb9dc3;
16622 : eb9ac1;
16623 : e49dc7;
16624 : cfa5d0;
16625 : adb0d9;
16626 : 8bbee6;
16627 : 79c5ee;
16628 : 79c3f1;
16629 : 87bdf2;
16630 : 89bef2;
16631 : 81c3f1;
16632 : 81c1f0;
16633 : 81c1f0;
16634 : 80c1f2;
16635 : 80c1f4;
16636 : 80c1f4;
16637 : 80c2f4;
16638 : 83c2f5;
16639 : 83c2f5;
16640 : 7fa9dd;
16641 : 87abe0;
16642 : 82a0d6;
16643 : 7a93c8;
16644 : 7a8ec2;
16645 : 7a8dc0;
16646 : 7c8dbf;
16647 : 798dc0;
16648 : 798bc0;
16649 : 7d88c0;
16650 : 7886bf;
16651 : 7a99d1;
16652 : 91c2f7;
16653 : 8fc8fd;
16654 : 82bff4;
16655 : 7ec2f2;
16656 : 80c3f3;
16657 : 82c2f3;
16658 : 82c2f2;
16659 : 82c2f2;
16660 : 87c1f2;
16661 : 82c5f5;
16662 : a1b5ed;
16663 : d29edc;
16664 : e69ad4;
16665 : f293c8;
16666 : f196c3;
16667 : f6a9d1;
16668 : fbb3da;
16669 : fdb2db;
16670 : fcb4dc;
16671 : fcb6dc;
16672 : fcb5dc;
16673 : fbb5dc;
16674 : fbb5dc;
16675 : fbb5dc;
16676 : fbb5dc;
16677 : fbb5dc;
16678 : fbb6dd;
16679 : fbb6dd;
16680 : fcb6dd;
16681 : fbb5dc;
16682 : fab5db;
16683 : feb9df;
16684 : ffbbe2;
16685 : eca2c9;
16686 : dd91b8;
16687 : ea9fc6;
16688 : e398bf;
16689 : df94bb;
16690 : f8add6;
16691 : ffbae2;
16692 : feb5dd;
16693 : fdb5dd;
16694 : feb7df;
16695 : feb6de;
16696 : fdb6de;
16697 : fdb6de;
16698 : fdb6de;
16699 : fdb6de;
16700 : fbb5dd;
16701 : ffbae2;
16702 : f3abd3;
16703 : dc94bc;
16704 : e099c1;
16705 : e59ec6;
16706 : e59ec6;
16707 : f1aad2;
16708 : fbb4dc;
16709 : feb7df;
16710 : feb7df;
16711 : fcb5dd;
16712 : fab3db;
16713 : fcb5dd;
16714 : feb7df;
16715 : feb7df;
16716 : feb7df;
16717 : feb7df;
16718 : feb7df;
16719 : fdb6de;
16720 : fdb6de;
16721 : fcb5dd;
16722 : fdb5de;
16723 : ffb5de;
16724 : ffb5de;
16725 : feb6de;
16726 : feb6de;
16727 : ffb7df;
16728 : ffb7df;
16729 : feb5dd;
16730 : fbb4dc;
16731 : fdb7df;
16732 : ffbae2;
16733 : f9b2da;
16734 : e49cc4;
16735 : e197bf;
16736 : e89cc5;
16737 : e497c1;
16738 : dd90ba;
16739 : e99dc6;
16740 : ffb6df;
16741 : ffb6e0;
16742 : ffb2db;
16743 : ffb6df;
16744 : ffb5de;
16745 : feb3dc;
16746 : feb4dd;
16747 : ffb5de;
16748 : ffb4dd;
16749 : ffb4dd;
16750 : ffb5de;
16751 : ffbbe4;
16752 : eea4cd;
16753 : dc90b9;
16754 : e196bf;
16755 : de93bc;
16756 : e89cc5;
16757 : fcb1da;
16758 : ffb6df;
16759 : feb4dd;
16760 : feb5de;
16761 : feb6de;
16762 : feb7dd;
16763 : feb7dc;
16764 : feb7dc;
16765 : fdb7dc;
16766 : fdb7dc;
16767 : fdb7dc;
16768 : fdb7d9;
16769 : fdb7d9;
16770 : fdb7d9;
16771 : fdb7d9;
16772 : feb8da;
16773 : feb8da;
16774 : feb8da;
16775 : feb8db;
16776 : ffbce0;
16777 : f8b0d4;
16778 : df96b8;
16779 : e197ba;
16780 : ec9ec5;
16781 : ed9ec4;
16782 : ed99c3;
16783 : df9ace;
16784 : c1a9d8;
16785 : 9bb8e0;
16786 : 83c1ea;
16787 : 80c2f2;
16788 : 84c0f3;
16789 : 85c1ef;
16790 : 84c1f2;
16791 : 83c1f7;
16792 : 82c0f6;
16793 : 82c0f5;
16794 : 81c1f5;
16795 : 80c0f2;
16796 : 80c0f2;
16797 : 80c0f2;
16798 : 80bef3;
16799 : 81bff4;
16800 : 7fa9dd;
16801 : 86ace1;
16802 : 81a0d6;
16803 : 7993c8;
16804 : 7a8ec3;
16805 : 7a8dc0;
16806 : 7c8dbe;
16807 : 788dc0;
16808 : 778bc0;
16809 : 7d88c0;
16810 : 7885bf;
16811 : 7d99d3;
16812 : 93c2f8;
16813 : 8ec8fd;
16814 : 82c0f6;
16815 : 83c2f3;
16816 : 82c2f1;
16817 : 82c2f2;
16818 : 82c2f2;
16819 : 84c2f3;
16820 : 88c1f5;
16821 : 81c6f9;
16822 : 96bcf0;
16823 : c3a6df;
16824 : e19bda;
16825 : f694ce;
16826 : ed93c0;
16827 : e89ec3;
16828 : f5afd3;
16829 : feb2db;
16830 : fdb2dc;
16831 : fcb4dd;
16832 : fdb4dd;
16833 : fbb4db;
16834 : fbb4dc;
16835 : fbb4dc;
16836 : fbb4dc;
16837 : fdb5dd;
16838 : feb6de;
16839 : feb6de;
16840 : fdb6de;
16841 : fdb6de;
16842 : fdb5de;
16843 : fcb5de;
16844 : ffb9e2;
16845 : f9aed6;
16846 : dd91b8;
16847 : e297be;
16848 : eca1c8;
16849 : dd92b9;
16850 : eda2c8;
16851 : ffb9e0;
16852 : ffb6de;
16853 : fdb5dd;
16854 : feb7df;
16855 : feb6de;
16856 : fdb6de;
16857 : fdb6de;
16858 : fdb6de;
16859 : fdb6de;
16860 : fcb5dd;
16861 : fdb6de;
16862 : ffbbe3;
16863 : eaa4cc;
16864 : da92ba;
16865 : e39cc4;
16866 : e69fc7;
16867 : e8a1c9;
16868 : eea7cf;
16869 : f4add5;
16870 : fbb4dc;
16871 : ffb8e0;
16872 : ffb9e1;
16873 : feb7df;
16874 : fdb6de;
16875 : feb8e0;
16876 : ffbae2;
16877 : ffb9e1;
16878 : ffb9e1;
16879 : ffb8e0;
16880 : feb7df;
16881 : feb7df;
16882 : feb7df;
16883 : feb6de;
16884 : feb6de;
16885 : feb6de;
16886 : feb6de;
16887 : feb7de;
16888 : ffb7df;
16889 : ffb8e0;
16890 : ffbbe3;
16891 : ffbee6;
16892 : f9b2da;
16893 : e39bc3;
16894 : de96be;
16895 : e79cc5;
16896 : e99ec7;
16897 : e195be;
16898 : e79cc5;
16899 : fdb4dd;
16900 : ffb8e0;
16901 : feb4dd;
16902 : ffb5de;
16903 : ffb5de;
16904 : feb3dc;
16905 : feb3dc;
16906 : ffb5de;
16907 : ffb5de;
16908 : ffb4dd;
16909 : ffb4dd;
16910 : ffb5de;
16911 : ffbbe4;
16912 : f3a9d2;
16913 : de92bb;
16914 : e095be;
16915 : e095be;
16916 : e69bc4;
16917 : f8add6;
16918 : ffb5de;
16919 : feb3dc;
16920 : feb5dd;
16921 : feb6de;
16922 : feb6dd;
16923 : feb6dc;
16924 : feb6dc;
16925 : feb6db;
16926 : feb6db;
16927 : feb6db;
16928 : fdb7d9;
16929 : fdb7d9;
16930 : fdb7d9;
16931 : fdb7d9;
16932 : fdb7d9;
16933 : fdb7d9;
16934 : fdb7d8;
16935 : ffbadd;
16936 : ffbae1;
16937 : e998bf;
16938 : e18ab2;
16939 : f09bc1;
16940 : ee9ec3;
16941 : e69ec1;
16942 : e09bbe;
16943 : d09ec3;
16944 : b1aecd;
16945 : 8dbfdd;
16946 : 7ec3ea;
16947 : 84bff1;
16948 : 88bef0;
16949 : 81c4eb;
16950 : 7fc3ef;
16951 : 84c0f8;
16952 : 83c0f6;
16953 : 82bff4;
16954 : 82bff3;
16955 : 81bef1;
16956 : 80bcee;
16957 : 7ebbed;
16958 : 7ebceb;
16959 : 80beec;
16960 : 7fa9dd;
16961 : 86abe1;
16962 : 809fd4;
16963 : 7891c6;
16964 : 7a8ec3;
16965 : 7a8dc0;
16966 : 7c8dbe;
16967 : 788dc0;
16968 : 788bc0;
16969 : 7d88c0;
16970 : 7885bf;
16971 : 7e9bd4;
16972 : 93c3f9;
16973 : 8dc7fc;
16974 : 82c0f5;
16975 : 82c2f3;
16976 : 82c2f1;
16977 : 82c2f2;
16978 : 82c2f2;
16979 : 84c2f3;
16980 : 88c1f4;
16981 : 85c4f7;
16982 : 94bef1;
16983 : b4ade2;
16984 : d2a0dc;
16985 : ef96d1;
16986 : f293c5;
16987 : e996c1;
16988 : efa5cd;
16989 : fab1da;
16990 : fbb3db;
16991 : fbb3db;
16992 : fcb4dc;
16993 : fcb4dc;
16994 : fbb4dc;
16995 : fbb4dc;
16996 : fbb4dc;
16997 : fcb5dd;
16998 : fdb6de;
16999 : fdb6de;
17000 : fdb6de;
17001 : fdb6de;
17002 : fcb5dd;
17003 : fcb5de;
17004 : feb7df;
17005 : ffb7de;
17006 : e59ac1;
17007 : dc91b8;
17008 : eea3ca;
17009 : e398bf;
17010 : e398bf;
17011 : fbb1d8;
17012 : ffb8e0;
17013 : fdb5dd;
17014 : feb6df;
17015 : feb6de;
17016 : fdb6de;
17017 : fdb6de;
17018 : fdb6de;
17019 : fdb6de;
17020 : fdb6de;
17021 : fab3db;
17022 : feb8e0;
17023 : fdb7df;
17024 : e69fc7;
17025 : da93bb;
17026 : e39cc4;
17027 : e7a0c8;
17028 : e69fc7;
17029 : e8a1c9;
17030 : f1aad2;
17031 : fab3db;
17032 : ffb8e0;
17033 : ffb9e1;
17034 : ffb8e0;
17035 : fdb6de;
17036 : fdb6de;
17037 : fdb6de;
17038 : fdb6de;
17039 : fdb6de;
17040 : fdb6de;
17041 : fdb6de;
17042 : fdb6de;
17043 : feb6de;
17044 : feb6de;
17045 : feb6de;
17046 : feb5dd;
17047 : feb6de;
17048 : ffb8e1;
17049 : ffbae2;
17050 : feb7df;
17051 : eea7cf;
17052 : e39cc4;
17053 : e19ac2;
17054 : e29ac2;
17055 : e79dc5;
17056 : e297c0;
17057 : e397c0;
17058 : f8aed7;
17059 : ffbae3;
17060 : feb3dc;
17061 : feb4dd;
17062 : ffb7e0;
17063 : ffb5de;
17064 : fdb2db;
17065 : fdb2db;
17066 : ffb5de;
17067 : ffb5de;
17068 : ffb4dd;
17069 : feb3dc;
17070 : ffb4dd;
17071 : ffbbe4;
17072 : f7aed7;
17073 : e094bd;
17074 : e095be;
17075 : e297c0;
17076 : e499c2;
17077 : f4a9d2;
17078 : ffb4dd;
17079 : ffb3dd;
17080 : ffb5dd;
17081 : feb6de;
17082 : feb6dd;
17083 : feb6dc;
17084 : feb6dc;
17085 : feb6db;
17086 : feb6db;
17087 : feb6db;
17088 : fdb7d9;
17089 : fdb7d9;
17090 : fdb7d9;
17091 : fdb7d9;
17092 : fdb7d9;
17093 : fdb7d9;
17094 : feb8da;
17095 : febadc;
17096 : efa4ca;
17097 : e688b4;
17098 : f98ebf;
17099 : fe98c7;
17100 : eb9ac0;
17101 : d39ebb;
17102 : c1a1b5;
17103 : b1a7a8;
17104 : 9eb3b6;
17105 : 86bfd3;
17106 : 7cc2e9;
17107 : 80bff2;
17108 : 83bff2;
17109 : 83c2ea;
17110 : 83c3ed;
17111 : 83c2f2;
17112 : 82c0ee;
17113 : 81bfea;
17114 : 7fbfe7;
17115 : 7fbfe4;
17116 : 7dbee0;
17117 : 7bbcdc;
17118 : 7abcd2;
17119 : 79bcce;
17120 : 7fa9dd;
17121 : 86abe0;
17122 : 7f9ed4;
17123 : 7791c6;
17124 : 7a8ec3;
17125 : 7a8dc0;
17126 : 7c8dbe;
17127 : 788dc0;
17128 : 788bc0;
17129 : 7d88c0;
17130 : 7885bf;
17131 : 809cd5;
17132 : 95c4fb;
17133 : 8dc7fc;
17134 : 82c0f5;
17135 : 82c2f3;
17136 : 82c2f1;
17137 : 82c2f2;
17138 : 82c2f2;
17139 : 84c2f3;
17140 : 88c1f4;
17141 : 87c3f6;
17142 : 90bff3;
17143 : a7b2e7;
17144 : c7a3e0;
17145 : ea97d6;
17146 : f993cd;
17147 : f492c5;
17148 : ef98c5;
17149 : f9a9d4;
17150 : fbb3db;
17151 : fab3db;
17152 : fcb4dc;
17153 : fcb4dc;
17154 : fbb4dc;
17155 : fbb4dc;
17156 : fbb4dc;
17157 : fcb5dd;
17158 : fdb6de;
17159 : fdb6de;
17160 : fdb6de;
17161 : fdb6de;
17162 : fcb5dd;
17163 : fcb5dd;
17164 : fdb6de;
17165 : ffb8e0;
17166 : f5aad1;
17167 : dd92b9;
17168 : e297be;
17169 : eca1c8;
17170 : e399c0;
17171 : eca0c7;
17172 : feb4db;
17173 : ffb7df;
17174 : feb7df;
17175 : feb6de;
17176 : fdb6de;
17177 : fdb6de;
17178 : fdb6de;
17179 : fdb6de;
17180 : fcb5dd;
17181 : fdb6de;
17182 : fcb4dc;
17183 : ffbbe3;
17184 : fab3db;
17185 : e099c1;
17186 : dc95bd;
17187 : e59ec6;
17188 : e8a1c9;
17189 : e7a0c8;
17190 : e8a1c9;
17191 : eaa3cb;
17192 : efa8d0;
17193 : f6afd7;
17194 : fbb4dc;
17195 : feb7df;
17196 : feb7df;
17197 : fdb6de;
17198 : fdb6de;
17199 : feb7df;
17200 : fcb6de;
17201 : fcb4dc;
17202 : fcb4dc;
17203 : feb6de;
17204 : feb6de;
17205 : ffb7df;
17206 : ffb9e1;
17207 : ffbbe3;
17208 : fbb2da;
17209 : eea2cb;
17210 : e39ac3;
17211 : dc95bd;
17212 : df98bf;
17213 : e9a1c9;
17214 : e79fc7;
17215 : db93bb;
17216 : de96bd;
17217 : f4abd4;
17218 : ffb7e0;
17219 : ffb5de;
17220 : ffb5de;
17221 : ffb5de;
17222 : ffb5de;
17223 : ffb5de;
17224 : feb3dc;
17225 : feb2db;
17226 : ffb5de;
17227 : ffb5de;
17228 : ffb4dd;
17229 : feb3dc;
17230 : feb4dd;
17231 : ffbae3;
17232 : fbb1da;
17233 : e195be;
17234 : df94bd;
17235 : e398c1;
17236 : e297c0;
17237 : efa4cd;
17238 : feb3dc;
17239 : ffb4dd;
17240 : feb5de;
17241 : feb6de;
17242 : feb6dd;
17243 : feb6dc;
17244 : feb6dc;
17245 : feb6db;
17246 : feb6db;
17247 : feb6db;
17248 : fdb7db;
17249 : fdb7db;
17250 : fdb7db;
17251 : fdb7db;
17252 : fcb6da;
17253 : fcb6da;
17254 : ffbcdf;
17255 : f2acd0;
17256 : da8ab3;
17257 : ef8cbb;
17258 : ff90c5;
17259 : fe92c4;
17260 : e19cbd;
17261 : baa3b3;
17262 : a0a9aa;
17263 : 92b1a2;
17264 : 89b9b4;
17265 : 7ec0d4;
17266 : 79c1ee;
17267 : 7ebef7;
17268 : 83bef5;
17269 : 87c3ef;
17270 : 85c4ea;
17271 : 80c1e5;
17272 : 7ebfdd;
17273 : 7cbfd3;
17274 : 79bdc5;
17275 : 75bcb8;
17276 : 71b9ab;
17277 : 6db7a3;
17278 : 6cb799;
17279 : 6bb797;
17280 : 81abde;
17281 : 86ace1;
17282 : 7f9fd4;
17283 : 7892c7;
17284 : 7b8fc4;
17285 : 7b8ec0;
17286 : 7b8cbe;
17287 : 778cbf;
17288 : 778ac0;
17289 : 7d88c1;
17290 : 7784be;
17291 : 7f9cd5;
17292 : 95c4fa;
17293 : 8dc8fc;
17294 : 83c1f6;
17295 : 82c1f2;
17296 : 82c2f1;
17297 : 82c2f2;
17298 : 82c2f2;
17299 : 83c1f2;
17300 : 87c0f3;
17301 : 87c2f5;
17302 : 8ebff3;
17303 : a0b4ed;
17304 : bca7e5;
17305 : df99db;
17306 : f792d2;
17307 : fa8fc8;
17308 : f490c1;
17309 : f79dcb;
17310 : f9b0d8;
17311 : fab4db;
17312 : fcb4dc;
17313 : fcb4dc;
17314 : fbb4dc;
17315 : fbb4dc;
17316 : fbb4dc;
17317 : fbb4dc;
17318 : fcb5dd;
17319 : fcb5dd;
17320 : fcb5dd;
17321 : fcb5dd;
17322 : fcb5dd;
17323 : fcb5dd;
17324 : fcb5dd;
17325 : ffb6de;
17326 : ffb3da;
17327 : e69bc2;
17328 : db90b7;
17329 : eca1c8;
17330 : ea9fc6;
17331 : e296bd;
17332 : f6acd3;
17333 : ffb7df;
17334 : ffb7df;
17335 : feb6de;
17336 : fdb6de;
17337 : fdb6de;
17338 : fdb6de;
17339 : fdb6de;
17340 : fdb6de;
17341 : fdb6de;
17342 : fdb6de;
17343 : feb7df;
17344 : ffbae2;
17345 : f7b0d8;
17346 : e099c1;
17347 : db94bc;
17348 : e39cc4;
17349 : e9a2ca;
17350 : e8a1c9;
17351 : e49dc5;
17352 : e59ec6;
17353 : e8a1c9;
17354 : eda6ce;
17355 : f6afd7;
17356 : fbb4dc;
17357 : feb7df;
17358 : ffb9e1;
17359 : ffbae2;
17360 : ffbbe3;
17361 : ffbbe3;
17362 : ffbce4;
17363 : ffbde5;
17364 : ffbce4;
17365 : ffbde5;
17366 : ffbae2;
17367 : f4aad2;
17368 : e699c3;
17369 : e194bd;
17370 : df95be;
17371 : e29ac2;
17372 : e69dc5;
17373 : e29ac2;
17374 : de96be;
17375 : e49cc4;
17376 : f3acd3;
17377 : feb7df;
17378 : ffb7e1;
17379 : ffb5de;
17380 : ffb4dd;
17381 : ffb4dd;
17382 : ffb5de;
17383 : ffb5de;
17384 : ffb4dd;
17385 : ffb4dd;
17386 : ffb4dd;
17387 : ffb4dd;
17388 : ffb4dd;
17389 : ffb4dd;
17390 : ffb4dd;
17391 : ffb8e1;
17392 : ffb5de;
17393 : e69ac3;
17394 : df94bd;
17395 : e69bc4;
17396 : e297c0;
17397 : eba0c9;
17398 : fbb0d9;
17399 : ffb3dc;
17400 : feb4dd;
17401 : fdb6de;
17402 : ffb7dd;
17403 : feb6dc;
17404 : feb6dc;
17405 : feb6db;
17406 : feb6db;
17407 : feb6db;
17408 : fdb7dc;
17409 : fdb7dc;
17410 : fdb7dc;
17411 : fcb6db;
17412 : fbb5da;
17413 : ffbce1;
17414 : fab6da;
17415 : e098be;
17416 : df8cb8;
17417 : f495c6;
17418 : fc95c9;
17419 : ed98c3;
17420 : caa2b8;
17421 : a3abac;
17422 : 87b4a5;
17423 : 80baa9;
17424 : 7fbdbb;
17425 : 7ec1d6;
17426 : 7dc2e9;
17427 : 7cbfed;
17428 : 7ebee6;
17429 : 80bedf;
17430 : 7bbdd0;
17431 : 75bac1;
17432 : 72b8b7;
17433 : 6fb8a7;
17434 : 6db995;
17435 : 6bb983;
17436 : 68b875;
17437 : 66b96d;
17438 : 67bb6d;
17439 : 68bb6e;
17440 : 81abdf;
17441 : 86abe0;
17442 : 7e9dd3;
17443 : 7790c6;
17444 : 7b8fc4;
17445 : 7b8ec0;
17446 : 7b8cbe;
17447 : 778cbf;
17448 : 778ac0;
17449 : 7d88c1;
17450 : 7784be;
17451 : 809cd6;
17452 : 94c4fa;
17453 : 8cc7fb;
17454 : 83c1f7;
17455 : 82c2f3;
17456 : 82c2f1;
17457 : 82c2f2;
17458 : 82c2f2;
17459 : 83c1f2;
17460 : 87c0f3;
17461 : 87c2f4;
17462 : 8ebff4;
17463 : 9ab7f0;
17464 : adade8;
17465 : cca1df;
17466 : e795d6;
17467 : f791cc;
17468 : f893c6;
17469 : f295c5;
17470 : f3a9d1;
17471 : fab5dc;
17472 : fcb4dc;
17473 : fcb4dc;
17474 : fbb4dc;
17475 : fbb4dc;
17476 : fbb4dc;
17477 : fbb4dc;
17478 : fcb5dd;
17479 : fcb5dd;
17480 : fcb5dd;
17481 : fcb5dd;
17482 : fcb5dd;
17483 : fcb5dd;
17484 : fcb5dd;
17485 : feb5dc;
17486 : ffb7de;
17487 : f5aad1;
17488 : de93ba;
17489 : e499c0;
17490 : eea3ca;
17491 : e196bd;
17492 : e89ec6;
17493 : fdb5dd;
17494 : ffb7df;
17495 : ffb6de;
17496 : feb7df;
17497 : fdb6de;
17498 : fdb6de;
17499 : fdb6de;
17500 : fdb6de;
17501 : fdb6de;
17502 : fdb6de;
17503 : fcb5dd;
17504 : feb7df;
17505 : ffbbe3;
17506 : f8b1d9;
17507 : e39cc4;
17508 : db94bc;
17509 : df98c0;
17510 : e69fc7;
17511 : e9a2ca;
17512 : e59ec6;
17513 : e099c1;
17514 : dd96be;
17515 : df98c0;
17516 : e29bc3;
17517 : e49dc5;
17518 : e69fc7;
17519 : e8a1c9;
17520 : eaa3cb;
17521 : eda6ce;
17522 : eda8cf;
17523 : eca8cf;
17524 : eba5cd;
17525 : eaa2ca;
17526 : e8a0c7;
17527 : e096bf;
17528 : e396c0;
17529 : e99bc5;
17530 : e79cc5;
17531 : e499c2;
17532 : e195be;
17533 : e097bf;
17534 : e8a0c8;
17535 : f7b0d8;
17536 : ffb9e1;
17537 : ffb8e0;
17538 : ffb6df;
17539 : ffb5de;
17540 : ffb4dd;
17541 : ffb4dd;
17542 : ffb5de;
17543 : ffb5de;
17544 : ffb5de;
17545 : ffb4dd;
17546 : ffb4dd;
17547 : ffb4dd;
17548 : ffb4dd;
17549 : fdb2db;
17550 : feb3dc;
17551 : ffb7e0;
17552 : ffb8e1;
17553 : ea9fc8;
17554 : df94bd;
17555 : e79cc5;
17556 : e297c0;
17557 : e69bc4;
17558 : fbb0d9;
17559 : ffb4dd;
17560 : fdb3dc;
17561 : feb6de;
17562 : ffb7dd;
17563 : feb6dc;
17564 : feb6dc;
17565 : feb6db;
17566 : feb6db;
17567 : feb6db;
17568 : fdb7dd;
17569 : fdb7dd;
17570 : fdb7dd;
17571 : fdb7dd;
17572 : ffbae0;
17573 : fdb6dd;
17574 : e6a0c7;
17575 : dc91ba;
17576 : ea97c3;
17577 : ed9ccb;
17578 : e39cc8;
17579 : cca2c1;
17580 : aca9b4;
17581 : 8bb3a5;
17582 : 79bea2;
17583 : 79c1ad;
17584 : 7cc0b7;
17585 : 7dbfbf;
17586 : 7abec2;
17587 : 74bcbc;
17588 : 70b9b2;
17589 : 6db6a7;
17590 : 6cb69c;
17591 : 6cb993;
17592 : 6cb98f;
17593 : 6cba83;
17594 : 6bbc78;
17595 : 6abd6c;
17596 : 6abe63;
17597 : 6bc160;
17598 : 6bc061;
17599 : 6bc062;
17600 : 81abdf;
17601 : 86abe0;
17602 : 7d9cd2;
17603 : 768fc4;
17604 : 7b8fc4;
17605 : 7b8ec0;
17606 : 7b8cbe;
17607 : 778cbf;
17608 : 778ac0;
17609 : 7e88c1;
17610 : 7884be;
17611 : 809dd6;
17612 : 94c4fa;
17613 : 8cc6fb;
17614 : 84c2f7;
17615 : 82c2f3;
17616 : 82c2f1;
17617 : 82c2f2;
17618 : 82c2f2;
17619 : 83c1f2;
17620 : 88c0f3;
17621 : 8ac1f4;
17622 : 8cbff5;
17623 : 91b8f1;
17624 : 9fb1e9;
17625 : bba8e3;
17626 : d89cd8;
17627 : ed97ce;
17628 : f599c9;
17629 : eb96c2;
17630 : eaa2c9;
17631 : f8b3da;
17632 : fcb4db;
17633 : fcb4dc;
17634 : fbb4dc;
17635 : fbb4dc;
17636 : fbb3dc;
17637 : fcb4dc;
17638 : fcb5dd;
17639 : fcb5dd;
17640 : fcb5dd;
17641 : fcb5dd;
17642 : fcb5dd;
17643 : fcb5dd;
17644 : fcb5dd;
17645 : fdb2da;
17646 : ffb5dc;
17647 : ffb6dd;
17648 : eba0c7;
17649 : db90b7;
17650 : e89dc4;
17651 : e79bc2;
17652 : df95bd;
17653 : f6afd7;
17654 : ffb8e0;
17655 : ffb7df;
17656 : feb7df;
17657 : fdb6de;
17658 : fdb6de;
17659 : fdb6de;
17660 : fdb6de;
17661 : fdb6de;
17662 : fdb6de;
17663 : fdb6de;
17664 : fbb4dc;
17665 : fcb5dd;
17666 : ffb9e1;
17667 : fab3db;
17668 : eca5cd;
17669 : e099c1;
17670 : dd96be;
17671 : e19ac2;
17672 : e29bc3;
17673 : de97bf;
17674 : df98c0;
17675 : e19ac2;
17676 : e099c1;
17677 : df98c0;
17678 : dd96be;
17679 : db94bc;
17680 : db94bc;
17681 : db94bc;
17682 : db94bc;
17683 : d895bc;
17684 : da96bd;
17685 : dc95bd;
17686 : e298c0;
17687 : e79bc4;
17688 : e79cc5;
17689 : e89ac5;
17690 : e294bf;
17691 : df93bd;
17692 : e89dc6;
17693 : f6add5;
17694 : ffb7df;
17695 : fcb6de;
17696 : fbb5dc;
17697 : feb6df;
17698 : ffb6df;
17699 : ffb5de;
17700 : ffb4dd;
17701 : ffb4dd;
17702 : ffb5de;
17703 : ffb6df;
17704 : ffb6df;
17705 : ffb5de;
17706 : ffb4dd;
17707 : ffb4dd;
17708 : ffb4dd;
17709 : feb2dc;
17710 : feb3dc;
17711 : ffb5de;
17712 : ffb9e3;
17713 : eea3cd;
17714 : dd92bb;
17715 : e79cc5;
17716 : e398c1;
17717 : e296bf;
17718 : f6aad4;
17719 : ffb5de;
17720 : feb5dd;
17721 : fdb6de;
17722 : ffb7dd;
17723 : feb6dc;
17724 : feb6dc;
17725 : feb6db;
17726 : feb6da;
17727 : feb6db;
17728 : feb5df;
17729 : fdb6df;
17730 : fdb6df;
17731 : ffb8e1;
17732 : fdb6de;
17733 : eaa2cb;
17734 : da95bd;
17735 : e698c2;
17736 : f09bc8;
17737 : e19cc9;
17738 : cb9fc5;
17739 : b1a7bf;
17740 : 94b1b4;
17741 : 7dbaa7;
17742 : 73c1a1;
17743 : 72c2a6;
17744 : 77bca3;
17745 : 78b799;
17746 : 72b690;
17747 : 6ab885;
17748 : 66bb7b;
17749 : 67bb75;
17750 : 69bb70;
17751 : 6abc6c;
17752 : 6bbe6d;
17753 : 6bbf6d;
17754 : 6bbe6c;
17755 : 6abe6a;
17756 : 6abe68;
17757 : 6bbf69;
17758 : 6bbf68;
17759 : 6bbf68;
17760 : 83aae0;
17761 : 85a9df;
17762 : 7c9ad0;
17763 : 768fc2;
17764 : 7b8ec1;
17765 : 7c8dc1;
17766 : 7b8bbf;
17767 : 778bbf;
17768 : 768abf;
17769 : 798ac0;
17770 : 7587bf;
17771 : 839fd8;
17772 : 97c2fa;
17773 : 8cc4f9;
17774 : 83c2f7;
17775 : 83c3f5;
17776 : 83c2f3;
17777 : 83c2f4;
17778 : 83c2f4;
17779 : 83c2f4;
17780 : 85c1f4;
17781 : 85c2f5;
17782 : 84c1f7;
17783 : 84bef5;
17784 : 91b9ec;
17785 : abb0e2;
17786 : c8a3d7;
17787 : e39bcf;
17788 : f09acb;
17789 : ec96c4;
17790 : ea95c3;
17791 : f7a6d3;
17792 : fdb3dd;
17793 : fcb4de;
17794 : fcb3dd;
17795 : fcb5dd;
17796 : f6badc;
17797 : f6b7db;
17798 : fdb5dd;
17799 : fcb5dd;
17800 : fcb5dd;
17801 : fcb5dd;
17802 : fcb5dd;
17803 : fcb5dd;
17804 : fcb5dd;
17805 : fbb3db;
17806 : feb6dd;
17807 : ffbae2;
17808 : f9b0d8;
17809 : dd94ba;
17810 : df94bb;
17811 : eda2c9;
17812 : df95bc;
17813 : eca2c9;
17814 : ffb6de;
17815 : ffb8de;
17816 : feb6dd;
17817 : feb6de;
17818 : fdb6de;
17819 : fdb6de;
17820 : fdb6de;
17821 : fdb6de;
17822 : fdb6de;
17823 : fdb6de;
17824 : fdb6de;
17825 : fdb6de;
17826 : fcb5dd;
17827 : ffb8e0;
17828 : ffb8e0;
17829 : f7b0d8;
17830 : eba4cc;
17831 : e29bc3;
17832 : dc95bd;
17833 : da93bb;
17834 : de97bf;
17835 : e29bc3;
17836 : e29bc3;
17837 : e39cc4;
17838 : e49dc5;
17839 : e39cc4;
17840 : e39cc4;
17841 : e49dc5;
17842 : e49ec6;
17843 : e49ec6;
17844 : e59fc6;
17845 : e79fc7;
17846 : e59dc5;
17847 : e49ac2;
17848 : e195bf;
17849 : e497c1;
17850 : eca1ca;
17851 : f3aad2;
17852 : fcb4dc;
17853 : ffb9e1;
17854 : ffb8e0;
17855 : ffb7df;
17856 : ffb7df;
17857 : feb6de;
17858 : feb6de;
17859 : feb6de;
17860 : feb5de;
17861 : feb5de;
17862 : feb6de;
17863 : feb6de;
17864 : feb6df;
17865 : feb5df;
17866 : feb5de;
17867 : feb5de;
17868 : feb5de;
17869 : feb5de;
17870 : feb5de;
17871 : feb5dd;
17872 : ffbae2;
17873 : f6aed6;
17874 : e097bf;
17875 : e49bc4;
17876 : e39ac2;
17877 : dd94bd;
17878 : efa6ce;
17879 : ffb6de;
17880 : ffb6de;
17881 : fdb5dd;
17882 : feb6dd;
17883 : feb6dd;
17884 : feb6dd;
17885 : feb6dd;
17886 : ffb6dd;
17887 : fdb6dd;
17888 : f8b9dc;
17889 : fcb8dd;
17890 : ffb7df;
17891 : feb5db;
17892 : eeabd0;
17893 : df9dc2;
17894 : de9abf;
17895 : eb9ac6;
17896 : ea99c8;
17897 : cfa0be;
17898 : b2a8b4;
17899 : 9aafa9;
17900 : 87b6a1;
17901 : 79bc9c;
17902 : 6fbf98;
17903 : 6ebe91;
17904 : 6fbb89;
17905 : 6eb980;
17906 : 6cba75;
17907 : 6abe6d;
17908 : 68bf68;
17909 : 69bf65;
17910 : 6abf65;
17911 : 6abe65;
17912 : 6abf65;
17913 : 6abe68;
17914 : 6abd6a;
17915 : 6abd6c;
17916 : 6abd6d;
17917 : 6abd6f;
17918 : 6abc6d;
17919 : 6abc6c;
17920 : 83a9e0;
17921 : 84a6dd;
17922 : 7d99cf;
17923 : 768fc1;
17924 : 7a8dc0;
17925 : 7c8dc1;
17926 : 7b8cbf;
17927 : 788abf;
17928 : 768bbf;
17929 : 758ac0;
17930 : 748ac1;
17931 : 87a3db;
17932 : 99c1fa;
17933 : 8dc3f8;
17934 : 82c2f7;
17935 : 83c3f6;
17936 : 83c2f5;
17937 : 83c2f5;
17938 : 83c2f5;
17939 : 83c2f5;
17940 : 82c2f5;
17941 : 82c2f5;
17942 : 81c2f6;
17943 : 7fc1f7;
17944 : 87bdf1;
17945 : 9cb7e8;
17946 : b8abde;
17947 : d59fd6;
17948 : eb99cf;
17949 : f295c7;
17950 : ed92c0;
17951 : e996c4;
17952 : f5abd6;
17953 : ffb6e2;
17954 : ffb5e0;
17955 : ffb4dd;
17956 : fab8dc;
17957 : f8b7dc;
17958 : fcb5dd;
17959 : fcb5dd;
17960 : fcb5dd;
17961 : fcb5dd;
17962 : fcb5dd;
17963 : fcb5dd;
17964 : fcb5dd;
17965 : fbb5dd;
17966 : fbb5dd;
17967 : feb6de;
17968 : ffb9e0;
17969 : eda4cb;
17970 : d98eb5;
17971 : e89dc4;
17972 : e89dc4;
17973 : e095bc;
17974 : f8acd3;
17975 : ffb7dc;
17976 : feb6dd;
17977 : feb6df;
17978 : fdb6de;
17979 : fdb6de;
17980 : fdb6de;
17981 : fdb6de;
17982 : fdb6de;
17983 : fdb6de;
17984 : fdb6de;
17985 : fdb6de;
17986 : fdb6de;
17987 : fdb6de;
17988 : fdb6de;
17989 : feb7df;
17990 : feb7df;
17991 : fbb4dc;
17992 : f4add5;
17993 : eba4cc;
17994 : df98c0;
17995 : d891b9;
17996 : d891b9;
17997 : d891b9;
17998 : d992ba;
17999 : db94bc;
18000 : de97bf;
18001 : e19ac2;
18002 : e49dc5;
18003 : e69ec6;
18004 : e59dc5;
18005 : e39bc3;
18006 : df98c0;
18007 : e399c1;
18008 : eda1ca;
18009 : f7acd5;
18010 : feb6de;
18011 : ffbae2;
18012 : ffb7df;
18013 : fdb5dd;
18014 : fdb5dd;
18015 : fdb5dd;
18016 : fdb5dd;
18017 : fdb5dd;
18018 : feb6de;
18019 : feb6de;
18020 : feb6de;
18021 : feb6de;
18022 : feb6de;
18023 : feb6de;
18024 : feb6de;
18025 : feb6de;
18026 : feb6de;
18027 : feb6de;
18028 : feb6de;
18029 : feb6de;
18030 : feb6de;
18031 : feb6de;
18032 : ffb9e1;
18033 : fbb3db;
18034 : e29ac2;
18035 : e099c1;
18036 : e49dc5;
18037 : da93ba;
18038 : e9a1c9;
18039 : ffb7df;
18040 : feb6de;
18041 : fdb5dd;
18042 : fdb5dd;
18043 : fdb5de;
18044 : feb6de;
18045 : feb6de;
18046 : ffb6de;
18047 : fdb6de;
18048 : f8badd;
18049 : febadf;
18050 : ffb5dc;
18051 : f3abd1;
18052 : e29ec2;
18053 : df9bbe;
18054 : e99dc3;
18055 : ec9ac8;
18056 : de9bc7;
18057 : bda4b2;
18058 : 9aad9d;
18059 : 86b48f;
18060 : 7cb88d;
18061 : 72bd8e;
18062 : 6cbe8f;
18063 : 6dbd85;
18064 : 6dbd7e;
18065 : 6bbd79;
18066 : 6bbf71;
18067 : 6bbe6c;
18068 : 6bbe69;
18069 : 6abe66;
18070 : 6abe68;
18071 : 6abe69;
18072 : 6abe69;
18073 : 6abd6a;
18074 : 6abd6b;
18075 : 6abd6c;
18076 : 6abd6e;
18077 : 6abd6e;
18078 : 6abd6c;
18079 : 6abd6b;
18080 : 83a9e0;
18081 : 82a5db;
18082 : 7b98cd;
18083 : 768fc1;
18084 : 7a8ec1;
18085 : 7c8dc1;
18086 : 7b8bbf;
18087 : 788bbf;
18088 : 768bc0;
18089 : 768ac0;
18090 : 778bc3;
18091 : 89a5de;
18092 : 99c2fb;
18093 : 8dc3f9;
18094 : 82c1f6;
18095 : 82c2f5;
18096 : 83c2f5;
18097 : 83c2f5;
18098 : 83c2f5;
18099 : 83c2f5;
18100 : 83c2f5;
18101 : 83c2f5;
18102 : 84c1f4;
18103 : 83bff4;
18104 : 82bef5;
18105 : 8cbcf4;
18106 : a3b4ee;
18107 : c1a8e3;
18108 : e19bd5;
18109 : f594cb;
18110 : f397c5;
18111 : ea97c1;
18112 : e69ac4;
18113 : f5acd4;
18114 : feb5dd;
18115 : ffb4de;
18116 : ffb2dd;
18117 : feb3dd;
18118 : fcb5dd;
18119 : fcb5dd;
18120 : fcb5dd;
18121 : fcb5dd;
18122 : fcb5dd;
18123 : fcb5dd;
18124 : fcb5dd;
18125 : fdb6de;
18126 : fbb4dc;
18127 : fcb4dc;
18128 : ffb9e1;
18129 : fbb3d9;
18130 : e095bc;
18131 : dd92b9;
18132 : eea3ca;
18133 : e096bd;
18134 : e59ac1;
18135 : feb4da;
18136 : ffb8df;
18137 : feb6de;
18138 : fdb6de;
18139 : fdb6de;
18140 : fdb6de;
18141 : fdb6de;
18142 : fdb6de;
18143 : fdb6de;
18144 : fdb6de;
18145 : fdb6de;
18146 : fdb6de;
18147 : fdb6de;
18148 : fcb5dd;
18149 : fbb4dc;
18150 : fcb5dd;
18151 : feb7df;
18152 : ffb8e0;
18153 : ffb8e0;
18154 : fab3db;
18155 : f2abd3;
18156 : efa7cf;
18157 : eba3cb;
18158 : e7a0c8;
18159 : e49dc5;
18160 : e29bc3;
18161 : e39cc4;
18162 : e39cc4;
18163 : e099c1;
18164 : de97bf;
18165 : e49bc3;
18166 : eea7ce;
18167 : fab1d9;
18168 : ffb7e1;
18169 : ffb7e0;
18170 : ffb6de;
18171 : fdb5dd;
18172 : fdb5dd;
18173 : fdb5dd;
18174 : fdb5dd;
18175 : fdb5dd;
18176 : fdb5dd;
18177 : fdb5dd;
18178 : feb6de;
18179 : feb6de;
18180 : feb6de;
18181 : feb6de;
18182 : feb6de;
18183 : feb6de;
18184 : feb6de;
18185 : feb6de;
18186 : feb6de;
18187 : feb6de;
18188 : feb6de;
18189 : feb6de;
18190 : feb6de;
18191 : feb6de;
18192 : ffb8e0;
18193 : ffb8e0;
18194 : e59dc5;
18195 : dd95bd;
18196 : e69ec6;
18197 : db93bb;
18198 : e39bc3;
18199 : feb6de;
18200 : ffb8e0;
18201 : feb6de;
18202 : fdb5dd;
18203 : fcb4dc;
18204 : fdb5dd;
18205 : fdb5dd;
18206 : fdb5dd;
18207 : fdb5dd;
18208 : feb8e1;
18209 : feb7df;
18210 : f5aed5;
18211 : e59fc6;
18212 : e198bf;
18213 : e99bc3;
18214 : f19ac4;
18215 : ec9cc7;
18216 : d2a3c0;
18217 : ada7a6;
18218 : 87af8a;
18219 : 71b579;
18220 : 6cb978;
18221 : 6bbe7f;
18222 : 6ac085;
18223 : 6cbd7d;
18224 : 6cbd77;
18225 : 6cbe74;
18226 : 6cbf6f;
18227 : 6bbe6b;
18228 : 6bbf69;
18229 : 6abe69;
18230 : 6abe69;
18231 : 69bd68;
18232 : 69bc69;
18233 : 69bc6a;
18234 : 69bc6a;
18235 : 69bc6b;
18236 : 69bc6c;
18237 : 69bc6b;
18238 : 6abd6b;
18239 : 6abd6b;
18240 : 84aae0;
18241 : 82a4db;
18242 : 7a97cd;
18243 : 768fc1;
18244 : 7a8ec1;
18245 : 7c8dc1;
18246 : 7b8cbf;
18247 : 778abf;
18248 : 758abf;
18249 : 768ac0;
18250 : 778cc3;
18251 : 8ca8e2;
18252 : 9ac3fb;
18253 : 8bc2f7;
18254 : 81c1f5;
18255 : 82c2f5;
18256 : 83c2f5;
18257 : 83c2f5;
18258 : 83c2f5;
18259 : 83c2f5;
18260 : 83c2f5;
18261 : 83c2f6;
18262 : 84c1f3;
18263 : 84bff2;
18264 : 7fc1f8;
18265 : 7dc3fd;
18266 : 8abffb;
18267 : a8b2ef;
18268 : cea2de;
18269 : ee96d4;
18270 : f897cd;
18271 : f497c7;
18272 : ec92c0;
18273 : ea99c3;
18274 : f4aed3;
18275 : fcb8de;
18276 : feb3dd;
18277 : fdb3dd;
18278 : fcb5dd;
18279 : fcb5dd;
18280 : fcb5dd;
18281 : fcb5dd;
18282 : fcb5dd;
18283 : fcb5dd;
18284 : fcb5dd;
18285 : fcb5dd;
18286 : fcb5dd;
18287 : fdb5dd;
18288 : fdb5dd;
18289 : ffb8de;
18290 : f2a7ce;
18291 : dc90b8;
18292 : e69bc2;
18293 : ea9fc6;
18294 : e094bb;
18295 : f1a7cd;
18296 : ffb7de;
18297 : ffb7df;
18298 : fdb6de;
18299 : fdb6de;
18300 : fdb6de;
18301 : fdb6de;
18302 : fdb6de;
18303 : fdb6de;
18304 : fdb6de;
18305 : fdb6de;
18306 : fdb6de;
18307 : fcb5dd;
18308 : fcb5dd;
18309 : fcb5dd;
18310 : fcb5dd;
18311 : fdb6de;
18312 : fbb4dc;
18313 : fcb5dd;
18314 : ffb9e1;
18315 : ffbbe3;
18316 : ffbce4;
18317 : ffbce4;
18318 : ffb8e0;
18319 : ffb9e1;
18320 : fcb6de;
18321 : eda6ce;
18322 : e29bc3;
18323 : de97bf;
18324 : de96be;
18325 : eaa2ca;
18326 : fcb5dd;
18327 : ffbae3;
18328 : ffb5df;
18329 : ffb6df;
18330 : feb6df;
18331 : fcb5dc;
18332 : fcb4dc;
18333 : fdb5dd;
18334 : fdb5dd;
18335 : fdb5dd;
18336 : fdb5dd;
18337 : fdb5dd;
18338 : feb6de;
18339 : feb6de;
18340 : feb6de;
18341 : feb6de;
18342 : feb6de;
18343 : feb6de;
18344 : feb6de;
18345 : feb6de;
18346 : feb6de;
18347 : feb6de;
18348 : feb6de;
18349 : feb6de;
18350 : feb6de;
18351 : feb6de;
18352 : ffb7df;
18353 : ffbbe3;
18354 : e7a0c8;
18355 : db93bb;
18356 : e69ec6;
18357 : dd95bd;
18358 : e098c0;
18359 : fbb3db;
18360 : ffbae2;
18361 : ffb7df;
18362 : fdb5dd;
18363 : fcb4dc;
18364 : fdb5dd;
18365 : fcb4dc;
18366 : fcb4dc;
18367 : feb5de;
18368 : ffb5e1;
18369 : f6afda;
18370 : e3a1ca;
18371 : de9ac3;
18372 : e99dc9;
18373 : e89ac6;
18374 : ea9aca;
18375 : e2a2c8;
18376 : c9afbb;
18377 : a2b19c;
18378 : 6fac71;
18379 : 60b562;
18380 : 69bf67;
18381 : 6cbf6d;
18382 : 6dbe73;
18383 : 6cbe73;
18384 : 6cbe70;
18385 : 6bbf6d;
18386 : 6bbf6b;
18387 : 6bbf6a;
18388 : 6bbe6a;
18389 : 6abd6c;
18390 : 6abd6b;
18391 : 69bc6a;
18392 : 69bc6a;
18393 : 69bc6a;
18394 : 69bc6a;
18395 : 69bc6a;
18396 : 69bc6a;
18397 : 69bc6a;
18398 : 6abd6b;
18399 : 6abd6b;
18400 : 84aae0;
18401 : 83a6dc;
18402 : 7a96cc;
18403 : 778fc2;
18404 : 7a8dc0;
18405 : 7c8cc0;
18406 : 7c8cc0;
18407 : 778abe;
18408 : 758abf;
18409 : 7589bf;
18410 : 768bc2;
18411 : 8fabe4;
18412 : 9ac3fb;
18413 : 89c0f5;
18414 : 81c1f5;
18415 : 82c2f6;
18416 : 83c2f5;
18417 : 83c2f5;
18418 : 83c2f5;
18419 : 83c2f5;
18420 : 83c2f5;
18421 : 83c2f5;
18422 : 84c2f4;
18423 : 84c2f4;
18424 : 7fc3fa;
18425 : 79c5ff;
18426 : 7bc4fe;
18427 : 91bcf3;
18428 : b6abe5;
18429 : d69edc;
18430 : ec97d1;
18431 : f795cf;
18432 : f993cb;
18433 : ee92c1;
18434 : e59ec3;
18435 : f0b3d5;
18436 : f8badf;
18437 : fab7de;
18438 : fcb4dd;
18439 : fbb4dc;
18440 : fcb5dd;
18441 : fcb5dd;
18442 : fcb5dd;
18443 : fcb5dd;
18444 : fcb5dd;
18445 : fcb5dd;
18446 : fcb5dd;
18447 : fdb5dd;
18448 : fbb3db;
18449 : ffb7dd;
18450 : f8add3;
18451 : e095bc;
18452 : e398bf;
18453 : eca1c8;
18454 : e297be;
18455 : e9a0c6;
18456 : fdb5dc;
18457 : ffb8e0;
18458 : fdb6de;
18459 : fdb6de;
18460 : fdb6de;
18461 : fdb6de;
18462 : fdb6de;
18463 : fdb6de;
18464 : fdb6de;
18465 : fdb6de;
18466 : fdb6de;
18467 : fdb6de;
18468 : fdb6de;
18469 : fdb6de;
18470 : fdb6de;
18471 : fdb6de;
18472 : fdb6de;
18473 : fdb6de;
18474 : fdb6de;
18475 : fdb6de;
18476 : ffb9e1;
18477 : ffbae2;
18478 : ffb7df;
18479 : ffbee6;
18480 : fcb8e0;
18481 : e49dc5;
18482 : df98c0;
18483 : e39cc4;
18484 : e29bc3;
18485 : e199c1;
18486 : efa7cf;
18487 : ffb9e1;
18488 : ffb6df;
18489 : feb4dd;
18490 : feb6de;
18491 : feb6de;
18492 : fdb5dd;
18493 : fdb5dd;
18494 : fdb5dd;
18495 : fdb5dd;
18496 : fdb5dd;
18497 : fdb5dd;
18498 : feb6de;
18499 : feb6de;
18500 : feb6de;
18501 : feb6de;
18502 : feb6de;
18503 : feb6de;
18504 : feb6de;
18505 : feb6de;
18506 : feb6de;
18507 : feb6de;
18508 : feb6de;
18509 : feb6de;
18510 : feb6de;
18511 : feb6de;
18512 : feb6de;
18513 : ffbde5;
18514 : eca5cd;
18515 : d990b8;
18516 : e69ec6;
18517 : e199c1;
18518 : df97bf;
18519 : f8b0d8;
18520 : ffbae2;
18521 : ffb7df;
18522 : fdb5dd;
18523 : fcb4dc;
18524 : fcb4dc;
18525 : fcb3db;
18526 : feb7de;
18527 : ffb8e0;
18528 : fcaedb;
18529 : e9a3cf;
18530 : da9ac5;
18531 : e49ccb;
18532 : e395c8;
18533 : edabdd;
18534 : e1afe0;
18535 : 826483;
18536 : 666569;
18537 : 91b39d;
18538 : 9adda7;
18539 : 78cb80;
18540 : 69bc67;
18541 : 6dba64;
18542 : 6fbb67;
18543 : 6cbe6c;
18544 : 6cc16c;
18545 : 6dc16b;
18546 : 6bbf69;
18547 : 6bbf69;
18548 : 6bbe6a;
18549 : 6abd6c;
18550 : 6abd6c;
18551 : 69bc6b;
18552 : 69bc6b;
18553 : 69bc6a;
18554 : 69bc6a;
18555 : 69bc6a;
18556 : 69bc69;
18557 : 69bc69;
18558 : 69bc6a;
18559 : 69bc6a;
18560 : 84aae0;
18561 : 81a4da;
18562 : 7895cb;
18563 : 7790c2;
18564 : 7a8dc0;
18565 : 7c8cc0;
18566 : 7c8cc0;
18567 : 778abf;
18568 : 758abf;
18569 : 7589bf;
18570 : 788cc4;
18571 : 90ace5;
18572 : 9ac3fc;
18573 : 8ac0f6;
18574 : 81c1f6;
18575 : 82c2f5;
18576 : 83c2f5;
18577 : 83c2f5;
18578 : 83c2f5;
18579 : 83c2f5;
18580 : 83c2f5;
18581 : 84c2f5;
18582 : 81c3f5;
18583 : 80c4f5;
18584 : 83c2f8;
18585 : 80c3f8;
18586 : 7ac6f5;
18587 : 82c3ef;
18588 : 9eb5e9;
18589 : b6a8e4;
18590 : cca0db;
18591 : e69cd8;
18592 : fa97d5;
18593 : fa93ca;
18594 : e894bf;
18595 : e3a2c6;
18596 : f5b4d8;
18597 : feb8de;
18598 : fcb5dd;
18599 : fcb5dd;
18600 : fbb4dc;
18601 : fbb4dc;
18602 : fcb5dd;
18603 : fcb5dd;
18604 : fcb5dd;
18605 : fcb5dd;
18606 : fcb5dd;
18607 : fdb5dd;
18608 : fcb4dc;
18609 : ffb7dc;
18610 : faafd6;
18611 : e398bf;
18612 : e297be;
18613 : eca1c8;
18614 : e499c0;
18615 : e69cc3;
18616 : fbb4db;
18617 : ffb8e1;
18618 : fdb6de;
18619 : fdb6de;
18620 : fdb6de;
18621 : fdb6de;
18622 : fdb6de;
18623 : fdb6de;
18624 : fdb6de;
18625 : fdb6de;
18626 : fdb6de;
18627 : fdb6de;
18628 : fdb6de;
18629 : fdb6de;
18630 : fdb6de;
18631 : fdb6de;
18632 : fdb6de;
18633 : fdb6de;
18634 : fdb6de;
18635 : feb7df;
18636 : ffb8e0;
18637 : ffb8e0;
18638 : ffb8e0;
18639 : ffb7df;
18640 : f0a9d1;
18641 : de97bf;
18642 : df98c0;
18643 : e39cc4;
18644 : e39bc3;
18645 : e098c0;
18646 : eaa3ca;
18647 : ffb7df;
18648 : ffb8e1;
18649 : ffb5de;
18650 : feb5de;
18651 : feb6de;
18652 : fdb5dd;
18653 : fdb5dd;
18654 : fdb5dd;
18655 : fdb5dd;
18656 : fdb5dd;
18657 : fdb5dd;
18658 : feb6de;
18659 : feb6de;
18660 : feb6de;
18661 : feb6de;
18662 : feb6de;
18663 : feb6de;
18664 : feb6de;
18665 : feb6de;
18666 : feb6de;
18667 : feb6de;
18668 : feb6de;
18669 : feb6de;
18670 : feb6de;
18671 : feb6de;
18672 : feb6de;
18673 : ffbee6;
18674 : f0a9d1;
18675 : d68eb6;
18676 : e59dc5;
18677 : e39bc3;
18678 : dd95bd;
18679 : f5add5;
18680 : ffbae2;
18681 : ffb7df;
18682 : fdb5dd;
18683 : fbb3db;
18684 : fcb3db;
18685 : feb6de;
18686 : ffbbe2;
18687 : ffb7df;
18688 : f1a5d1;
18689 : e099c5;
18690 : e19dcb;
18691 : e296ce;
18692 : f0a1df;
18693 : f3c3f8;
18694 : 7e7ba7;
18695 : 2d3f5c;
18696 : 2a4754;
18697 : 336767;
18698 : 6eb59f;
18699 : 97e3bb;
18700 : 83cf98;
18701 : 68b471;
18702 : 69b76a;
18703 : 6bbd6a;
18704 : 6dc16c;
18705 : 6dc16c;
18706 : 6bbf69;
18707 : 6bbf69;
18708 : 6bbe6a;
18709 : 6abd6c;
18710 : 6abd6d;
18711 : 69bc6c;
18712 : 69bc6c;
18713 : 69bc6b;
18714 : 69bc6a;
18715 : 69bc69;
18716 : 69bd68;
18717 : 69bd68;
18718 : 69bc6a;
18719 : 69bc6a;
18720 : 84aae0;
18721 : 80a3d9;
18722 : 7894ca;
18723 : 7790c2;
18724 : 7a8dc0;
18725 : 7c8cc0;
18726 : 7c8cc0;
18727 : 788bc0;
18728 : 768cc0;
18729 : 7589bf;
18730 : 788dc4;
18731 : 93afe7;
18732 : 9bc4fc;
18733 : 8ac0f6;
18734 : 82c1f7;
18735 : 82c3f5;
18736 : 83c3f5;
18737 : 83c2f5;
18738 : 83c2f5;
18739 : 83c2f5;
18740 : 83c2f5;
18741 : 85c1f5;
18742 : 7ec5f6;
18743 : 7cc6f7;
18744 : 89c0f4;
18745 : 89c1ef;
18746 : 7dc7eb;
18747 : 7dc7eb;
18748 : 90beec;
18749 : a5b4ec;
18750 : b2b0e6;
18751 : cca5de;
18752 : f094d6;
18753 : ff92ce;
18754 : f798c6;
18755 : e798bf;
18756 : f09dc5;
18757 : fcadd5;
18758 : fcb7df;
18759 : fdb6df;
18760 : fdb6df;
18761 : fcb5dd;
18762 : fcb5dd;
18763 : fcb5dd;
18764 : fcb5dd;
18765 : fcb5dd;
18766 : fcb5dd;
18767 : fdb5dd;
18768 : fcb4dc;
18769 : ffb6dd;
18770 : feb3da;
18771 : e79cc3;
18772 : df94ba;
18773 : eca1c8;
18774 : e69bc2;
18775 : e298be;
18776 : fab2d9;
18777 : ffb9e1;
18778 : fdb6de;
18779 : fdb6de;
18780 : fdb6de;
18781 : fdb6de;
18782 : fdb6de;
18783 : fdb6de;
18784 : fdb6de;
18785 : fdb6de;
18786 : fdb6de;
18787 : fdb6de;
18788 : fdb6de;
18789 : fdb6de;
18790 : fdb6de;
18791 : fdb6de;
18792 : fdb6de;
18793 : fdb6de;
18794 : fdb6de;
18795 : feb7df;
18796 : feb7df;
18797 : feb7df;
18798 : ffb9e1;
18799 : f7b0d8;
18800 : e69fc7;
18801 : e098c1;
18802 : df98c0;
18803 : e19bc2;
18804 : e39bc4;
18805 : e29ac2;
18806 : e49dc5;
18807 : fab1d9;
18808 : ffb8e1;
18809 : ffb5de;
18810 : feb5de;
18811 : feb6de;
18812 : feb5dd;
18813 : fdb5dd;
18814 : fdb5dd;
18815 : fdb5dd;
18816 : fdb5dd;
18817 : fdb5dd;
18818 : feb6de;
18819 : feb6de;
18820 : feb6de;
18821 : feb6de;
18822 : feb6de;
18823 : feb6de;
18824 : feb6de;
18825 : feb6de;
18826 : feb6de;
18827 : feb6de;
18828 : feb6de;
18829 : feb6de;
18830 : feb6de;
18831 : feb6de;
18832 : feb6de;
18833 : ffbde5;
18834 : f1abd3;
18835 : d58db5;
18836 : e69ec6;
18837 : e49cc4;
18838 : dc94bc;
18839 : f2aad2;
18840 : ffbae2;
18841 : ffb7df;
18842 : fdb5dd;
18843 : fbb3db;
18844 : fdb5dd;
18845 : ffb9e2;
18846 : ffbae1;
18847 : f6aed5;
18848 : e69cc5;
18849 : df9bc5;
18850 : e29bcd;
18851 : f09dd9;
18852 : ffb4f7;
18853 : 9e7bb6;
18854 : 2c4c74;
18855 : 3f7796;
18856 : 4f88a4;
18857 : 21677e;
18858 : 04505c;
18859 : 3d8983;
18860 : 8cd6bc;
18861 : 86d6a8;
18862 : 5fb776;
18863 : 65ba67;
18864 : 6ec16c;
18865 : 6dc16b;
18866 : 6cc06a;
18867 : 6bbf6a;
18868 : 6bbe6a;
18869 : 6abd6c;
18870 : 6abd6d;
18871 : 69bc6d;
18872 : 69bc6c;
18873 : 69bc6b;
18874 : 69bc6a;
18875 : 69bd68;
18876 : 69bd67;
18877 : 69bd68;
18878 : 69bc6a;
18879 : 69bc6a;
18880 : 82a7e4;
18881 : 7fa0db;
18882 : 7893ca;
18883 : 798ec2;
18884 : 7c8cc1;
18885 : 7b8dc0;
18886 : 788ec1;
18887 : 798dc1;
18888 : 798abe;
18889 : 7586be;
18890 : 7a8ec8;
18891 : 96b3ec;
18892 : 9cc5fb;
18893 : 8ac2f1;
18894 : 84c3f1;
18895 : 83c1f6;
18896 : 83c1f6;
18897 : 83c1f4;
18898 : 83c1f3;
18899 : 82c2f2;
18900 : 82c2f2;
18901 : 83c2f0;
18902 : 80c2f3;
18903 : 7fc0f7;
18904 : 84bff4;
18905 : 85bff2;
18906 : 81c1f2;
18907 : 80c1f2;
18908 : 83c0f3;
18909 : 88c0f5;
18910 : 9bb9ed;
18911 : bbaae3;
18912 : e398dc;
18913 : fe8ed5;
18914 : ff91cf;
18915 : f894c8;
18916 : ee95c6;
18917 : eea0cc;
18918 : fab2db;
18919 : ffb7e0;
18920 : fdb5db;
18921 : fcb4da;
18922 : fcb4db;
18923 : fab4e0;
18924 : f9b5e1;
18925 : f9b5dd;
18926 : fab5db;
18927 : fcb4dc;
18928 : fbb4dc;
18929 : fdb5dd;
18930 : fdb4dc;
18931 : eba0c9;
18932 : df93bb;
18933 : e99ec5;
18934 : e89cc3;
18935 : e096bc;
18936 : f8b0d7;
18937 : ffb9e2;
18938 : fdb6de;
18939 : fdb6de;
18940 : fdb6de;
18941 : fdb6de;
18942 : fdb6de;
18943 : fdb6de;
18944 : fdb6de;
18945 : fdb6de;
18946 : fdb6de;
18947 : fcb6de;
18948 : fbb7de;
18949 : fcb7de;
18950 : fdb6de;
18951 : feb6df;
18952 : feb6de;
18953 : feb6de;
18954 : feb7df;
18955 : feb8e0;
18956 : feb6de;
18957 : feb6de;
18958 : ffb9e1;
18959 : f6afd7;
18960 : e49cc4;
18961 : e099c1;
18962 : e299c2;
18963 : e399c2;
18964 : e39cc4;
18965 : e39bc3;
18966 : e199c1;
18967 : f6add6;
18968 : ffbbe5;
18969 : ffb5e0;
18970 : feb4dd;
18971 : fbb4db;
18972 : fdb5dd;
18973 : feb6de;
18974 : feb4dd;
18975 : feb4dd;
18976 : feb4dd;
18977 : fdb4dd;
18978 : fdb5dd;
18979 : fdb5dd;
18980 : fdb5dd;
18981 : fdb5dd;
18982 : fdb5dd;
18983 : fdb5dd;
18984 : fdb5dd;
18985 : fdb6de;
18986 : fdb6de;
18987 : fdb6de;
18988 : fdb6de;
18989 : fdb6de;
18990 : fdb6de;
18991 : fdb6de;
18992 : fdb6de;
18993 : ffbce4;
18994 : f4acd4;
18995 : d58db5;
18996 : e39bc3;
18997 : e49cc4;
18998 : db93bb;
18999 : f0a8d0;
19000 : ffb9e1;
19001 : feb6de;
19002 : fcb4dc;
19003 : fdb4de;
19004 : feb6e1;
19005 : ffbae4;
19006 : fdb4de;
19007 : e99dca;
19008 : e395c2;
19009 : e89cca;
19010 : e69ad2;
19011 : fdb4f2;
19012 : c390d0;
19013 : 423e77;
19014 : 3b6f98;
19015 : 3e87ae;
19016 : 367da7;
19017 : 3c83ab;
19018 : 2e769c;
19019 : 1d657f;
19020 : 357d80;
19021 : 78c5a7;
19022 : 87d8a2;
19023 : 6dbb79;
19024 : 6aba6f;
19025 : 6dc06d;
19026 : 69bf69;
19027 : 68c06b;
19028 : 69c06b;
19029 : 6abf67;
19030 : 6abe69;
19031 : 6abd6c;
19032 : 6abd6b;
19033 : 6abd6b;
19034 : 6bbd6b;
19035 : 6cbd6a;
19036 : 6cbd6a;
19037 : 6dbd6a;
19038 : 6bbd69;
19039 : 6abd69;
19040 : 81a9e4;
19041 : 7ea1da;
19042 : 7892c9;
19043 : 7a8dc1;
19044 : 7d8cc1;
19045 : 7b8ec1;
19046 : 778fc3;
19047 : 7a8dc1;
19048 : 7a88bc;
19049 : 7485be;
19050 : 7b90cc;
19051 : 97b5f1;
19052 : 9ac5fd;
19053 : 89c1f3;
19054 : 83c2f3;
19055 : 81bdfd;
19056 : 81bbff;
19057 : 81bdfc;
19058 : 81bdfb;
19059 : 80befa;
19060 : 80bef9;
19061 : 7fbef9;
19062 : 82bef6;
19063 : 83bef3;
19064 : 80bef4;
19065 : 80bef5;
19066 : 83bef6;
19067 : 84bef6;
19068 : 80bff6;
19069 : 7dc2f8;
19070 : 90bcf0;
19071 : adb2ea;
19072 : cea5e5;
19073 : eb9adb;
19074 : f896d3;
19075 : f598cb;
19076 : f299c8;
19077 : e99ac5;
19078 : e9a3cb;
19079 : fab3d9;
19080 : fcb8db;
19081 : f8b5d7;
19082 : f9b3d9;
19083 : f9b2dd;
19084 : fab2df;
19085 : f9b4dd;
19086 : f9b5dc;
19087 : fbb4dc;
19088 : fbb4dc;
19089 : fcb4dc;
19090 : fdb5dd;
19091 : f0a5ce;
19092 : df94bc;
19093 : e69bc2;
19094 : eca0c7;
19095 : e096bc;
19096 : f3acd2;
19097 : ffbae3;
19098 : fdb6de;
19099 : fdb6de;
19100 : fdb6de;
19101 : fdb6de;
19102 : fdb6de;
19103 : fdb6de;
19104 : fdb6de;
19105 : fdb6de;
19106 : fdb6de;
19107 : fcb6de;
19108 : fbb7de;
19109 : fcb7de;
19110 : fdb6de;
19111 : fdb5dd;
19112 : fcb4dc;
19113 : fbb6dd;
19114 : fbb6dd;
19115 : fab6dd;
19116 : fcb8df;
19117 : febae0;
19118 : ffbce3;
19119 : fcb9df;
19120 : e4a0c6;
19121 : db98bf;
19122 : e39cc4;
19123 : e49ac2;
19124 : e49cc4;
19125 : e39cc4;
19126 : df98bf;
19127 : f1a7d0;
19128 : ffc1eb;
19129 : ffc3ed;
19130 : ffbfe8;
19131 : ffc4eb;
19132 : ffc1e9;
19133 : ffb7e0;
19134 : ffb3dc;
19135 : ffb2dc;
19136 : feb2db;
19137 : feb4dd;
19138 : fcb5dd;
19139 : fcb5dd;
19140 : fcb5dd;
19141 : fcb5dd;
19142 : fcb5dd;
19143 : fcb5dd;
19144 : fcb5dd;
19145 : fdb6de;
19146 : fdb6de;
19147 : fdb6de;
19148 : fdb6de;
19149 : fdb6de;
19150 : fdb6de;
19151 : fdb6de;
19152 : fdb6de;
19153 : ffbce4;
19154 : f6aed6;
19155 : d78fb7;
19156 : e199c1;
19157 : e39bc3;
19158 : dc94bc;
19159 : f0a8d0;
19160 : ffb9e1;
19161 : fdb6de;
19162 : fbb4dc;
19163 : fdb4df;
19164 : ffb7e3;
19165 : ffb7e2;
19166 : eea3ce;
19167 : e093c1;
19168 : e597c4;
19169 : e797c9;
19170 : f5aae5;
19171 : dba8e5;
19172 : 6e639c;
19173 : 3e5c8f;
19174 : 3d7ba7;
19175 : 347aab;
19176 : 3777af;
19177 : 3979af;
19178 : 3c7bb2;
19179 : 3978a9;
19180 : 276a85;
19181 : 357b74;
19182 : 75be9d;
19183 : 89d8a4;
19184 : 6cbe7b;
19185 : 67ba69;
19186 : 6dc06c;
19187 : 6bbd6e;
19188 : 6dbc71;
19189 : 6fbd6f;
19190 : 6bbd6c;
19191 : 66be6d;
19192 : 67be6d;
19193 : 68be6e;
19194 : 68be6e;
19195 : 69be6e;
19196 : 69be6e;
19197 : 68be6e;
19198 : 68bf6a;
19199 : 68bf68;
19200 : 82aade;
19201 : 7ea0d5;
19202 : 7791c5;
19203 : 798dc0;
19204 : 7c8dc1;
19205 : 7c8dc1;
19206 : 798ec3;
19207 : 798cbf;
19208 : 7989ba;
19209 : 7485bc;
19210 : 7d92cd;
19211 : 99b5f4;
19212 : 98c1ff;
19213 : 87bcf9;
19214 : 80bdf8;
19215 : 81bdfb;
19216 : 81bdfb;
19217 : 81bdfb;
19218 : 81befa;
19219 : 81bff9;
19220 : 81bff9;
19221 : 81bff8;
19222 : 82bff8;
19223 : 83c0f7;
19224 : 83c0f7;
19225 : 83c0f7;
19226 : 84c0f8;
19227 : 85bff7;
19228 : 84c0f8;
19229 : 85c1fa;
19230 : 8ac0f8;
19231 : 99baf3;
19232 : b0b3eb;
19233 : c4ace2;
19234 : d4a6d6;
19235 : e4a0ce;
19236 : f398c8;
19237 : f297c7;
19238 : e398c2;
19239 : e8a0c6;
19240 : f6b4d6;
19241 : f7b9da;
19242 : f6b4d8;
19243 : fab2d9;
19244 : fdb1da;
19245 : fcb3dc;
19246 : fbb4dc;
19247 : fbb4dc;
19248 : fbb4dc;
19249 : fcb4dc;
19250 : ffb7df;
19251 : f2aad2;
19252 : dd94bc;
19253 : e499c0;
19254 : efa3ca;
19255 : de95bb;
19256 : efa8cf;
19257 : ffbce4;
19258 : fdb6de;
19259 : fdb6de;
19260 : fdb6de;
19261 : fdb6de;
19262 : fdb6de;
19263 : fdb6de;
19264 : fdb6de;
19265 : fdb6de;
19266 : fdb6de;
19267 : fdb6de;
19268 : fdb6de;
19269 : fcb6de;
19270 : fbb7de;
19271 : fbb7de;
19272 : fbb8df;
19273 : fcb8df;
19274 : fdbae0;
19275 : ffbee4;
19276 : ffc6eb;
19277 : ffccf1;
19278 : ffcdf2;
19279 : ffc3e9;
19280 : efacd2;
19281 : de9ec3;
19282 : df9bc1;
19283 : e59ac3;
19284 : e59dc5;
19285 : e49dc5;
19286 : e9a2ca;
19287 : d48ab3;
19288 : b0638d;
19289 : c779a3;
19290 : dd91ba;
19291 : db91ba;
19292 : e79ac3;
19293 : fdb9e2;
19294 : ffc7f0;
19295 : ffbae3;
19296 : ffb3dc;
19297 : feb3db;
19298 : fcb5dd;
19299 : fcb5dd;
19300 : fcb5dd;
19301 : fcb5dd;
19302 : fcb5dd;
19303 : fcb5dd;
19304 : fcb5dd;
19305 : fdb6de;
19306 : fdb6de;
19307 : fdb6de;
19308 : fdb6de;
19309 : fdb6de;
19310 : fdb6de;
19311 : fdb6de;
19312 : fdb5dd;
19313 : ffbde5;
19314 : f7b1d9;
19315 : d890b8;
19316 : e29ac2;
19317 : e69ec6;
19318 : dd95bd;
19319 : f0a8d0;
19320 : ffbae2;
19321 : fdb6de;
19322 : fbb4dc;
19323 : feb6e0;
19324 : ffb8e4;
19325 : f3a8d3;
19326 : e094c0;
19327 : e196c3;
19328 : e298c6;
19329 : f1a2d9;
19330 : f3afed;
19331 : 8c72ae;
19332 : 5773a7;
19333 : 5a96c8;
19334 : 3d7fb1;
19335 : 3772b0;
19336 : 3b73b8;
19337 : 3c75b7;
19338 : 3c75b8;
19339 : 3e77b9;
19340 : 3c79ac;
19341 : 2b6c86;
19342 : 317779;
19343 : 65ba98;
19344 : 83d8a1;
19345 : 70c079;
19346 : 6db769;
19347 : 73bb6e;
19348 : 71ba73;
19349 : 6dbc74;
19350 : 6bbc71;
19351 : 6abc6f;
19352 : 6bbd6f;
19353 : 6bbd6f;
19354 : 69bc6e;
19355 : 69bd6f;
19356 : 69bd70;
19357 : 67bd6e;
19358 : 69be6a;
19359 : 6abe68;
19360 : 8dadda;
19361 : 839fcf;
19362 : 798fc1;
19363 : 7b8ebf;
19364 : 7d8ec0;
19365 : 7d8dc1;
19366 : 7b8ec2;
19367 : 798bbc;
19368 : 7989b8;
19369 : 7486bb;
19370 : 7f94d0;
19371 : 9bb8f8;
19372 : 9bc3ff;
19373 : 89befe;
19374 : 82bffb;
19375 : 81c0ed;
19376 : 81c0e9;
19377 : 81c0ec;
19378 : 81c0ea;
19379 : 80c1ea;
19380 : 80c1eb;
19381 : 7fc1e8;
19382 : 81c1f1;
19383 : 83c0fc;
19384 : 83c0fa;
19385 : 83c0fa;
19386 : 84bffa;
19387 : 84befa;
19388 : 84befa;
19389 : 84c0fb;
19390 : 85bfff;
19391 : 8bbcfe;
19392 : 95bcf6;
19393 : a1b8eb;
19394 : b7b2e3;
19395 : d4a7db;
19396 : ed97d1;
19397 : fa91cb;
19398 : f490c5;
19399 : eb92c0;
19400 : ef9fc7;
19401 : fab3d6;
19402 : fdb9db;
19403 : f9b5d9;
19404 : f9b3d8;
19405 : fbb3db;
19406 : fbb4dd;
19407 : fbb4dc;
19408 : fcb4dc;
19409 : fcb4dc;
19410 : ffb8e0;
19411 : f5afd7;
19412 : de95bd;
19413 : e095bc;
19414 : eea2c9;
19415 : e097bd;
19416 : eca4cb;
19417 : ffbae2;
19418 : feb6de;
19419 : fdb6de;
19420 : fdb6de;
19421 : fdb6de;
19422 : fdb6de;
19423 : fdb6de;
19424 : fdb6de;
19425 : fdb6de;
19426 : fdb6de;
19427 : fdb6de;
19428 : feb6df;
19429 : fcb7de;
19430 : fab7de;
19431 : fbb9df;
19432 : ffc2e7;
19433 : ffcaf0;
19434 : ffc8f0;
19435 : ffbbe4;
19436 : e79fc8;
19437 : c880a9;
19438 : b77098;
19439 : b36a92;
19440 : dd94bc;
19441 : eca3cb;
19442 : e398c2;
19443 : e89bc5;
19444 : e69cc5;
19445 : e29ac2;
19446 : f5acd5;
19447 : f3aad2;
19448 : 994d76;
19449 : 8c3f68;
19450 : a35780;
19451 : 954872;
19452 : 964873;
19453 : a45781;
19454 : d78db6;
19455 : ffc0e9;
19456 : ffb9e2;
19457 : fcb1da;
19458 : fcb5dd;
19459 : fcb5dd;
19460 : fcb5dd;
19461 : fcb5dd;
19462 : fcb5dd;
19463 : fcb5dd;
19464 : fcb5dd;
19465 : fdb6de;
19466 : fdb6de;
19467 : fdb6de;
19468 : fdb6de;
19469 : fdb6de;
19470 : fdb6de;
19471 : fdb6de;
19472 : fdb5dd;
19473 : ffbce4;
19474 : f8b1d9;
19475 : d68db5;
19476 : dd95bd;
19477 : e59dc5;
19478 : d991b9;
19479 : eda5cd;
19480 : ffbbe3;
19481 : fdb6de;
19482 : fbb4dc;
19483 : ffb8e2;
19484 : f9b0db;
19485 : e499c4;
19486 : e297c1;
19487 : e59ac6;
19488 : e79bce;
19489 : ffb2ee;
19490 : be86c8;
19491 : 5a5a97;
19492 : 5d97cb;
19493 : 5eaade;
19494 : 5995d1;
19495 : 4d7ec3;
19496 : 3b6eb5;
19497 : 3c6fb4;
19498 : 4073ba;
19499 : 3f73be;
19500 : 4078bb;
19501 : 3b79a9;
19502 : 296c8a;
19503 : 2a7879;
19504 : 67b59d;
19505 : 8cd6a5;
19506 : 77c27b;
19507 : 6bb967;
19508 : 69bf67;
19509 : 62c565;
19510 : 66c266;
19511 : 6dbc68;
19512 : 6bbc67;
19513 : 69bd67;
19514 : 67bd66;
19515 : 65bc65;
19516 : 64bc65;
19517 : 66be66;
19518 : 6abe65;
19519 : 6abd64;
19520 : a9b7e1;
19521 : 95a2d0;
19522 : 838ec0;
19523 : 808bbe;
19524 : 808bbf;
19525 : 7e8cc0;
19526 : 7d8bc0;
19527 : 7b8abc;
19528 : 7888b9;
19529 : 7587bb;
19530 : 8095d0;
19531 : 9bb8f5;
19532 : 9ac3fe;
19533 : 8ac1f8;
19534 : 84c2f6;
19535 : 83c1f3;
19536 : 83c1f3;
19537 : 83c1f3;
19538 : 83c1f2;
19539 : 81c0f3;
19540 : 81c0f4;
19541 : 81c0f2;
19542 : 82c0f5;
19543 : 83c0fa;
19544 : 83c0f9;
19545 : 83c0f9;
19546 : 84bff9;
19547 : 84bff9;
19548 : 84bff9;
19549 : 83bff9;
19550 : 87bfff;
19551 : 8abefe;
19552 : 8abef7;
19553 : 92bdf1;
19554 : a3b9eb;
19555 : bface1;
19556 : dda0dd;
19557 : f194d3;
19558 : fa90c9;
19559 : f692c9;
19560 : ed90c1;
19561 : ef9ac3;
19562 : faadd3;
19563 : fbb8da;
19564 : f6b8d9;
19565 : fbb5dc;
19566 : fdb4dc;
19567 : fcb4dc;
19568 : fbb3db;
19569 : fcb5dd;
19570 : fdb6de;
19571 : fcb5de;
19572 : eaa1c9;
19573 : d98eb5;
19574 : e79bc3;
19575 : e79dc4;
19576 : eaa2c9;
19577 : fcb4dc;
19578 : fdb6de;
19579 : fcb5dd;
19580 : fcb5dd;
19581 : fdb6de;
19582 : feb7df;
19583 : fdb6de;
19584 : fdb6de;
19585 : fdb6de;
19586 : fdb6de;
19587 : feb6de;
19588 : feb6de;
19589 : fcb5dd;
19590 : fab6dc;
19591 : ffc4e9;
19592 : ffbfe6;
19593 : e69ec7;
19594 : c97ea8;
19595 : ba6390;
19596 : a54a79;
19597 : 9c4471;
19598 : a34a77;
19599 : 9c4472;
19600 : d47caa;
19601 : ffa6d4;
19602 : f19bc8;
19603 : ec9cc7;
19604 : ea9bc5;
19605 : e699c2;
19606 : f1a6cf;
19607 : ffbce5;
19608 : c0759f;
19609 : ad5f89;
19610 : c2729d;
19611 : b76893;
19612 : b2648e;
19613 : 8e416b;
19614 : 863962;
19615 : db90b9;
19616 : ffc1ea;
19617 : feb9e1;
19618 : fcb5dd;
19619 : fcb5dd;
19620 : fcb5dd;
19621 : fcb5dd;
19622 : fcb5dd;
19623 : fcb5dd;
19624 : fcb5dd;
19625 : fdb6de;
19626 : fdb6de;
19627 : fdb6de;
19628 : fdb6de;
19629 : feb7df;
19630 : fdb6de;
19631 : fdb6de;
19632 : fbb4dc;
19633 : ffb9e1;
19634 : fbb3db;
19635 : d78fb7;
19636 : d78fb7;
19637 : e59dc5;
19638 : dc94bc;
19639 : e9a1c9;
19640 : ffb8e0;
19641 : fbb4dc;
19642 : fcb4dc;
19643 : fdb5df;
19644 : eaa1cd;
19645 : dd92bd;
19646 : e59ac3;
19647 : ea9dca;
19648 : f8ace6;
19649 : d696d6;
19650 : 7d62a1;
19651 : 667db9;
19652 : 62a0da;
19653 : 579eda;
19654 : 6298da;
19655 : 6395d7;
19656 : 5087c2;
19657 : 3e72ad;
19658 : 3e6eb0;
19659 : 4272ba;
19660 : 3f75b8;
19661 : 3f7bb2;
19662 : 3878a4;
19663 : 2c6c91;
19664 : 367988;
19665 : 67af9c;
19666 : 84d2a0;
19667 : 73c87d;
19668 : 61bd61;
19669 : 5fc251;
19670 : 63c558;
19671 : 65c265;
19672 : 61c060;
19673 : 5ebe5d;
19674 : 5dbd5c;
19675 : 5ebd5d;
19676 : 5fbf5f;
19677 : 60c160;
19678 : 66c260;
19679 : 68c260;
19680 : c1bbe5;
19681 : a7a3cf;
19682 : 8d8bbd;
19683 : 8586bd;
19684 : 8287be;
19685 : 8189bf;
19686 : 8189bf;
19687 : 7c8abd;
19688 : 798bbe;
19689 : 7586bb;
19690 : 7f95cb;
19691 : 99b7ec;
19692 : 95c0ef;
19693 : 87c1e8;
19694 : 81c2e7;
19695 : 83c1f2;
19696 : 84c1f7;
19697 : 84c1f5;
19698 : 84c1f5;
19699 : 83c2f7;
19700 : 83c2f7;
19701 : 83c3fa;
19702 : 83c3f3;
19703 : 84c3e9;
19704 : 84c3eb;
19705 : 84c3eb;
19706 : 85c2eb;
19707 : 85c2eb;
19708 : 85c2eb;
19709 : 85c2eb;
19710 : 88c1ed;
19711 : 89c0ee;
19712 : 89c1ec;
19713 : 8abfe9;
19714 : 92bbe4;
19715 : a6b4de;
19716 : bdb0de;
19717 : d6a9db;
19718 : e09ed2;
19719 : e499ce;
19720 : ee96c9;
19721 : ed92c1;
19722 : ea94bf;
19723 : f0a5ce;
19724 : f8b6dc;
19725 : fcb6dd;
19726 : feb3dc;
19727 : fcb4dc;
19728 : fab2da;
19729 : fbb4dc;
19730 : fcb5dd;
19731 : fbb7df;
19732 : f8b1d8;
19733 : e094bb;
19734 : de92b9;
19735 : df95bc;
19736 : e7a0c7;
19737 : fbb3db;
19738 : fcb5dd;
19739 : fbb4dc;
19740 : fbb4dc;
19741 : fdb6de;
19742 : feb7df;
19743 : fdb6de;
19744 : fdb6de;
19745 : fdb6de;
19746 : fdb6de;
19747 : feb6de;
19748 : fcb4dc;
19749 : fcb8e0;
19750 : ffcbf2;
19751 : e7a4ca;
19752 : a55b83;
19753 : 9a4874;
19754 : a64d7b;
19755 : ae5181;
19756 : b85a8a;
19757 : c56797;
19758 : c96c9b;
19759 : b05281;
19760 : d375a5;
19761 : ffa4d4;
19762 : f295c5;
19763 : ef97c5;
19764 : ef9ac6;
19765 : eb99c4;
19766 : ed9fc9;
19767 : ffb0da;
19768 : c3729d;
19769 : a5537e;
19770 : bb6995;
19771 : b76791;
19772 : bc6f98;
19773 : c678a2;
19774 : 994b76;
19775 : a75b84;
19776 : fdb7de;
19777 : ffc0e8;
19778 : fcb6de;
19779 : fcb5dd;
19780 : fcb5dd;
19781 : fcb5dd;
19782 : fcb5dd;
19783 : fcb5dd;
19784 : fcb5dd;
19785 : fdb6de;
19786 : fdb6de;
19787 : fdb6de;
19788 : fdb6de;
19789 : fdb6de;
19790 : fdb6de;
19791 : fdb6de;
19792 : fcb5dd;
19793 : ffbbe3;
19794 : fbb3db;
19795 : d48cb4;
19796 : cf87af;
19797 : de96be;
19798 : dc94bc;
19799 : eaa2ca;
19800 : ffb7df;
19801 : fbb5dd;
19802 : feb6de;
19803 : f5acd6;
19804 : e198c3;
19805 : e297c2;
19806 : e99dc6;
19807 : f8a9d7;
19808 : e6a4e1;
19809 : 886ca8;
19810 : 6678ae;
19811 : 6998d2;
19812 : 5e94d5;
19813 : 5d93d4;
19814 : 5a94d3;
19815 : 5c9ad5;
19816 : 69a6dc;
19817 : 5d94ca;
19818 : 4071ac;
19819 : 3d6db0;
19820 : 4173ba;
19821 : 3e77b5;
19822 : 3e7baf;
19823 : 407bb1;
19824 : 33729a;
19825 : 2c747f;
19826 : 55a093;
19827 : 82caa7;
19828 : 8ed195;
19829 : 92cc79;
19830 : 95d177;
19831 : 95d782;
19832 : 95d57f;
19833 : 95d37f;
19834 : 96d27f;
19835 : 9bd582;
19836 : 9cd583;
19837 : 96ce7b;
19838 : 94c676;
19839 : 93c475;
19840 : cebae4;
19841 : b09dcc;
19842 : 9184b5;
19843 : 8680b7;
19844 : 8484be;
19845 : 8388bf;
19846 : 8388be;
19847 : 7d89bf;
19848 : 7b8dc3;
19849 : 7486bd;
19850 : 7e94c9;
19851 : 97b5e7;
19852 : 8fbbe4;
19853 : 84bfe0;
19854 : 7ec1dc;
19855 : 7dc0d5;
19856 : 7ec1d6;
19857 : 7ec1d7;
19858 : 7ec1d8;
19859 : 7dc1da;
19860 : 7dc1db;
19861 : 7dc1dd;
19862 : 7dc1da;
19863 : 7ec0d5;
19864 : 7ec0d6;
19865 : 7ec0d6;
19866 : 7fc0d6;
19867 : 7fc0d6;
19868 : 7fc0d6;
19869 : 7fc0d6;
19870 : 7fc0d6;
19871 : 81bed8;
19872 : 85beda;
19873 : 82bcd8;
19874 : 85bddc;
19875 : 97c1e0;
19876 : a4bed7;
19877 : b1b9d4;
19878 : cabde1;
19879 : d5aed9;
19880 : e098c7;
19881 : f293c6;
19882 : f392c5;
19883 : e693bf;
19884 : e8a3ca;
19885 : fbb2da;
19886 : ffb5df;
19887 : fdb5dd;
19888 : fcb4dc;
19889 : fbb4dc;
19890 : fbb5dd;
19891 : f8b6dd;
19892 : fcb6dd;
19893 : f6aad1;
19894 : ea9fc6;
19895 : e69cc2;
19896 : eaa2c9;
19897 : fab2da;
19898 : feb6de;
19899 : fcb5dd;
19900 : fcb5dd;
19901 : fdb6de;
19902 : feb7df;
19903 : fdb6de;
19904 : fdb6de;
19905 : fdb6de;
19906 : fdb6de;
19907 : feb6de;
19908 : fdb7de;
19909 : ffc2e9;
19910 : ecabd2;
19911 : 965279;
19912 : 873862;
19913 : b85f8d;
19914 : ce6c9d;
19915 : c86b9a;
19916 : c36b99;
19917 : c36997;
19918 : c36997;
19919 : a14775;
19920 : c16796;
19921 : ffa6d4;
19922 : ef94c3;
19923 : f095c4;
19924 : f29ac7;
19925 : ee98c5;
19926 : ed99c5;
19927 : ffb2dd;
19928 : cf7ca8;
19929 : a8507e;
19930 : ba6793;
19931 : bd6c97;
19932 : c2719c;
19933 : c778a2;
19934 : 90426c;
19935 : ad618a;
19936 : ffbfe8;
19937 : ffbae2;
19938 : fcb5dd;
19939 : fcb5dd;
19940 : fcb5dd;
19941 : fcb5dd;
19942 : fcb5dd;
19943 : fcb5dd;
19944 : fcb5dd;
19945 : fdb6de;
19946 : fdb6de;
19947 : fdb6de;
19948 : fdb6de;
19949 : fcb5dd;
19950 : fdb6de;
19951 : fdb6de;
19952 : feb8e0;
19953 : ffbce4;
19954 : f9b1d9;
19955 : db93bb;
19956 : e098c0;
19957 : e8a0c8;
19958 : db93bb;
19959 : eaa2ca;
19960 : ffbae2;
19961 : feb7df;
19962 : fbb2da;
19963 : e9a0c9;
19964 : e199c4;
19965 : e69cc7;
19966 : f1a3cc;
19967 : fdabd9;
19968 : af7bb6;
19969 : 6970a5;
19970 : 609bc8;
19971 : 5397cd;
19972 : 5d8dd0;
19973 : 638ed3;
19974 : 5699d0;
19975 : 4f9acf;
19976 : 5b9bd3;
19977 : 6ba6db;
19978 : 6195cf;
19979 : 4372b6;
19980 : 3b6bb5;
19981 : 3f74b7;
19982 : 3e7ab3;
19983 : 3e7bb4;
19984 : 3c7eac;
19985 : 2a7493;
19986 : 2c7185;
19987 : 55878e;
19988 : 799487;
19989 : 838d6b;
19990 : 8a8453;
19991 : 91824c;
19992 : 8d814d;
19993 : 8e7d4d;
19994 : 917a4b;
19995 : 8e7546;
19996 : 886e3f;
19997 : 856739;
19998 : 845e37;
19999 : 825b36;
20000 : ccb6e1;
20001 : b09dc9;
20002 : 8e7eb0;
20003 : 887db3;
20004 : 8683bb;
20005 : 8587c0;
20006 : 8386be;
20007 : 8187c2;
20008 : 818ac5;
20009 : 778aba;
20010 : 7a9aba;
20011 : 85b0bd;
20012 : 86bab6;
20013 : 85c1ae;
20014 : 7dbba2;
20015 : 78baa0;
20016 : 78bda2;
20017 : 75bfa3;
20018 : 72c1a4;
20019 : 72c0a6;
20020 : 73bfa7;
20021 : 75bcaa;
20022 : 75bcad;
20023 : 73bcaf;
20024 : 73bbaf;
20025 : 73bbb1;
20026 : 74bbb4;
20027 : 74bbb7;
20028 : 74b9ba;
20029 : 73b9bb;
20030 : 70bbb6;
20031 : 70baaf;
20032 : 73b6b2;
20033 : 74b4b1;
20034 : 7abb9f;
20035 : 93d2ac;
20036 : 75aac1;
20037 : 42629d;
20038 : 7071a0;
20039 : cdb0e3;
20040 : f3b3ea;
20041 : ee99cd;
20042 : ed95c3;
20043 : ee99c2;
20044 : ea98c0;
20045 : e99ac1;
20046 : f4aed4;
20047 : fcbbe1;
20048 : fab8e1;
20049 : fbb3df;
20050 : fdb2dd;
20051 : fdb4dc;
20052 : fdb6dd;
20053 : ffb7df;
20054 : fcb3db;
20055 : fab2d9;
20056 : f9b1d9;
20057 : fcb4dc;
20058 : feb6de;
20059 : fdb6de;
20060 : fdb6de;
20061 : fdb6de;
20062 : fdb6de;
20063 : fdb6de;
20064 : fdb6de;
20065 : fdb6de;
20066 : fdb6de;
20067 : feb6de;
20068 : ffbae3;
20069 : ffbde7;
20070 : a75c85;
20071 : 863a63;
20072 : c16d99;
20073 : c26695;
20074 : c66495;
20075 : c36595;
20076 : c06695;
20077 : c46998;
20078 : c56a99;
20079 : 9e4271;
20080 : b75c8b;
20081 : ffaad8;
20082 : fa9fce;
20083 : f393c3;
20084 : f497c6;
20085 : f197c5;
20086 : ee97c4;
20087 : ffafdc;
20088 : cd7ba7;
20089 : a95581;
20090 : c16e99;
20091 : b86590;
20092 : a65480;
20093 : 853660;
20094 : 9b4f78;
20095 : f0aad3;
20096 : ffc3eb;
20097 : f9b4db;
20098 : fab6dd;
20099 : fab6dd;
20100 : fab6dd;
20101 : fab6dd;
20102 : fab5dc;
20103 : fab6dd;
20104 : fab6dd;
20105 : fcb6de;
20106 : feb6de;
20107 : fdb6de;
20108 : fdb6de;
20109 : fdb6de;
20110 : fdb6de;
20111 : fdb6de;
20112 : fdb6de;
20113 : feb7df;
20114 : fbb4dc;
20115 : f6aed6;
20116 : f8b0d8;
20117 : f6aed6;
20118 : eaa3cb;
20119 : f1aad2;
20120 : ffb8df;
20121 : ffb8df;
20122 : e8a9d8;
20123 : dc98c8;
20124 : ea98c2;
20125 : f29bc2;
20126 : fdaed6;
20127 : c98dbe;
20128 : 7c6aa2;
20129 : 728cbd;
20130 : 5d9dca;
20131 : 5096ca;
20132 : 5c8fce;
20133 : 5f90d1;
20134 : 559acf;
20135 : 539cd0;
20136 : 5795cf;
20137 : 5b99d1;
20138 : 66a1da;
20139 : 5d91d0;
20140 : 4576b9;
20141 : 3d6fb0;
20142 : 3e72b1;
20143 : 3979b0;
20144 : 3c7eb3;
20145 : 3e7cb2;
20146 : 3871a6;
20147 : 446893;
20148 : 645b72;
20149 : 844c50;
20150 : 974038;
20151 : 9e3b2f;
20152 : 983d2a;
20153 : 8e4126;
20154 : 914029;
20155 : a0362c;
20156 : a3362a;
20157 : 993f29;
20158 : 9f402f;
20159 : a33f32;
20160 : c3b7dd;
20161 : aa9ec8;
20162 : 8b81b0;
20163 : 8781b3;
20164 : 8583ba;
20165 : 8586bf;
20166 : 8287be;
20167 : 8486be;
20168 : 8587bd;
20169 : 7f8cb2;
20170 : 7995a3;
20171 : 709c91;
20172 : 6ba582;
20173 : 71b580;
20174 : 6eb97a;
20175 : 67b972;
20176 : 6abb75;
20177 : 70b974;
20178 : 71ba75;
20179 : 70ba77;
20180 : 6ebb79;
20181 : 69bc7d;
20182 : 68bb7b;
20183 : 68b877;
20184 : 68b879;
20185 : 68b77c;
20186 : 67b680;
20187 : 67b683;
20188 : 67b585;
20189 : 66b487;
20190 : 65b585;
20191 : 63b57d;
20192 : 64b27d;
20193 : 68af7b;
20194 : 7ac174;
20195 : 86cb7d;
20196 : 3f797e;
20197 : 1b458d;
20198 : 324690;
20199 : 645ba1;
20200 : caa2e3;
20201 : f5b9f1;
20202 : e89ecd;
20203 : f09ac3;
20204 : fa9ac3;
20205 : ea92ba;
20206 : e296bc;
20207 : f0aacf;
20208 : fdb8e0;
20209 : ffb7e1;
20210 : feb3dd;
20211 : fbb3d9;
20212 : fbb5db;
20213 : fdb6df;
20214 : feb7df;
20215 : feb7df;
20216 : ffb6de;
20217 : fdb5dd;
20218 : fdb5dd;
20219 : fdb5dd;
20220 : fcb5dd;
20221 : fcb5dd;
20222 : fdb6de;
20223 : fdb6de;
20224 : fdb6de;
20225 : fdb6de;
20226 : fdb6de;
20227 : fdb5de;
20228 : ffb9e3;
20229 : ffbce6;
20230 : ac5f88;
20231 : 873963;
20232 : c3719c;
20233 : ca719f;
20234 : c56796;
20235 : c16392;
20236 : c26493;
20237 : c36594;
20238 : c76798;
20239 : ab4a7a;
20240 : b45282;
20241 : fc9ecf;
20242 : ffa2d3;
20243 : f293c2;
20244 : f396c6;
20245 : f198c6;
20246 : ee97c4;
20247 : ffabd7;
20248 : d383ad;
20249 : 974671;
20250 : 9c4b76;
20251 : 883762;
20252 : 93446f;
20253 : be709a;
20254 : f3b0d8;
20255 : ffc8ef;
20256 : f8b5db;
20257 : f9b6dc;
20258 : fab6dd;
20259 : fab6dd;
20260 : fab6dd;
20261 : fab6dd;
20262 : f9b6dd;
20263 : fab6dd;
20264 : fab7dd;
20265 : fcb7de;
20266 : fdb6de;
20267 : fdb6de;
20268 : fdb6de;
20269 : fdb6de;
20270 : fdb6de;
20271 : fdb6de;
20272 : fdb6de;
20273 : fcb5dd;
20274 : fcb6de;
20275 : ffb8e0;
20276 : feb7df;
20277 : fab3db;
20278 : f7b0d8;
20279 : fab4dc;
20280 : ffbbe3;
20281 : f9b1db;
20282 : d998c9;
20283 : df99c8;
20284 : ed96be;
20285 : ffa7ce;
20286 : e7a5d2;
20287 : 8d69a1;
20288 : 7a7bb6;
20289 : 7495c9;
20290 : 5691c3;
20291 : 5294cb;
20292 : 5a92ce;
20293 : 5c92ce;
20294 : 5599cf;
20295 : 5599cf;
20296 : 5a97d0;
20297 : 5897d0;
20298 : 5a98d0;
20299 : 629cd7;
20300 : 5f93d1;
20301 : 4878b8;
20302 : 3b6cac;
20303 : 3a74ae;
20304 : 3c78b2;
20305 : 3e79b5;
20306 : 3d7ab5;
20307 : 4773a4;
20308 : 6b6685;
20309 : 945566;
20310 : ad4d51;
20311 : ba4b45;
20312 : c2483d;
20313 : b94f3a;
20314 : b6503f;
20315 : c54844;
20316 : c74741;
20317 : b94e3c;
20318 : bb4e3f;
20319 : bf4c42;
20320 : b9b8da;
20321 : a09ec4;
20322 : 8484ae;
20323 : 8486b5;
20324 : 8285b9;
20325 : 8386bb;
20326 : 8287bd;
20327 : 8488b9;
20328 : 8687b1;
20329 : 8184a4;
20330 : 9ba5af;
20331 : b7cec2;
20332 : 7ca881;
20333 : 4f9053;
20334 : 5bac62;
20335 : 61bb67;
20336 : 67bc69;
20337 : 6db766;
20338 : 71b665;
20339 : 71b866;
20340 : 6bba67;
20341 : 62bd69;
20342 : 63bc65;
20343 : 68bb61;
20344 : 67bb62;
20345 : 67bb62;
20346 : 67bb65;
20347 : 67bb68;
20348 : 67bb68;
20349 : 66ba69;
20350 : 66b86d;
20351 : 65b969;
20352 : 66b866;
20353 : 69b668;
20354 : 80c879;
20355 : 5fa06c;
20356 : 2d606e;
20357 : 3b6db7;
20358 : 4378d0;
20359 : 33509f;
20360 : 46498f;
20361 : b29cd8;
20362 : f5c4f6;
20363 : f6a7d6;
20364 : f993c4;
20365 : f394bf;
20366 : e992ba;
20367 : e790ba;
20368 : f2a0c7;
20369 : ffb2d8;
20370 : ffb8dd;
20371 : f9b5d9;
20372 : f9b4da;
20373 : fdb5dd;
20374 : fdb5dd;
20375 : feb6de;
20376 : feb6de;
20377 : fdb5dd;
20378 : fdb5dd;
20379 : fcb4dc;
20380 : fcb4dc;
20381 : fdb5dd;
20382 : fdb5dd;
20383 : fdb5dd;
20384 : feb6de;
20385 : feb6de;
20386 : feb6de;
20387 : feb6de;
20388 : feb7df;
20389 : ffbde4;
20390 : f0a9d2;
20391 : ae628b;
20392 : 8d3f69;
20393 : ac5a86;
20394 : bd6794;
20395 : bf6392;
20396 : c06191;
20397 : bf6191;
20398 : c36494;
20399 : ba5a8a;
20400 : b15080;
20401 : ec8bbd;
20402 : ffa4d5;
20403 : f196c5;
20404 : f196c5;
20405 : f199c7;
20406 : f19ac7;
20407 : fba7d3;
20408 : d888b3;
20409 : 974973;
20410 : aa5d87;
20411 : ce84ad;
20412 : f2abd4;
20413 : ffcdf5;
20414 : ffc7ee;
20415 : fdbae0;
20416 : f8b8dd;
20417 : f6b6dc;
20418 : fab6dd;
20419 : fab6dd;
20420 : fab6dd;
20421 : fab6dd;
20422 : fab6dd;
20423 : fbb7de;
20424 : fbb7de;
20425 : fcb6de;
20426 : fdb6de;
20427 : fdb6de;
20428 : fdb6de;
20429 : fdb6de;
20430 : fdb6de;
20431 : fdb6de;
20432 : fdb6de;
20433 : fdb6de;
20434 : fcb5dd;
20435 : fcb5dd;
20436 : fcb5dd;
20437 : fcb5dd;
20438 : fbb4dc;
20439 : fdb6dd;
20440 : ffb8e3;
20441 : ea9fcf;
20442 : d68fbc;
20443 : e899c2;
20444 : fba3ca;
20445 : f6acd8;
20446 : a77fb4;
20447 : 786eaa;
20448 : 7d8dca;
20449 : 6991c9;
20450 : 5493c7;
20451 : 5094cc;
20452 : 5a93cf;
20453 : 5d92ce;
20454 : 5897cc;
20455 : 5698cc;
20456 : 5a97cf;
20457 : 5a97d0;
20458 : 5995cf;
20459 : 5c95d0;
20460 : 6298d5;
20461 : 5f93d2;
20462 : 4a7dbc;
20463 : 3d6faf;
20464 : 3e72b0;
20465 : 3b78b2;
20466 : 357cb1;
20467 : 3b79a6;
20468 : 586b8d;
20469 : 7d5c79;
20470 : 92575a;
20471 : aa4d3e;
20472 : c83f39;
20473 : ca3f34;
20474 : bd4535;
20475 : be443a;
20476 : c2433b;
20477 : bf4638;
20478 : be4539;
20479 : bf443a;
20480 : a7b0ce;
20481 : 939cbc;
20482 : 7f87ae;
20483 : 8289b5;
20484 : 8188b7;
20485 : 8187b7;
20486 : 8287ba;
20487 : 818ab8;
20488 : 848cb1;
20489 : 807c9c;
20490 : b4a8ba;
20491 : fdf4f4;
20492 : e1e9d1;
20493 : 98b284;
20494 : 699258;
20495 : 5c965d;
20496 : 66aa6c;
20497 : 6ab871;
20498 : 66bf72;
20499 : 65bf70;
20500 : 64bb6d;
20501 : 6aba6e;
20502 : 6bba6c;
20503 : 68ba69;
20504 : 68ba6a;
20505 : 68ba6a;
20506 : 69bb6b;
20507 : 68bb6c;
20508 : 68ba6c;
20509 : 68ba6b;
20510 : 68b96b;
20511 : 68b869;
20512 : 66b563;
20513 : 73c074;
20514 : 7dc290;
20515 : 3f7a78;
20516 : 315e9c;
20517 : 4375cb;
20518 : 3a7bc2;
20519 : 4174b8;
20520 : 335995;
20521 : 465a8f;
20522 : a198c9;
20523 : e3b4ea;
20524 : efa3db;
20525 : ec96c6;
20526 : ef93bf;
20527 : f291bd;
20528 : ea8eb6;
20529 : ef9fc2;
20530 : fcb6d8;
20531 : fabadd;
20532 : fab7dc;
20533 : fdb5dd;
20534 : fdb5dd;
20535 : fdb5dd;
20536 : fdb5dd;
20537 : fdb5dd;
20538 : fdb5dd;
20539 : fcb4dc;
20540 : fcb4dc;
20541 : fcb4dc;
20542 : fdb5dd;
20543 : fdb5dd;
20544 : fdb6de;
20545 : fdb6de;
20546 : feb6de;
20547 : feb6de;
20548 : fcb4dc;
20549 : fcb7df;
20550 : ffc7ee;
20551 : ffbde5;
20552 : ca7da6;
20553 : 9c4f78;
20554 : 994a74;
20555 : 974470;
20556 : 98426f;
20557 : 9c4773;
20558 : 9d4875;
20559 : 994370;
20560 : 994370;
20561 : cc76a3;
20562 : f9a1ce;
20563 : f39bc8;
20564 : f098c5;
20565 : f098c5;
20566 : f29ac8;
20567 : ed99c6;
20568 : ed9fc9;
20569 : f9add6;
20570 : febde5;
20571 : ffccf2;
20572 : ffc9ef;
20573 : fabbe0;
20574 : f6b6da;
20575 : f9badf;
20576 : f5b8dd;
20577 : f5b6dc;
20578 : fab6dd;
20579 : fab6dd;
20580 : fab6dd;
20581 : fab6dd;
20582 : fbb7de;
20583 : fbb7de;
20584 : fbb7de;
20585 : fcb6de;
20586 : fdb6de;
20587 : fdb6de;
20588 : fdb6de;
20589 : fdb6de;
20590 : fdb6de;
20591 : fdb6de;
20592 : fdb6de;
20593 : fdb6de;
20594 : fcb5dd;
20595 : fcb5dd;
20596 : fcb5dd;
20597 : fbb4dc;
20598 : fbb4dc;
20599 : ffbae0;
20600 : f3acdb;
20601 : dd93c8;
20602 : e08fba;
20603 : f299bd;
20604 : ffb0d8;
20605 : d49bcc;
20606 : 786da8;
20607 : 6f85c4;
20608 : 6d91ce;
20609 : 5f90c9;
20610 : 5695cb;
20611 : 5396cd;
20612 : 5995ce;
20613 : 5b94cd;
20614 : 5b95cb;
20615 : 5996cc;
20616 : 5997ce;
20617 : 5c97cf;
20618 : 5c96cf;
20619 : 5b93ce;
20620 : 5d93cf;
20621 : 6599d7;
20622 : 6396d5;
20623 : 4f7dc0;
20624 : 3e6eae;
20625 : 3a78b0;
20626 : 317cb0;
20627 : 3079ab;
20628 : 47719b;
20629 : 666490;
20630 : 7a6170;
20631 : 9c574c;
20632 : c94144;
20633 : d43d3a;
20634 : c64338;
20635 : c1453b;
20636 : c7423e;
20637 : c5433b;
20638 : c1443a;
20639 : c1443a;
20640 : 94a4bd;
20641 : 8999b5;
20642 : 808db1;
20643 : 818cb4;
20644 : 818bb6;
20645 : 808ab6;
20646 : 818ab7;
20647 : 7d8db7;
20648 : 7d8db4;
20649 : 7f7ba0;
20650 : bfa7c6;
20651 : f5d0e5;
20652 : f2cfd4;
20653 : f6dad2;
20654 : d6c1b0;
20655 : 9fa182;
20656 : 729163;
20657 : 61a163;
20658 : 59b96c;
20659 : 5ac36c;
20660 : 64c06b;
20661 : 73b96b;
20662 : 70b76a;
20663 : 66ba6a;
20664 : 68ba6a;
20665 : 68ba6a;
20666 : 68ba68;
20667 : 68ba65;
20668 : 68ba65;
20669 : 68ba65;
20670 : 6bba61;
20671 : 68b75f;
20672 : 6aba62;
20673 : 86d183;
20674 : 65a788;
20675 : 326a8a;
20676 : 3f6dba;
20677 : 4375bd;
20678 : 4079ab;
20679 : 4279ab;
20680 : 497eaf;
20681 : 4e7eac;
20682 : 5e7aaa;
20683 : 8e8ac2;
20684 : caabe8;
20685 : e8ace5;
20686 : eb97cd;
20687 : f393c6;
20688 : f596c0;
20689 : e796b8;
20690 : e9a4c5;
20691 : f9b7dc;
20692 : ffb8e1;
20693 : fdb5dd;
20694 : fdb5dd;
20695 : fdb5dd;
20696 : fdb5dd;
20697 : fdb5dd;
20698 : fdb5dd;
20699 : fdb5dd;
20700 : feb5dd;
20701 : feb5dd;
20702 : feb5dd;
20703 : feb5dd;
20704 : feb4dd;
20705 : feb4dd;
20706 : feb5de;
20707 : feb6de;
20708 : fdb6de;
20709 : feb6de;
20710 : ffb4dd;
20711 : ffbce5;
20712 : ffc1ea;
20713 : fcb5dd;
20714 : f1acd5;
20715 : e7a3cb;
20716 : e5a0c7;
20717 : e6a1c8;
20718 : e8a1c9;
20719 : e7a1c8;
20720 : e39dc5;
20721 : e39cc4;
20722 : e99dc6;
20723 : ef98c5;
20724 : ef97c4;
20725 : ed97c3;
20726 : ef97c5;
20727 : eb96c2;
20728 : f1a6cf;
20729 : ffc2ea;
20730 : ffc4e9;
20731 : f9bde1;
20732 : f8badf;
20733 : f3b6db;
20734 : f3b6db;
20735 : f8badf;
20736 : f5b7dc;
20737 : f6b7dc;
20738 : f9b5dc;
20739 : fab5dd;
20740 : fab6dd;
20741 : fab6dd;
20742 : fbb7de;
20743 : fbb7de;
20744 : fbb7de;
20745 : fcb6de;
20746 : fdb6de;
20747 : fdb6de;
20748 : fdb6de;
20749 : fdb6de;
20750 : fdb6de;
20751 : fdb6de;
20752 : fdb6de;
20753 : fdb6de;
20754 : fdb6de;
20755 : fdb6de;
20756 : fdb6de;
20757 : fcb5dd;
20758 : fcb5dd;
20759 : ffbbe1;
20760 : e7a1d1;
20761 : db8ec2;
20762 : eb93ba;
20763 : f89ec3;
20764 : f8afda;
20765 : b18fc3;
20766 : 6876af;
20767 : 6090c9;
20768 : 6296cf;
20769 : 5e94cc;
20770 : 5995cb;
20771 : 5796cc;
20772 : 5896cc;
20773 : 5b95cc;
20774 : 5e94cd;
20775 : 5c96ce;
20776 : 5a97ce;
20777 : 5b96ce;
20778 : 5c95ce;
20779 : 5d94ce;
20780 : 5c94cf;
20781 : 5e95d0;
20782 : 649ad6;
20783 : 5f91d2;
20784 : 4879b6;
20785 : 3972aa;
20786 : 3479ae;
20787 : 2f7bb0;
20788 : 3a76a8;
20789 : 4d6da1;
20790 : 5e6989;
20791 : 815f6b;
20792 : ad4959;
20793 : bb4042;
20794 : b4423a;
20795 : b64039;
20796 : b93d38;
20797 : b43e35;
20798 : ae3e34;
20799 : ad3c32;
20800 : 91a0ba;
20801 : 8a98b5;
20802 : 8391b2;
20803 : 818eb3;
20804 : 7f8bb3;
20805 : 7f8bb4;
20806 : 808bb5;
20807 : 7d8eb4;
20808 : 7b89ad;
20809 : 7f7ba0;
20810 : c9b1d4;
20811 : ffd3f3;
20812 : eab3ce;
20813 : f7bed5;
20814 : ffc9da;
20815 : f5ccc4;
20816 : cdbba1;
20817 : 8ea074;
20818 : 659b5c;
20819 : 5fac5c;
20820 : 68b966;
20821 : 6ebb68;
20822 : 6cbb67;
20823 : 69bc66;
20824 : 69bc65;
20825 : 69bd63;
20826 : 69bd5f;
20827 : 69be5d;
20828 : 69be5c;
20829 : 6abf5a;
20830 : 6cbd54;
20831 : 6ab859;
20832 : 7dca71;
20833 : 7fc97e;
20834 : 3d7d6e;
20835 : 33689e;
20836 : 4578bb;
20837 : 4174a9;
20838 : 4272a5;
20839 : 477aae;
20840 : 5086bb;
20841 : 5c95c8;
20842 : 6693c5;
20843 : 667caf;
20844 : 7e7fb8;
20845 : c3a7e6;
20846 : eaaeee;
20847 : f099d3;
20848 : f598c7;
20849 : e69bbe;
20850 : da99ba;
20851 : eca6cf;
20852 : ffb6e3;
20853 : ffb8df;
20854 : fdb5dd;
20855 : fdb5dd;
20856 : fdb5dd;
20857 : fdb5dd;
20858 : fdb5dd;
20859 : fdb5dd;
20860 : feb4dd;
20861 : ffb4dd;
20862 : ffb4dd;
20863 : ffb4dd;
20864 : ffb4dd;
20865 : ffb4dd;
20866 : ffb4de;
20867 : feb5de;
20868 : feb6de;
20869 : ffb5de;
20870 : ffb4de;
20871 : ffb3dd;
20872 : ffb7e1;
20873 : ffbde5;
20874 : fdb9e2;
20875 : f7b6dc;
20876 : f5b7dc;
20877 : f6b4db;
20878 : f5b3d9;
20879 : fcbce2;
20880 : ffc8f0;
20881 : fbbbe2;
20882 : e39bc2;
20883 : e593be;
20884 : ed96c4;
20885 : ef98c5;
20886 : f199c6;
20887 : e894c0;
20888 : e89ec7;
20889 : feb8e0;
20890 : fcbfe4;
20891 : f6bee0;
20892 : f7bce0;
20893 : f5b9dd;
20894 : f5b8dc;
20895 : f7b9de;
20896 : f7b9dd;
20897 : f8b8dd;
20898 : fab6dd;
20899 : fab6dd;
20900 : fbb7de;
20901 : fbb7de;
20902 : fbb7de;
20903 : fbb7de;
20904 : fbb7de;
20905 : fcb6de;
20906 : fdb6de;
20907 : fdb6de;
20908 : fdb6de;
20909 : fdb6de;
20910 : fdb6de;
20911 : fdb6de;
20912 : fdb6de;
20913 : fdb6de;
20914 : fdb6de;
20915 : fdb6de;
20916 : fdb6de;
20917 : fcb5dd;
20918 : ffb9e1;
20919 : fcb6dc;
20920 : df96c4;
20921 : e291c0;
20922 : f199bc;
20923 : f7a3c8;
20924 : e4abdd;
20925 : 9283bc;
20926 : 5e7fb1;
20927 : 5e9cc6;
20928 : 5f9ece;
20929 : 5e98cb;
20930 : 5d95c8;
20931 : 5b95ca;
20932 : 5996cb;
20933 : 5a96cd;
20934 : 5f94ce;
20935 : 5e95ce;
20936 : 5a98cd;
20937 : 5b96ce;
20938 : 5d95ce;
20939 : 5e96cf;
20940 : 5d96d0;
20941 : 5d94d0;
20942 : 5c94d0;
20943 : 609dd8;
20944 : 5a90c8;
20945 : 416fa6;
20946 : 3a73a9;
20947 : 357db5;
20948 : 3279b1;
20949 : 3a75ae;
20950 : 4671a3;
20951 : 60658d;
20952 : 855b76;
20953 : a15d63;
20954 : a65650;
20955 : b54c4a;
20956 : bc5049;
20957 : b35949;
20958 : b15b4f;
20959 : b25a51;
20960 : 8d9ab4;
20961 : 8a97b3;
20962 : 8995b6;
20963 : 838fb4;
20964 : 7e8cb1;
20965 : 7e8cb1;
20966 : 7e8db3;
20967 : 808eaf;
20968 : 7d86a2;
20969 : 7f7b9b;
20970 : cfbbdc;
20971 : ffdcfc;
20972 : eab9d7;
20973 : f0b6d7;
20974 : f4b8d8;
20975 : fabfd3;
20976 : fecad4;
20977 : eecbc7;
20978 : bfb5a1;
20979 : 839b73;
20980 : 619d64;
20981 : 58b26e;
20982 : 60bd73;
20983 : 6abb6f;
20984 : 68b96d;
20985 : 69b96b;
20986 : 69ba68;
20987 : 68bb65;
20988 : 68bb62;
20989 : 68bc5f;
20990 : 6ab75d;
20991 : 76bd72;
20992 : 7ec584;
20993 : 4d935f;
20994 : 306b7b;
20995 : 4473c8;
20996 : 4275c1;
20997 : 386da8;
20998 : 3b6aad;
20999 : 4878ba;
21000 : 5b8ecf;
21001 : 6198d3;
21002 : 6897cb;
21003 : 7390c0;
21004 : 6f7aac;
21005 : 8b82c4;
21006 : d2a8f1;
21007 : fbabeb;
21008 : f499ca;
21009 : e89fc2;
21010 : dea0c0;
21011 : df95c1;
21012 : f5a6d5;
21013 : feb7de;
21014 : feb6de;
21015 : feb5de;
21016 : fcb4dc;
21017 : fdb5dd;
21018 : fdb5dd;
21019 : fdb5dd;
21020 : feb4dd;
21021 : ffb4dd;
21022 : ffb4dd;
21023 : ffb4dd;
21024 : ffb4dd;
21025 : ffb4dd;
21026 : ffb5de;
21027 : ffb5de;
21028 : ffb5de;
21029 : ffb4de;
21030 : ffb4de;
21031 : ffb5df;
21032 : ffb6e0;
21033 : fab0d8;
21034 : e19bc2;
21035 : d792b9;
21036 : db96bd;
21037 : dc96be;
21038 : da94bb;
21039 : dc95bd;
21040 : eda5cd;
21041 : f9b2d9;
21042 : e9a1c8;
21043 : e696c1;
21044 : ed97c4;
21045 : f098c5;
21046 : f199c7;
21047 : e692be;
21048 : e398c2;
21049 : fab7dd;
21050 : fbc0e4;
21051 : f3bde0;
21052 : f7bce0;
21053 : f7bade;
21054 : f6b9de;
21055 : f7b8dd;
21056 : f9b9de;
21057 : fab8de;
21058 : fbb7de;
21059 : fbb7de;
21060 : fbb7de;
21061 : fbb7de;
21062 : fbb7de;
21063 : fbb7de;
21064 : fbb7de;
21065 : fcb6de;
21066 : fdb6de;
21067 : fdb6de;
21068 : fdb6de;
21069 : fdb6de;
21070 : fdb6de;
21071 : fdb6de;
21072 : fdb6de;
21073 : fdb6de;
21074 : fdb6de;
21075 : fdb6de;
21076 : fdb6de;
21077 : fcb5dd;
21078 : ffbde5;
21079 : f6b1d9;
21080 : d78db8;
21081 : e795bf;
21082 : f49cbd;
21083 : f4a4cc;
21084 : cf9fd7;
21085 : 7c79b3;
21086 : 608bb5;
21087 : 5fa3c1;
21088 : 5c9ec7;
21089 : 5f98c7;
21090 : 6294c5;
21091 : 5f95c6;
21092 : 5a98ca;
21093 : 5997ce;
21094 : 6095d0;
21095 : 6095cf;
21096 : 5b96cc;
21097 : 5d95cd;
21098 : 5d95ce;
21099 : 5d95ce;
21100 : 5d95cf;
21101 : 5e95d0;
21102 : 5a94cf;
21103 : 559cd3;
21104 : 67a0d4;
21105 : 5983b6;
21106 : 3a68a1;
21107 : 3272af;
21108 : 327bb8;
21109 : 317bb5;
21110 : 3674b2;
21111 : 4766a3;
21112 : 707194;
21113 : b19da1;
21114 : ca948e;
21115 : d97778;
21116 : df7e78;
21117 : cd8a76;
21118 : ca8c7d;
21119 : ce8b80;
21120 : 809dad;
21121 : 809aae;
21122 : 7f96b2;
21123 : 7e91b3;
21124 : 7d8db5;
21125 : 7f8bb5;
21126 : 7f8bb5;
21127 : 818bb4;
21128 : 7a82a6;
21129 : 807d9b;
21130 : d3c1dc;
21131 : fddcfc;
21132 : edbde0;
21133 : f7bbdc;
21134 : fbbdd8;
21135 : f2bed2;
21136 : f7bacf;
21137 : ffbed3;
21138 : ffc5d3;
21139 : e6bdb8;
21140 : a1a98b;
21141 : 6a9f6c;
21142 : 5ea76d;
21143 : 65b375;
21144 : 68bc74;
21145 : 69bf6e;
21146 : 6dbd69;
21147 : 6db666;
21148 : 6eb56a;
21149 : 6cb46b;
21150 : 6bb565;
21151 : 7ec780;
21152 : 71b589;
21153 : 37746d;
21154 : 386d94;
21155 : 4576be;
21156 : 4173ba;
21157 : 366aaf;
21158 : 3a6db6;
21159 : 4f80c8;
21160 : 6091d5;
21161 : 6797d8;
21162 : 6995d3;
21163 : 6e97cf;
21164 : 6e94cc;
21165 : 6b7fbd;
21166 : 8d85c5;
21167 : d4a9e6;
21168 : f5ace5;
21169 : f29ccd;
21170 : ee98c4;
21171 : e392bb;
21172 : e196c0;
21173 : f6afdb;
21174 : ffb9e5;
21175 : f9b7e1;
21176 : f9b6e0;
21177 : fdb5df;
21178 : ffb4de;
21179 : ffb3db;
21180 : ffb4dd;
21181 : ffb4de;
21182 : ffb4de;
21183 : ffb4de;
21184 : ffb4de;
21185 : ffb5de;
21186 : ffb5de;
21187 : ffb5de;
21188 : ffb6df;
21189 : ffb5df;
21190 : ffb6df;
21191 : feb4dd;
21192 : ffb5de;
21193 : fcb1da;
21194 : e99fc8;
21195 : dd95bd;
21196 : e098c0;
21197 : e399c2;
21198 : e499c2;
21199 : e398c1;
21200 : e397c1;
21201 : eba0ca;
21202 : ec9ec9;
21203 : ed98c4;
21204 : ee98c5;
21205 : ee98c5;
21206 : ee9bc7;
21207 : e494be;
21208 : e298c1;
21209 : fbb5dd;
21210 : febde2;
21211 : f8b9dc;
21212 : fab9dd;
21213 : f9b8dd;
21214 : f9b8dc;
21215 : fab8dc;
21216 : fab8dc;
21217 : fab8dc;
21218 : fab8de;
21219 : fab8de;
21220 : fab8de;
21221 : fab8de;
21222 : fab8de;
21223 : fab8de;
21224 : fab8de;
21225 : fbb7de;
21226 : fbb7de;
21227 : fbb7de;
21228 : fbb7de;
21229 : fbb7de;
21230 : fbb7de;
21231 : fbb7de;
21232 : fcb7de;
21233 : fdb6de;
21234 : fbb7de;
21235 : fbb8de;
21236 : fab7dd;
21237 : fab7de;
21238 : ffbee5;
21239 : eea7cf;
21240 : d38cb2;
21241 : ea98bf;
21242 : fb99c3;
21243 : ee9ecb;
21244 : a991c1;
21245 : 627aac;
21246 : 6690c0;
21247 : 6b97c8;
21248 : 5e96c8;
21249 : 5d96c8;
21250 : 6096c9;
21251 : 6097c9;
21252 : 5e97ca;
21253 : 5e97cb;
21254 : 6098cd;
21255 : 5f97ce;
21256 : 5e97ce;
21257 : 5e97ce;
21258 : 5e97ce;
21259 : 5e96ce;
21260 : 5e97ce;
21261 : 5f97cf;
21262 : 5d96ce;
21263 : 5796ca;
21264 : 63a0d3;
21265 : 669ed4;
21266 : 3f78af;
21267 : 2e6ba6;
21268 : 3778b6;
21269 : 3579b7;
21270 : 3678b5;
21271 : 3871aa;
21272 : 4a6f9f;
21273 : 9193ac;
21274 : c6999a;
21275 : ca786b;
21276 : ce7b6c;
21277 : c68072;
21278 : bf8375;
21279 : bf8374;
21280 : 7b9da9;
21281 : 7b99ab;
21282 : 7995ad;
21283 : 7b91b1;
21284 : 7e8db6;
21285 : 7f8bb6;
21286 : 808ab5;
21287 : 818cb8;
21288 : 7683aa;
21289 : 7d809d;
21290 : c7bcd3;
21291 : fadef8;
21292 : fccdeb;
21293 : fcbada;
21294 : feb5d2;
21295 : fdbbd1;
21296 : feb8cf;
21297 : ffb5cd;
21298 : feb9cb;
21299 : fbcace;
21300 : edd8cb;
21301 : c7c5ad;
21302 : 8fa381;
21303 : 6a996c;
21304 : 64ab6c;
21305 : 5ebe6b;
21306 : 5ec165;
21307 : 65bd64;
21308 : 6bba67;
21309 : 6eb867;
21310 : 6ebc67;
21311 : 7fca83;
21312 : 5a9c7d;
21313 : 356f7e;
21314 : 3e73a5;
21315 : 4275b6;
21316 : 3e73b4;
21317 : 3a6fb3;
21318 : 497dc5;
21319 : 6293da;
21320 : 6798db;
21321 : 6694d5;
21322 : 6893d3;
21323 : 6896d2;
21324 : 6897d4;
21325 : 6b8ecc;
21326 : 6b78b5;
21327 : 8d7db8;
21328 : d6a5de;
21329 : f5a9de;
21330 : ee97c7;
21331 : eb94bf;
21332 : e190b9;
21333 : e498c3;
21334 : f9b0db;
21335 : febae4;
21336 : f9b7e0;
21337 : fcb5dd;
21338 : ffb4dd;
21339 : ffb2dd;
21340 : ffb3de;
21341 : ffb4de;
21342 : ffb4de;
21343 : ffb4de;
21344 : ffb5de;
21345 : ffb5de;
21346 : ffb5de;
21347 : ffb5de;
21348 : ffb6df;
21349 : ffb6df;
21350 : ffb6df;
21351 : ffb5de;
21352 : ffb4dd;
21353 : feb3dd;
21354 : f3a6d0;
21355 : e197c0;
21356 : e197bf;
21357 : e398c1;
21358 : e499c1;
21359 : e599c2;
21360 : e699c3;
21361 : e89cc6;
21362 : ea9bc6;
21363 : ee98c5;
21364 : ef98c5;
21365 : ee99c6;
21366 : ee9cc7;
21367 : e494bf;
21368 : e399c1;
21369 : fcb5dd;
21370 : ffbbe1;
21371 : fab8db;
21372 : fab8dc;
21373 : f9b8dc;
21374 : fab8dc;
21375 : fab8dc;
21376 : fab8dc;
21377 : fab8dc;
21378 : fab8de;
21379 : fab8de;
21380 : fab8de;
21381 : fab8de;
21382 : fab8de;
21383 : fab8de;
21384 : fab8de;
21385 : fbb7de;
21386 : fbb7de;
21387 : fbb7de;
21388 : fbb7de;
21389 : fbb7de;
21390 : fbb7de;
21391 : fbb7de;
21392 : fcb7de;
21393 : fdb6de;
21394 : fbb7de;
21395 : fbb8de;
21396 : f9b7dd;
21397 : fdb9e0;
21398 : ffb9e1;
21399 : e59cc4;
21400 : d98fb7;
21401 : ee9ac3;
21402 : fc9ac7;
21403 : e499c9;
21404 : 8a7dab;
21405 : 5c81b1;
21406 : 6895c9;
21407 : 6a91c8;
21408 : 5f94c9;
21409 : 5d96c9;
21410 : 5f97ca;
21411 : 5f97ca;
21412 : 5f97ca;
21413 : 6097cb;
21414 : 6198ca;
21415 : 5f98cc;
21416 : 5e97cf;
21417 : 5e97ce;
21418 : 5e97ce;
21419 : 5e97ce;
21420 : 5e97ce;
21421 : 5e97ce;
21422 : 5e97ce;
21423 : 5e96cb;
21424 : 5c99cd;
21425 : 65a3d9;
21426 : 5997ce;
21427 : 3572ab;
21428 : 316eab;
21429 : 3979b8;
21430 : 397bb7;
21431 : 377ab4;
21432 : 396fa9;
21433 : 5c6d9b;
21434 : 977b8f;
21435 : b87a74;
21436 : be7568;
21437 : bf776f;
21438 : c18075;
21439 : be8072;
21440 : 7c9caa;
21441 : 7b98ab;
21442 : 7a94ad;
21443 : 7c90b1;
21444 : 7e8db6;
21445 : 7f8bb6;
21446 : 808ab5;
21447 : 818cb6;
21448 : 7d8bae;
21449 : 7b87a2;
21450 : 858b9c;
21451 : bab2bd;
21452 : f7dae6;
21453 : ffd4e8;
21454 : febcd5;
21455 : ffb1cb;
21456 : ffb4ce;
21457 : fdb9d1;
21458 : f7bdd2;
21459 : f5c0d1;
21460 : f7c4d1;
21461 : ffcbd6;
21462 : f5cdcf;
21463 : beb7a7;
21464 : 7b9b76;
21465 : 56a161;
21466 : 58b766;
21467 : 62c469;
21468 : 64c264;
21469 : 64be5c;
21470 : 75c56f;
21471 : 72ba82;
21472 : 3e8174;
21473 : 377393;
21474 : 4278b9;
21475 : 4276c0;
21476 : 3d73b6;
21477 : 4075b7;
21478 : 588ad2;
21479 : 699be1;
21480 : 6596da;
21481 : 6493d4;
21482 : 6893d3;
21483 : 6894d2;
21484 : 6894d0;
21485 : 6994d1;
21486 : 6c8ec9;
21487 : 6d7ab1;
21488 : 8a7caf;
21489 : cca3d3;
21490 : eaa7d6;
21491 : f098c7;
21492 : f197c3;
21493 : e18fb7;
21494 : e999c0;
21495 : feb2d9;
21496 : ffb7df;
21497 : fdb6dd;
21498 : fcb5dd;
21499 : fcb5df;
21500 : feb5df;
21501 : ffb5de;
21502 : ffb5de;
21503 : ffb5de;
21504 : ffb5de;
21505 : ffb5de;
21506 : ffb5de;
21507 : ffb5de;
21508 : ffb6df;
21509 : ffb6df;
21510 : ffb6df;
21511 : ffb4dd;
21512 : feb3dc;
21513 : ffb4dd;
21514 : f8add6;
21515 : e499c2;
21516 : df94bd;
21517 : e297c0;
21518 : e498c2;
21519 : e598c2;
21520 : e699c3;
21521 : e79ac4;
21522 : e99bc5;
21523 : ed99c6;
21524 : ef9ac6;
21525 : ef9ac6;
21526 : ee9cc8;
21527 : e294be;
21528 : e399c2;
21529 : fcb6de;
21530 : ffbce1;
21531 : f9b8db;
21532 : fab8dc;
21533 : fab8dc;
21534 : fab8dc;
21535 : fab8dc;
21536 : fab8dc;
21537 : fab8dc;
21538 : fab8de;
21539 : fab8de;
21540 : fab8de;
21541 : fab8de;
21542 : fab8de;
21543 : fab8de;
21544 : fab8de;
21545 : fab8de;
21546 : fab8de;
21547 : fab8de;
21548 : fab8de;
21549 : fab8de;
21550 : fab8de;
21551 : fab8de;
21552 : fab8de;
21553 : fbb7de;
21554 : fbb7de;
21555 : fab6dd;
21556 : fcb8df;
21557 : ffbee5;
21558 : fab1da;
21559 : e196bf;
21560 : e596c0;
21561 : f199c6;
21562 : f7a0ce;
21563 : d095c6;
21564 : 7974a6;
21565 : 648bbe;
21566 : 6799cd;
21567 : 6492c4;
21568 : 5f96c8;
21569 : 5d96c9;
21570 : 5f97ca;
21571 : 5f97ca;
21572 : 5f97ca;
21573 : 5f97ca;
21574 : 6098cb;
21575 : 5f98cc;
21576 : 5e97ce;
21577 : 5e97ce;
21578 : 5e97ce;
21579 : 5e97ce;
21580 : 5e97ce;
21581 : 5e97ce;
21582 : 5e97ce;
21583 : 5f98ce;
21584 : 5c96cc;
21585 : 5d99d0;
21586 : 68a5dc;
21587 : 4d8bc4;
21588 : 2c6aa6;
21589 : 3574b0;
21590 : 3b7bb9;
21591 : 387aba;
21592 : 3876b7;
21593 : 426aa6;
21594 : 676b93;
21595 : 9e7b8c;
21596 : b97b7b;
21597 : bf7870;
21598 : c37d74;
21599 : c17c73;
21600 : 7d9dab;
21601 : 7c99ab;
21602 : 7b95ae;
21603 : 7c91b1;
21604 : 7e8db6;
21605 : 7f8bb6;
21606 : 7f8ab5;
21607 : 848ab5;
21608 : 838ab0;
21609 : 8394ae;
21610 : 779096;
21611 : 6f897a;
21612 : 99a591;
21613 : d2ccc1;
21614 : f3dcde;
21615 : ffcfd9;
21616 : f9c1cf;
21617 : f7b9cf;
21618 : fcb6d2;
21619 : ffb5d5;
21620 : fdb4d4;
21621 : fcb2d3;
21622 : ffc2db;
21623 : ffd3dc;
21624 : dcc9c2;
21625 : 9dab8e;
21626 : 779d6b;
21627 : 6ba661;
21628 : 64b962;
21629 : 5cc25e;
21630 : 77c97a;
21631 : 5da27d;
21632 : 31727f;
21633 : 3d79b2;
21634 : 407ac5;
21635 : 3f75bf;
21636 : 3b71b5;
21637 : 4579bd;
21638 : 6091d9;
21639 : 6597dd;
21640 : 6091d5;
21641 : 6293d5;
21642 : 6595d4;
21643 : 6894d2;
21644 : 6793d1;
21645 : 5f94cf;
21646 : 5f96cf;
21647 : 6692c7;
21648 : 667daf;
21649 : 8880af;
21650 : d7a9d9;
21651 : f3a4d6;
21652 : f197c5;
21653 : ed98c3;
21654 : e38fb9;
21655 : ed9cc2;
21656 : ffb4d9;
21657 : ffb7df;
21658 : fab5df;
21659 : f9b7e0;
21660 : fcb7de;
21661 : ffb6de;
21662 : ffb5de;
21663 : ffb5de;
21664 : ffb6df;
21665 : ffb6df;
21666 : ffb4df;
21667 : ffb4df;
21668 : ffb6df;
21669 : ffb6df;
21670 : ffb6df;
21671 : ffb4dd;
21672 : ffb5de;
21673 : ffb5de;
21674 : ffb3dc;
21675 : f2a7d0;
21676 : e499c2;
21677 : e196bf;
21678 : e598c3;
21679 : e699c3;
21680 : e79ac4;
21681 : e89ac4;
21682 : e99ac5;
21683 : ec99c5;
21684 : ec99c5;
21685 : ee9bc7;
21686 : ee9dc8;
21687 : e397c0;
21688 : e299c2;
21689 : fab5dd;
21690 : ffbde2;
21691 : fab8dc;
21692 : fbb9dd;
21693 : fab8dc;
21694 : fab8dc;
21695 : fab8dc;
21696 : fab8dc;
21697 : fab8dc;
21698 : fab8de;
21699 : fab8de;
21700 : fab8de;
21701 : fab8de;
21702 : fab8de;
21703 : fab8de;
21704 : fab8de;
21705 : fab8de;
21706 : fab8de;
21707 : fab8de;
21708 : fab8de;
21709 : fab8de;
21710 : fab8de;
21711 : fab8de;
21712 : fab8de;
21713 : fbb7de;
21714 : fbb7de;
21715 : fbb6de;
21716 : fdb8e0;
21717 : ffbce4;
21718 : f3a7d0;
21719 : e190bc;
21720 : f19ac7;
21721 : f299c6;
21722 : f0a7d4;
21723 : b68fc0;
21724 : 6d77ac;
21725 : 6494ca;
21726 : 6097cc;
21727 : 6093c5;
21728 : 5e96c8;
21729 : 5e96c9;
21730 : 5f97ca;
21731 : 5f97ca;
21732 : 5f97ca;
21733 : 5f97ca;
21734 : 6098cb;
21735 : 5f98cc;
21736 : 5e97ce;
21737 : 5e97ce;
21738 : 5e97ce;
21739 : 5e97ce;
21740 : 5e97ce;
21741 : 5e97ce;
21742 : 5e97ce;
21743 : 5f97ce;
21744 : 5f98d0;
21745 : 5b95cd;
21746 : 619dd5;
21747 : 63a1db;
21748 : 417eba;
21749 : 2d6ca7;
21750 : 3a76b4;
21751 : 3d78b8;
21752 : 3876b9;
21753 : 3a70b2;
21754 : 4d699f;
21755 : 7f7696;
21756 : b28188;
21757 : c47a72;
21758 : c3766f;
21759 : c17771;
21760 : 7d9dab;
21761 : 7c99ab;
21762 : 7b95ae;
21763 : 7c91b1;
21764 : 7e8db6;
21765 : 7f8bb6;
21766 : 7e8bb5;
21767 : 8589b4;
21768 : 8787b1;
21769 : 7f91ae;
21770 : 79a09d;
21771 : 71a57f;
21772 : 689e66;
21773 : 6c9c6c;
21774 : 8cb594;
21775 : c3d0bb;
21776 : eaddd3;
21777 : fad5d9;
21778 : ffbed3;
21779 : ffb1d0;
21780 : feb4d7;
21781 : ffbadc;
21782 : fbbad6;
21783 : f8bcd1;
21784 : ffc7d9;
21785 : ffcbd6;
21786 : dfbab5;
21787 : 9f9d80;
21788 : 68965d;
21789 : 65b769;
21790 : 77c489;
21791 : 4d8d7e;
21792 : 337095;
21793 : 3f7bc2;
21794 : 3f7bc4;
21795 : 3d74ba;
21796 : 3d70b5;
21797 : 4f81c7;
21798 : 6395dc;
21799 : 6192d7;
21800 : 5e8fd3;
21801 : 6293d5;
21802 : 6393d5;
21803 : 6493d3;
21804 : 6593d2;
21805 : 5e95d0;
21806 : 5997cf;
21807 : 5b97d0;
21808 : 6392c6;
21809 : 687aab;
21810 : a08bbc;
21811 : e4aee0;
21812 : e89fd1;
21813 : ea9bc8;
21814 : e998c3;
21815 : e28eb8;
21816 : f2a1c8;
21817 : ffb6dc;
21818 : fcb6e0;
21819 : f7b6e1;
21820 : fcb7df;
21821 : ffb6dd;
21822 : fdb6de;
21823 : feb6de;
21824 : ffb6df;
21825 : ffb6df;
21826 : ffb5df;
21827 : ffb5df;
21828 : ffb5de;
21829 : ffb5de;
21830 : ffb5de;
21831 : ffb5de;
21832 : ffb5de;
21833 : ffb4dd;
21834 : ffb6df;
21835 : ffb7e1;
21836 : f9add7;
21837 : ec9fc9;
21838 : e598c2;
21839 : e497c1;
21840 : e799c3;
21841 : e89bc4;
21842 : e89ac4;
21843 : ea97c4;
21844 : ec97c4;
21845 : ed9ac5;
21846 : ef9fc9;
21847 : e597c1;
21848 : dc93bc;
21849 : f5b0d8;
21850 : ffc0e5;
21851 : fbb9dd;
21852 : fab8dc;
21853 : fab8dc;
21854 : fab8dc;
21855 : fab8dc;
21856 : fab8dc;
21857 : fab8dc;
21858 : fab8de;
21859 : fab8de;
21860 : fab8de;
21861 : fab8de;
21862 : fab8de;
21863 : fab8de;
21864 : fab8de;
21865 : fab8de;
21866 : fab8de;
21867 : fab8de;
21868 : fab8de;
21869 : fab8de;
21870 : fab8de;
21871 : fab8de;
21872 : fab8de;
21873 : fbb7de;
21874 : fbb7de;
21875 : fbb7de;
21876 : ffb8e0;
21877 : feb3dc;
21878 : eb9ac5;
21879 : e894c0;
21880 : f59bc9;
21881 : ef9ac8;
21882 : e1a9d5;
21883 : 9888b9;
21884 : 637fb6;
21885 : 6299d2;
21886 : 5d96cc;
21887 : 5e95c7;
21888 : 5e95c7;
21889 : 5e96c9;
21890 : 5f97ca;
21891 : 5f97ca;
21892 : 5f97ca;
21893 : 5f97ca;
21894 : 6098cb;
21895 : 5f98cc;
21896 : 5e97ce;
21897 : 5e97ce;
21898 : 5e97ce;
21899 : 5e97ce;
21900 : 5e97ce;
21901 : 5e97ce;
21902 : 5e97ce;
21903 : 5f96cf;
21904 : 6096d0;
21905 : 5d96ce;
21906 : 5995cd;
21907 : 639fd9;
21908 : 5e9ad6;
21909 : 3675b1;
21910 : 316ba7;
21911 : 4273b1;
21912 : 3c76b4;
21913 : 3875b5;
21914 : 3f6da7;
21915 : 667099;
21916 : a37f8d;
21917 : c47d78;
21918 : c47773;
21919 : c17776;
21920 : 7d9dab;
21921 : 7c99ab;
21922 : 7b95ae;
21923 : 7c91b1;
21924 : 7e8db6;
21925 : 7f8bb6;
21926 : 7f8ab5;
21927 : 8389b4;
21928 : 848bb5;
21929 : 7e92b0;
21930 : 7a9e96;
21931 : 76ae76;
21932 : 71b662;
21933 : 69b164;
21934 : 60a76c;
21935 : 6ea575;
21936 : 92b48e;
21937 : c3ceb8;
21938 : efdeda;
21939 : fdd4df;
21940 : f8c0d4;
21941 : f8bad1;
21942 : fcb7d0;
21943 : ffb7d3;
21944 : ffb6d4;
21945 : ffb8d8;
21946 : ffc3de;
21947 : f9ccd5;
21948 : c2b8aa;
21949 : 9bb692;
21950 : 72b191;
21951 : 3e7d83;
21952 : 3c75ab;
21953 : 3f79c3;
21954 : 3e79bc;
21955 : 3e75b4;
21956 : 4877be;
21957 : 5c8bd5;
21958 : 6194d9;
21959 : 5e90d5;
21960 : 6293d7;
21961 : 6394d6;
21962 : 6293d5;
21963 : 6293d5;
21964 : 6393d4;
21965 : 6094ce;
21966 : 5c96cd;
21967 : 5996cf;
21968 : 6196d0;
21969 : 6c8cc5;
21970 : 7273a8;
21971 : af98c9;
21972 : e1b0e2;
21973 : e39dce;
21974 : e59ecb;
21975 : e797c2;
21976 : e48fb9;
21977 : f4a2c9;
21978 : ffb6df;
21979 : fcb6e3;
21980 : fbb7df;
21981 : fcb7de;
21982 : fdb6de;
21983 : feb6de;
21984 : feb6de;
21985 : ffb5de;
21986 : ffb4de;
21987 : ffb4de;
21988 : ffb4dd;
21989 : ffb4dd;
21990 : ffb4dd;
21991 : ffb4dd;
21992 : ffb4dd;
21993 : ffb5de;
21994 : ffb6df;
21995 : ffb6e0;
21996 : fdb0da;
21997 : f2a4cf;
21998 : e698c2;
21999 : e596c0;
22000 : e89ac4;
22001 : e99bc5;
22002 : ea9ac5;
22003 : eb9ac5;
22004 : eb99c5;
22005 : ec9ac5;
22006 : ec9cc6;
22007 : e398c2;
22008 : d68fb8;
22009 : e7a4cb;
22010 : ffbde1;
22011 : fcbade;
22012 : f9b7db;
22013 : fab8dc;
22014 : fab8dc;
22015 : fab8dc;
22016 : fab8dc;
22017 : fab8dc;
22018 : fab8de;
22019 : fab8de;
22020 : fab8de;
22021 : fab8de;
22022 : fab8de;
22023 : fab8de;
22024 : fab8de;
22025 : f9b9de;
22026 : f9b9de;
22027 : f9b9de;
22028 : f9b9de;
22029 : f9b9de;
22030 : f9b9de;
22031 : f9b9de;
22032 : f9b9de;
22033 : fab8de;
22034 : fab8de;
22035 : fbb8de;
22036 : ffbae2;
22037 : f5a9d2;
22038 : e590bd;
22039 : f095c2;
22040 : f497c6;
22041 : f1a2d0;
22042 : c99eca;
22043 : 7b7dae;
22044 : 608bc4;
22045 : 5e9ad7;
22046 : 5b93cd;
22047 : 6194c6;
22048 : 5f96c8;
22049 : 5e96c9;
22050 : 5f97ca;
22051 : 5f97ca;
22052 : 5f97ca;
22053 : 5f97ca;
22054 : 6098cb;
22055 : 5f98cc;
22056 : 5e97ce;
22057 : 5e97ce;
22058 : 5e97ce;
22059 : 5e97ce;
22060 : 5e97ce;
22061 : 5e97ce;
22062 : 5e97ce;
22063 : 5f96cf;
22064 : 5f95ce;
22065 : 5c94ce;
22066 : 5992cd;
22067 : 5b97d0;
22068 : 66a3dc;
22069 : 508fc9;
22070 : 356faa;
22071 : 3c70ac;
22072 : 3e79b2;
22073 : 3879b4;
22074 : 3673ae;
22075 : 4f6f9f;
22076 : 8a7a92;
22077 : b77f81;
22078 : c17878;
22079 : c0787a;
22080 : 7d9dab;
22081 : 7c99ab;
22082 : 7b95ae;
22083 : 7c91b1;
22084 : 7e8db6;
22085 : 7f8bb6;
22086 : 818ab5;
22087 : 7f8bb5;
22088 : 7e90b8;
22089 : 7d92b2;
22090 : 7d9c94;
22091 : 7ead6e;
22092 : 7bba59;
22093 : 75bc62;
22094 : 72ba75;
22095 : 71b376;
22096 : 68a66e;
22097 : 6da578;
22098 : 9bbfa1;
22099 : d2d6ca;
22100 : fbdbe1;
22101 : ffcadb;
22102 : ffb3cc;
22103 : feaecc;
22104 : fbb3d3;
22105 : f9b7db;
22106 : f6b7db;
22107 : fcc4e0;
22108 : ffd0e1;
22109 : f0d6d5;
22110 : 79a99c;
22111 : 2b6e80;
22112 : 4279b6;
22113 : 4079c3;
22114 : 3d77b5;
22115 : 3d74ab;
22116 : 527fc7;
22117 : 6692df;
22118 : 6092d7;
22119 : 5f90d6;
22120 : 6494d8;
22121 : 6293d5;
22122 : 6192d4;
22123 : 6192d4;
22124 : 6192d4;
22125 : 6492cc;
22126 : 6293cd;
22127 : 5c94d2;
22128 : 5c92d1;
22129 : 6e93d1;
22130 : 7381b8;
22131 : 7a7aa9;
22132 : c2a4d4;
22133 : e5a7de;
22134 : df9cce;
22135 : ea9ecb;
22136 : e793be;
22137 : e28eb7;
22138 : f5a6cf;
22139 : ffb7e4;
22140 : fcb8e1;
22141 : fab8dd;
22142 : fdb7de;
22143 : fdb6de;
22144 : fdb5dd;
22145 : ffb4dd;
22146 : ffb3dd;
22147 : ffb3dd;
22148 : ffb4dd;
22149 : ffb4dd;
22150 : ffb4dd;
22151 : ffb5de;
22152 : ffb5de;
22153 : ffb4dd;
22154 : ffb6df;
22155 : feb2dc;
22156 : f2a5cf;
22157 : ea9dc7;
22158 : eb9dc7;
22159 : ea9cc6;
22160 : ea9cc6;
22161 : ec9bc6;
22162 : ec9ac5;
22163 : ec9bc6;
22164 : eb9ac5;
22165 : eb9ac5;
22166 : ea9ac5;
22167 : e79cc5;
22168 : dd99c0;
22169 : d796bc;
22170 : edacd0;
22171 : ffbfe2;
22172 : febde0;
22173 : fab8dc;
22174 : fab8dc;
22175 : fab8dc;
22176 : fab8dc;
22177 : fab8dc;
22178 : fab8de;
22179 : fab8de;
22180 : fab8de;
22181 : fab8de;
22182 : fab8de;
22183 : fab8de;
22184 : fab8de;
22185 : f9b9de;
22186 : f9b9de;
22187 : f9b9de;
22188 : f9b9de;
22189 : f9b9de;
22190 : f9b9de;
22191 : f9b9de;
22192 : f9b9de;
22193 : fab8de;
22194 : fab8de;
22195 : fdbae1;
22196 : feb8df;
22197 : e99bc5;
22198 : e58fbc;
22199 : f394c4;
22200 : f495c4;
22201 : f8abd8;
22202 : af8db6;
22203 : 6574a2;
22204 : 6091cc;
22205 : 5a96d8;
22206 : 5d92ce;
22207 : 6291c5;
22208 : 5f95c8;
22209 : 5e96c9;
22210 : 5f97ca;
22211 : 5f97ca;
22212 : 5f97ca;
22213 : 5f97ca;
22214 : 6098cb;
22215 : 5f98cc;
22216 : 5e97ce;
22217 : 5e97ce;
22218 : 5e97ce;
22219 : 5e97ce;
22220 : 5e97ce;
22221 : 5e97ce;
22222 : 5e97ce;
22223 : 5f96cf;
22224 : 5d94cf;
22225 : 5b93ce;
22226 : 5d95d0;
22227 : 5995cf;
22228 : 5d9ad3;
22229 : 619fd6;
22230 : 4480bd;
22231 : 356fb0;
22232 : 3a78b2;
22233 : 3479b3;
22234 : 3378b6;
22235 : 4371a8;
22236 : 727395;
22237 : a57c89;
22238 : c07a7a;
22239 : c17777;
22240 : 7a9fa8;
22241 : 7898ab;
22242 : 7891b4;
22243 : 7b8db5;
22244 : 7e8db3;
22245 : 818db5;
22246 : 828cb9;
22247 : 7f8bbe;
22248 : 7c90bc;
22249 : 7b97a7;
22250 : 7aa38a;
22251 : 7bb274;
22252 : 79b866;
22253 : 76ba63;
22254 : 77bc69;
22255 : 72bb6d;
22256 : 6bbb6c;
22257 : 63b769;
22258 : 63ad6a;
22259 : 7da77b;
22260 : b4b3a4;
22261 : ecc8d0;
22262 : ffd0e5;
22263 : ffc2dc;
22264 : f6b6d3;
22265 : f3b4d8;
22266 : f8b2dd;
22267 : fab4de;
22268 : ffc1e6;
22269 : fdcde9;
22270 : 748baa;
22271 : 2a6390;
22272 : 437dba;
22273 : 3e7cc1;
22274 : 3874b6;
22275 : 3d70b3;
22276 : 5a88d2;
22277 : 6697e0;
22278 : 5d92d5;
22279 : 5e92d6;
22280 : 6193d9;
22281 : 6193d6;
22282 : 6093d5;
22283 : 6093d5;
22284 : 6192d5;
22285 : 6592d0;
22286 : 6293d0;
22287 : 5d94d5;
22288 : 5c94d4;
22289 : 6492cf;
22290 : 748fca;
22291 : 6a7db3;
22292 : 8783b7;
22293 : d6aee3;
22294 : e8ade3;
22295 : ea98cd;
22296 : f097c7;
22297 : e593be;
22298 : e096bf;
22299 : f5adda;
22300 : ffb9e2;
22301 : fcb5dd;
22302 : fdb6dd;
22303 : feb6de;
22304 : ffb4dd;
22305 : ffb4dd;
22306 : ffb4dd;
22307 : ffb4dd;
22308 : ffb4dd;
22309 : ffb4dd;
22310 : ffb4dd;
22311 : ffb4dd;
22312 : ffb4dd;
22313 : ffb6df;
22314 : feb3dc;
22315 : f3a7d1;
22316 : e79cc5;
22317 : e69bc4;
22318 : ea9dc7;
22319 : ea9dc7;
22320 : e99cc6;
22321 : e99bc5;
22322 : e99bc5;
22323 : ea9bc5;
22324 : ea9bc5;
22325 : e99bc5;
22326 : e99bc5;
22327 : e99bc5;
22328 : e99cc6;
22329 : e396c0;
22330 : de96be;
22331 : eba6cd;
22332 : fcb8df;
22333 : fdbae1;
22334 : fab8dd;
22335 : fab9de;
22336 : f7b7db;
22337 : f7b6db;
22338 : f9b7dd;
22339 : fab8de;
22340 : fbb9df;
22341 : fab8de;
22342 : fab8de;
22343 : fab8de;
22344 : fab8de;
22345 : fab8de;
22346 : fab8de;
22347 : fab8de;
22348 : fab8de;
22349 : fab8de;
22350 : fab8de;
22351 : fab8de;
22352 : fbb7de;
22353 : feb6e0;
22354 : fab9e0;
22355 : fabfe3;
22356 : f1abd3;
22357 : e78fbc;
22358 : f394c4;
22359 : f199c9;
22360 : ffa6d1;
22361 : dca6c9;
22362 : 687ba0;
22363 : 5482b4;
22364 : 6a94d2;
22365 : 6293cf;
22366 : 5d94ca;
22367 : 6093ca;
22368 : 6195cd;
22369 : 6195cd;
22370 : 6295cd;
22371 : 6295cd;
22372 : 6295cd;
22373 : 6295cd;
22374 : 6295ce;
22375 : 6295ce;
22376 : 6195ce;
22377 : 6195ce;
22378 : 6195ce;
22379 : 6195ce;
22380 : 6195ce;
22381 : 6195ce;
22382 : 6195ce;
22383 : 6094cd;
22384 : 5f93cd;
22385 : 5d94cd;
22386 : 5e95ce;
22387 : 5f96cf;
22388 : 5d96ce;
22389 : 659ed4;
22390 : 4f8ec7;
22391 : 2f6dac;
22392 : 3f6db1;
22393 : 4071b7;
22394 : 3475b7;
22395 : 3876aa;
22396 : 5a7399;
22397 : 8f7892;
22398 : b47a81;
22399 : b77a7d;
22400 : 799fa5;
22401 : 7597ab;
22402 : 7790b6;
22403 : 7b8db8;
22404 : 7e8db5;
22405 : 818db5;
22406 : 828bbc;
22407 : 808bc1;
22408 : 7d90bb;
22409 : 7b98a1;
22410 : 78a687;
22411 : 78b376;
22412 : 77b86b;
22413 : 76b965;
22414 : 76bb66;
22415 : 73bb6a;
22416 : 70bc6a;
22417 : 6dbf6a;
22418 : 6cbc6b;
22419 : 6fac6d;
22420 : 789b74;
22421 : 8e9c87;
22422 : b5b0a4;
22423 : e4d1cb;
22424 : fed7e7;
22425 : ffbbe3;
22426 : ffa7df;
22427 : fca8e4;
22428 : ffc3fb;
22429 : ddb9e9;
22430 : 496090;
22431 : 366aa1;
22432 : 4782c2;
22433 : 3b7ac0;
22434 : 356fb4;
22435 : 4274ba;
22436 : 6391db;
22437 : 6698df;
22438 : 5d92d6;
22439 : 5d93d6;
22440 : 6093d8;
22441 : 6092d5;
22442 : 5f92d3;
22443 : 5f92d4;
22444 : 6091d4;
22445 : 6490d3;
22446 : 6292d4;
22447 : 5e94d5;
22448 : 5c94d4;
22449 : 6394d2;
22450 : 6a8ec8;
22451 : 718dc4;
22452 : 6e7aaf;
22453 : a092c3;
22454 : e4b8ed;
22455 : eda2d7;
22456 : eb96c6;
22457 : ec9ac6;
22458 : df96be;
22459 : de9bc2;
22460 : f4add5;
22461 : ffb6de;
22462 : fdb5dd;
22463 : feb3dc;
22464 : ffb4dd;
22465 : ffb4dd;
22466 : ffb4dd;
22467 : ffb4dd;
22468 : ffb4dd;
22469 : ffb4dd;
22470 : ffb4dd;
22471 : ffb4dd;
22472 : ffb6df;
22473 : ffb5de;
22474 : f5aad3;
22475 : e79dc6;
22476 : e498c2;
22477 : e79ac4;
22478 : e79bc5;
22479 : e89ac4;
22480 : e99bc5;
22481 : e99bc5;
22482 : e99ac4;
22483 : e799c3;
22484 : e89ac4;
22485 : e89ac4;
22486 : e89bc5;
22487 : e99ac4;
22488 : ea9ac4;
22489 : ed9dc7;
22490 : e89cc5;
22491 : db94bc;
22492 : dd96be;
22493 : f3aed5;
22494 : fdbbe1;
22495 : fcbae0;
22496 : fabae0;
22497 : f9badf;
22498 : fab8de;
22499 : f9b7dd;
22500 : fab8de;
22501 : fbb9df;
22502 : fab8de;
22503 : fab8de;
22504 : fab8de;
22505 : fab8de;
22506 : fab8de;
22507 : fab8de;
22508 : fab8de;
22509 : fab8de;
22510 : fab8de;
22511 : f9b8de;
22512 : fbb7df;
22513 : feb3e0;
22514 : febbe3;
22515 : f5badf;
22516 : e39ac2;
22517 : ec8fbd;
22518 : f797c6;
22519 : f29dca;
22520 : feafd9;
22521 : a785aa;
22522 : 50769e;
22523 : 6198ce;
22524 : 6b94d2;
22525 : 6492cb;
22526 : 5f95c9;
22527 : 6294cc;
22528 : 6295cf;
22529 : 6295cf;
22530 : 6295ce;
22531 : 6295ce;
22532 : 6295ce;
22533 : 6295ce;
22534 : 6295ce;
22535 : 6295ce;
22536 : 6295ce;
22537 : 6295ce;
22538 : 6295ce;
22539 : 6295ce;
22540 : 6295ce;
22541 : 6295ce;
22542 : 6295ce;
22543 : 6194cd;
22544 : 6195cd;
22545 : 6095cd;
22546 : 5e96cd;
22547 : 5f96ce;
22548 : 5f96cd;
22549 : 6199cf;
22550 : 5b9bd1;
22551 : 3979b5;
22552 : 3b66ab;
22553 : 4673ba;
22554 : 3476b8;
22555 : 3277ac;
22556 : 4c719a;
22557 : 7b7494;
22558 : a67c88;
22559 : ae8189;
22560 : 789ea5;
22561 : 7597aa;
22562 : 7790b4;
22563 : 7a8db6;
22564 : 7e8cb5;
22565 : 818cb7;
22566 : 828bbd;
22567 : 808bc1;
22568 : 7c90ba;
22569 : 7b98a2;
22570 : 79a587;
22571 : 79b373;
22572 : 77b967;
22573 : 75ba66;
22574 : 76bb69;
22575 : 75b96b;
22576 : 73b969;
22577 : 71bb69;
22578 : 6fbb6a;
22579 : 6fb86b;
22580 : 73b671;
22581 : 6dad70;
22582 : 67a368;
22583 : 80a879;
22584 : bfbdb4;
22585 : fccbea;
22586 : ffb9f0;
22587 : feacea;
22588 : ffcbff;
22589 : b99fd7;
22590 : 314e87;
22591 : 3d70ae;
22592 : 427cc3;
22593 : 3875bf;
22594 : 356db5;
22595 : 4c7ec2;
22596 : 6495da;
22597 : 6093d9;
22598 : 5b90d4;
22599 : 5b91d5;
22600 : 5e92d7;
22601 : 5f91d5;
22602 : 5f92d4;
22603 : 5e92d4;
22604 : 5f91d4;
22605 : 6490d4;
22606 : 6292d5;
22607 : 5e93d6;
22608 : 5e94d6;
22609 : 6194d4;
22610 : 6690cb;
22611 : 6d90ca;
22612 : 6f8bbf;
22613 : 7179aa;
22614 : b49bd0;
22615 : f1b6ec;
22616 : f2a3d5;
22617 : ea9ac6;
22618 : e79dc2;
22619 : df96bb;
22620 : e398c0;
22621 : fbb0d9;
22622 : ffb7e0;
22623 : feb3dc;
22624 : ffb4dd;
22625 : ffb4dd;
22626 : ffb4dd;
22627 : ffb4dd;
22628 : ffb4dd;
22629 : ffb4dd;
22630 : ffb4dd;
22631 : ffb4dd;
22632 : ffb6df;
22633 : fcb2db;
22634 : efa4cd;
22635 : e99cc6;
22636 : e89ac4;
22637 : e799c3;
22638 : e699c3;
22639 : e89ac4;
22640 : eb9bc6;
22641 : ed9bc7;
22642 : e999c4;
22643 : e699c3;
22644 : e699c3;
22645 : e598c2;
22646 : e699c3;
22647 : e79ac4;
22648 : e79ac4;
22649 : e79ac4;
22650 : e89bc5;
22651 : e89cc6;
22652 : e094be;
22653 : dd95bd;
22654 : eda8cf;
22655 : fdbbe1;
22656 : febfe3;
22657 : fbbce1;
22658 : fbb9df;
22659 : fab7dd;
22660 : f9b7dd;
22661 : fab8de;
22662 : fab8de;
22663 : fab8de;
22664 : fab8de;
22665 : fab8de;
22666 : fab8de;
22667 : fab8de;
22668 : fab8de;
22669 : fab8de;
22670 : fab8de;
22671 : f9b8de;
22672 : fbb7df;
22673 : feb5e1;
22674 : fdbae3;
22675 : e9a8cd;
22676 : e293ba;
22677 : f698c4;
22678 : f198c4;
22679 : f3a8ce;
22680 : d79ec9;
22681 : 7a709f;
22682 : 618cb9;
22683 : 689cd6;
22684 : 648fcd;
22685 : 6293ca;
22686 : 6196ca;
22687 : 6493cb;
22688 : 6394ce;
22689 : 6295ce;
22690 : 6295ce;
22691 : 6295ce;
22692 : 6295ce;
22693 : 6295ce;
22694 : 6295ce;
22695 : 6295ce;
22696 : 6295ce;
22697 : 6295ce;
22698 : 6295ce;
22699 : 6295ce;
22700 : 6295ce;
22701 : 6295ce;
22702 : 6295ce;
22703 : 6195ce;
22704 : 6195ce;
22705 : 6195ce;
22706 : 6096ce;
22707 : 5f96ce;
22708 : 5f96ce;
22709 : 5e95cc;
22710 : 64a3da;
22711 : 5491cc;
22712 : 3b6baa;
22713 : 3d73b6;
22714 : 327bbc;
22715 : 307ab3;
22716 : 3d71a1;
22717 : 616e95;
22718 : a3758d;
22719 : b87e93;
22720 : 779da4;
22721 : 7596a9;
22722 : 7790b4;
22723 : 7a8cb7;
22724 : 7e8cb6;
22725 : 818cb7;
22726 : 828bbe;
22727 : 7f8bc2;
22728 : 7b91b9;
22729 : 79999f;
22730 : 77a684;
22731 : 78b370;
22732 : 75b866;
22733 : 74b967;
22734 : 74bb6a;
22735 : 6fbb6b;
22736 : 70ba69;
22737 : 73b967;
22738 : 75bb68;
22739 : 75bc68;
22740 : 71bb67;
22741 : 6abb66;
22742 : 67ba67;
22743 : 64ab6a;
22744 : 729a79;
22745 : a5a3a3;
22746 : e2bdce;
22747 : fac9e1;
22748 : ffd7fb;
22749 : a589ba;
22750 : 314b8d;
22751 : 3e72bb;
22752 : 3c75c0;
22753 : 3572bc;
22754 : 3971b7;
22755 : 5588c9;
22756 : 6296d8;
22757 : 5c91d5;
22758 : 5a8fd3;
22759 : 5a90d4;
22760 : 5d90d5;
22761 : 5d8fd3;
22762 : 5d90d2;
22763 : 5e91d3;
22764 : 5e90d3;
22765 : 6290d4;
22766 : 6292d6;
22767 : 5f92d7;
22768 : 5d93d6;
22769 : 5e93d4;
22770 : 6494d3;
22771 : 6793d1;
22772 : 6a92ca;
22773 : 6981b6;
22774 : 8177b1;
22775 : cca0db;
22776 : f6b2e9;
22777 : eba0cf;
22778 : ea9ac3;
22779 : ef9ac3;
22780 : e292bc;
22781 : e89bc5;
22782 : fcb1db;
22783 : ffb6e0;
22784 : ffb4dd;
22785 : ffb4dd;
22786 : ffb4dd;
22787 : feb4dd;
22788 : ffb5de;
22789 : ffb4dd;
22790 : ffb4dd;
22791 : ffb4dd;
22792 : ffb5de;
22793 : fcb1da;
22794 : f2a7d0;
22795 : ec9fc9;
22796 : e89ac4;
22797 : e193bd;
22798 : df91bb;
22799 : e193bd;
22800 : e595bf;
22801 : e592bd;
22802 : e595bf;
22803 : e79ac4;
22804 : e598c2;
22805 : e194be;
22806 : df92bc;
22807 : e295bf;
22808 : e79ac4;
22809 : e598c2;
22810 : e798c3;
22811 : eb9bc5;
22812 : ea9dc7;
22813 : e499c2;
22814 : de97bf;
22815 : e9a5cc;
22816 : f9b9dd;
22817 : fcbce1;
22818 : fbb9df;
22819 : fcbae0;
22820 : fab8de;
22821 : f8b6dc;
22822 : fab8de;
22823 : fab8de;
22824 : fbb9df;
22825 : fab8de;
22826 : fab8de;
22827 : fab8de;
22828 : fab8de;
22829 : fab8de;
22830 : fab8de;
22831 : fab9de;
22832 : fab7de;
22833 : ffb9e6;
22834 : f7b3dc;
22835 : df98be;
22836 : ec94bd;
22837 : fa9ac7;
22838 : efa0cd;
22839 : e4adcf;
22840 : a085b1;
22841 : 6679ad;
22842 : 659cce;
22843 : 6096d3;
22844 : 638dcb;
22845 : 6395cb;
22846 : 6196c9;
22847 : 6792cc;
22848 : 6593ce;
22849 : 6494ce;
22850 : 6494ce;
22851 : 6494ce;
22852 : 6494ce;
22853 : 6494ce;
22854 : 6494ce;
22855 : 6394ce;
22856 : 6295ce;
22857 : 6295ce;
22858 : 6295ce;
22859 : 6295ce;
22860 : 6295ce;
22861 : 6295ce;
22862 : 6295ce;
22863 : 6295ce;
22864 : 6295ce;
22865 : 6295ce;
22866 : 6295ce;
22867 : 6096ce;
22868 : 5f96ce;
22869 : 5e94cc;
22870 : 639ed6;
22871 : 6aa4dd;
22872 : 467bb6;
22873 : 356faf;
22874 : 337cbd;
22875 : 317cbb;
22876 : 3675ad;
22877 : 4c6e9d;
22878 : 897791;
22879 : a58599;
22880 : 769ca3;
22881 : 7496a9;
22882 : 7690b5;
22883 : 7a8cb8;
22884 : 7e8cb8;
22885 : 818cba;
22886 : 828ac0;
22887 : 7f8bc3;
22888 : 7b91b8;
22889 : 79999d;
22890 : 76a680;
22891 : 77b46d;
22892 : 73b764;
22893 : 72b867;
22894 : 72b96c;
22895 : 6eba6b;
22896 : 6ebb68;
22897 : 73b967;
22898 : 77b766;
22899 : 76b765;
22900 : 74b863;
22901 : 72b961;
22902 : 73ba66;
22903 : 73ba75;
22904 : 6bae7c;
22905 : 689f77;
22906 : 7b9c73;
22907 : b3ba9d;
22908 : dccfce;
22909 : 867396;
22910 : 365096;
22911 : 3e73c2;
22912 : 3c74c2;
22913 : 3570bb;
22914 : 3b73b6;
22915 : 578bcb;
22916 : 6198d9;
22917 : 5b92d5;
22918 : 5b90d4;
22919 : 5d92d6;
22920 : 5e92d7;
22921 : 5f91d4;
22922 : 5e91d3;
22923 : 5f92d4;
22924 : 6092d4;
22925 : 6191d5;
22926 : 6192d5;
22927 : 6193d4;
22928 : 5f92d5;
22929 : 6093d4;
22930 : 6092d2;
22931 : 6093d2;
22932 : 6392cf;
22933 : 7191cb;
22934 : 777fbc;
22935 : 8a76b4;
22936 : caa2da;
22937 : efb6e7;
22938 : eda1d1;
22939 : f297c9;
22940 : ec97c4;
22941 : e093bd;
22942 : ea9dc7;
22943 : feb1db;
22944 : ffb6df;
22945 : feb3dc;
22946 : fbb3dc;
22947 : fcb4dc;
22948 : ffb5de;
22949 : ffb4dd;
22950 : ffb4dd;
22951 : ffb4dd;
22952 : ffb4dd;
22953 : ffb5de;
22954 : f9aed7;
22955 : eda1cb;
22956 : e599c3;
22957 : de92bb;
22958 : d98bb5;
22959 : dd8fb9;
22960 : e395bf;
22961 : e595bf;
22962 : ef9fca;
22963 : f8acd5;
22964 : f6a9d3;
22965 : f3a6d1;
22966 : eb9ec7;
22967 : df92bc;
22968 : df92bc;
22969 : e497c1;
22970 : e798c2;
22971 : e999c4;
22972 : e99cc6;
22973 : eb9ec8;
22974 : e79cc6;
22975 : dd95be;
22976 : e49ec6;
22977 : f6b2d9;
22978 : fcbae0;
22979 : fcbbe1;
22980 : fdbbe1;
22981 : f9b7dd;
22982 : f9b7dd;
22983 : fab8de;
22984 : fbb9df;
22985 : fbb9df;
22986 : fab8de;
22987 : fab8de;
22988 : fab8de;
22989 : fab8de;
22990 : fab8de;
22991 : fab8de;
22992 : fbb9e0;
22993 : feb7e4;
22994 : eaa2cb;
22995 : e291b9;
22996 : f899c6;
22997 : f798c9;
22998 : edadda;
22999 : be9fc4;
23000 : 7174a2;
23001 : 648dc4;
23002 : 619ed3;
23003 : 5c90cd;
23004 : 6891ce;
23005 : 6396ca;
23006 : 6196ca;
23007 : 6891ce;
23008 : 6692ce;
23009 : 6593ce;
23010 : 6593ce;
23011 : 6593ce;
23012 : 6593ce;
23013 : 6593ce;
23014 : 6593ce;
23015 : 6494ce;
23016 : 6295ce;
23017 : 6295ce;
23018 : 6295ce;
23019 : 6295ce;
23020 : 6295ce;
23021 : 6295ce;
23022 : 6295ce;
23023 : 6295ce;
23024 : 6295ce;
23025 : 6195ce;
23026 : 6195ce;
23027 : 6195ce;
23028 : 6095ce;
23029 : 5e94cd;
23030 : 5f96ce;
23031 : 6ea5dd;
23032 : 568dc5;
23033 : 306ca8;
23034 : 3076b5;
23035 : 327aba;
23036 : 3476b4;
23037 : 4072a5;
23038 : 6c7b93;
23039 : 878f9f;
23040 : 769ca2;
23041 : 7496a9;
23042 : 7690b4;
23043 : 7a8cb9;
23044 : 7e8cb9;
23045 : 818cbb;
23046 : 828ac2;
23047 : 7f8bc5;
23048 : 7a92b8;
23049 : 779a9c;
23050 : 76a67e;
23051 : 77b36a;
23052 : 72b661;
23053 : 6fb866;
23054 : 70b86c;
23055 : 71b869;
23056 : 71b769;
23057 : 71b769;
23058 : 71b768;
23059 : 70b767;
23060 : 72b768;
23061 : 73b867;
23062 : 77b867;
23063 : 77b870;
23064 : 6cb97a;
23065 : 65b671;
23066 : 62a856;
23067 : 79ac6a;
23068 : 96b3a4;
23069 : 56668a;
23070 : 3c5ca4;
23071 : 4374c3;
23072 : 3971be;
23073 : 356fb9;
23074 : 3c73b6;
23075 : 578ccb;
23076 : 619adc;
23077 : 5993d6;
23078 : 5a8fd3;
23079 : 5c91d5;
23080 : 5d90d6;
23081 : 5e90d4;
23082 : 5e91d3;
23083 : 5e91d3;
23084 : 5f91d4;
23085 : 6093d5;
23086 : 6093d5;
23087 : 6193d3;
23088 : 6292d3;
23089 : 6292d3;
23090 : 6193d2;
23091 : 5f93d3;
23092 : 6092d2;
23093 : 6994d0;
23094 : 7594d0;
23095 : 6e7fb7;
23096 : 7979ac;
23097 : c1aadb;
23098 : ecb3e8;
23099 : ed97d0;
23100 : f19ac9;
23101 : ea9bc3;
23102 : e092bc;
23103 : ed9fc9;
23104 : ffb2dd;
23105 : ffb5de;
23106 : f9b3da;
23107 : fbb2da;
23108 : feb3dc;
23109 : ffb3dc;
23110 : ffb4dd;
23111 : ffb4dd;
23112 : ffb4dd;
23113 : ffb5de;
23114 : feb3dc;
23115 : f8afd7;
23116 : f4acd4;
23117 : f2aad2;
23118 : f1a6cf;
23119 : f4a8d1;
23120 : f8acd5;
23121 : fdafd9;
23122 : ffb4de;
23123 : ffb7e1;
23124 : ffb6e0;
23125 : ffb7e0;
23126 : ffb5df;
23127 : efa2cc;
23128 : db8fb9;
23129 : de93bc;
23130 : e598c2;
23131 : e699c3;
23132 : e89bc5;
23133 : e89ac5;
23134 : e89bc5;
23135 : e699c3;
23136 : e294be;
23137 : e499c2;
23138 : f0aed4;
23139 : fcbce1;
23140 : fdbce2;
23141 : fcbae0;
23142 : fab8de;
23143 : f9b7dd;
23144 : fab8de;
23145 : fab8de;
23146 : fab8de;
23147 : fab8de;
23148 : fab8de;
23149 : fab8de;
23150 : fab8de;
23151 : fab8de;
23152 : febce3;
23153 : f5aed8;
23154 : df95be;
23155 : ed96c0;
23156 : fb9ac8;
23157 : fa9fd2;
23158 : dfaadc;
23159 : 8a85ae;
23160 : 617eac;
23161 : 669dd1;
23162 : 5796cd;
23163 : 5e8eca;
23164 : 6c92cc;
23165 : 6296c7;
23166 : 6196cc;
23167 : 6991d0;
23168 : 6892ce;
23169 : 6693ce;
23170 : 6693ce;
23171 : 6693ce;
23172 : 6693ce;
23173 : 6693ce;
23174 : 6793ce;
23175 : 6494ce;
23176 : 6195ce;
23177 : 6295ce;
23178 : 6295ce;
23179 : 6295ce;
23180 : 6295ce;
23181 : 6295ce;
23182 : 6295ce;
23183 : 6295ce;
23184 : 6295ce;
23185 : 6295ce;
23186 : 6295ce;
23187 : 6195ce;
23188 : 6195ce;
23189 : 6095ce;
23190 : 5e90cc;
23191 : 6698d3;
23192 : 649bd1;
23193 : 3775ac;
23194 : 2a6eaa;
23195 : 3274b6;
23196 : 3678b6;
23197 : 3a74aa;
23198 : 646e9b;
23199 : 857ea9;
23200 : 769ca1;
23201 : 7496a9;
23202 : 7690b4;
23203 : 7a8cb8;
23204 : 7e8cb8;
23205 : 818cbb;
23206 : 8289c3;
23207 : 7f8bc5;
23208 : 7a92b8;
23209 : 779a9a;
23210 : 76a77c;
23211 : 76b368;
23212 : 70b55f;
23213 : 6eb766;
23214 : 70b66c;
23215 : 75b367;
23216 : 75b468;
23217 : 6fb66b;
23218 : 6bb86c;
23219 : 6bb96c;
23220 : 6cb86d;
23221 : 6cb86e;
23222 : 71b769;
23223 : 72b868;
23224 : 6eba72;
23225 : 6aba69;
23226 : 6db858;
23227 : 84c679;
23228 : 6fab9f;
23229 : 2d6392;
23230 : 3e67af;
23231 : 4674bf;
23232 : 3a73bd;
23233 : 3570b6;
23234 : 3c73b4;
23235 : 588dcb;
23236 : 619bdd;
23237 : 5992d7;
23238 : 5a8fd3;
23239 : 5c91d5;
23240 : 5d90d5;
23241 : 5e90d4;
23242 : 5e91d3;
23243 : 5e91d3;
23244 : 6091d4;
23245 : 5f93d2;
23246 : 5f94d2;
23247 : 6192d2;
23248 : 6492d0;
23249 : 6492d0;
23250 : 6491d2;
23251 : 6292d3;
23252 : 6093d4;
23253 : 6094d1;
23254 : 6595cf;
23255 : 6a96c9;
23256 : 6282b1;
23257 : 7a7fae;
23258 : c8a3d6;
23259 : f2a9e2;
23260 : ef99c8;
23261 : ef9bc4;
23262 : e998c3;
23263 : e093bd;
23264 : eca0c9;
23265 : fdb3dc;
23266 : fcb4dd;
23267 : fbb2db;
23268 : fdb2db;
23269 : feb3dc;
23270 : ffb4dd;
23271 : ffb5de;
23272 : feb3dc;
23273 : feb3dc;
23274 : ffb5de;
23275 : feb6df;
23276 : feb9e0;
23277 : ffb9e1;
23278 : ffb8e0;
23279 : ffb7df;
23280 : ffb6de;
23281 : ffb6df;
23282 : ffb5de;
23283 : fdb3dc;
23284 : fdb3db;
23285 : ffb4dd;
23286 : ffb9e1;
23287 : ffb9e1;
23288 : f1a6cf;
23289 : dc92ba;
23290 : da8eb8;
23291 : e095be;
23292 : e69ac4;
23293 : e99cc6;
23294 : e99bc5;
23295 : ea9ac5;
23296 : ed9ac5;
23297 : e597c1;
23298 : dd9bc1;
23299 : eeadd3;
23300 : fbb9df;
23301 : fdbbe1;
23302 : fbbae0;
23303 : f9b7dd;
23304 : f9b7dd;
23305 : fab8de;
23306 : fab8de;
23307 : fab8de;
23308 : fab8de;
23309 : fab8de;
23310 : fab8de;
23311 : fdbbe1;
23312 : fcbae1;
23313 : e79fc9;
23314 : e294be;
23315 : f49bc6;
23316 : fb95c6;
23317 : ffa6dd;
23318 : bb90c6;
23319 : 66719f;
23320 : 6791bf;
23321 : 5e9acb;
23322 : 5494c9;
23323 : 6692cd;
23324 : 6d91c9;
23325 : 6096c6;
23326 : 5f97cc;
23327 : 6991d1;
23328 : 6792cf;
23329 : 6693ce;
23330 : 6693ce;
23331 : 6693ce;
23332 : 6693ce;
23333 : 6693ce;
23334 : 6793ce;
23335 : 6494ce;
23336 : 6195ce;
23337 : 6295ce;
23338 : 6295ce;
23339 : 6295ce;
23340 : 6295ce;
23341 : 6295ce;
23342 : 6295ce;
23343 : 6295ce;
23344 : 6295ce;
23345 : 6295ce;
23346 : 6295ce;
23347 : 6195ce;
23348 : 6195ce;
23349 : 6196ce;
23350 : 5e90cc;
23351 : 5e8ecb;
23352 : 689ed4;
23353 : 4a88bc;
23354 : 2968a3;
23355 : 3470b2;
23356 : 3777b5;
23357 : 3975ab;
23358 : 596ba3;
23359 : 6f72ad;
23360 : 759ba3;
23361 : 7695aa;
23362 : 7b8fb7;
23363 : 7e8abb;
23364 : 8189bb;
23365 : 808abb;
23366 : 8089c1;
23367 : 7e8bc5;
23368 : 7b92b6;
23369 : 769c95;
23370 : 72a874;
23371 : 72b465;
23372 : 6fb563;
23373 : 6eb566;
23374 : 6fb669;
23375 : 71b367;
23376 : 71b367;
23377 : 6fb568;
23378 : 6db669;
23379 : 6cb768;
23380 : 6cb769;
23381 : 6cb769;
23382 : 6db868;
23383 : 6fb86a;
23384 : 6fb76b;
23385 : 6db75f;
23386 : 6cba56;
23387 : 83d183;
23388 : 5aa595;
23389 : 226694;
23390 : 3976c0;
23391 : 3c79c2;
23392 : 3b77be;
23393 : 3570b6;
23394 : 3d76b9;
23395 : 5a91d3;
23396 : 659bdf;
23397 : 5e94d7;
23398 : 5c91d3;
23399 : 5d92d4;
23400 : 5e92d3;
23401 : 5f92d3;
23402 : 5f92d3;
23403 : 5f92d3;
23404 : 6092d2;
23405 : 6293d1;
23406 : 6393d1;
23407 : 6393d1;
23408 : 6393d1;
23409 : 6393d1;
23410 : 6393d1;
23411 : 6393d2;
23412 : 6494d0;
23413 : 6495cd;
23414 : 5d94cb;
23415 : 5d97ca;
23416 : 6c98cb;
23417 : 7281b3;
23418 : 927cae;
23419 : d4a5d7;
23420 : edaade;
23421 : f09ad1;
23422 : f999cc;
23423 : f098c5;
23424 : dd99bf;
23425 : e7a8ce;
23426 : ffb1e5;
23427 : ffafe4;
23428 : fcb2da;
23429 : fdb3da;
23430 : feb4dc;
23431 : ffb5de;
23432 : ffb5de;
23433 : ffb4dd;
23434 : ffb4dd;
23435 : feb5de;
23436 : feb6de;
23437 : feb6de;
23438 : feb6de;
23439 : fdb6de;
23440 : fdb5dd;
23441 : fdb5dd;
23442 : fdb5dd;
23443 : fbb3db;
23444 : f9b1d9;
23445 : fbb3db;
23446 : ffb6de;
23447 : ffbbe3;
23448 : ffbbe3;
23449 : f1a8d0;
23450 : dd93bb;
23451 : da8fb8;
23452 : e397c0;
23453 : e89cc5;
23454 : e79ac4;
23455 : e99ac5;
23456 : eb9dc7;
23457 : ea9dc8;
23458 : e397c1;
23459 : e296bf;
23460 : f4aad2;
23461 : fdb7df;
23462 : fbb8df;
23463 : f7b6db;
23464 : f7b6db;
23465 : f7b9de;
23466 : f7b9de;
23467 : f9b8de;
23468 : fbb7de;
23469 : fdb5dd;
23470 : ffb7df;
23471 : ffbae0;
23472 : eaa6ce;
23473 : d798c3;
23474 : ed98c7;
23475 : fc93c2;
23476 : ff9ecf;
23477 : e8a6d8;
23478 : 8278ac;
23479 : 5c7eb3;
23480 : 629acf;
23481 : 5d96cb;
23482 : 6095cb;
23483 : 6595cd;
23484 : 6693cb;
23485 : 6394ca;
23486 : 6394cb;
23487 : 6393cc;
23488 : 6593ce;
23489 : 6593ce;
23490 : 6593ce;
23491 : 6593ce;
23492 : 6593ce;
23493 : 6593ce;
23494 : 6593ce;
23495 : 6593ce;
23496 : 6593ce;
23497 : 6494ce;
23498 : 6394ce;
23499 : 6394ce;
23500 : 6394ce;
23501 : 6295ce;
23502 : 6295ce;
23503 : 6295ce;
23504 : 6295ce;
23505 : 6295ce;
23506 : 6295ce;
23507 : 6295ce;
23508 : 6295ce;
23509 : 6396ce;
23510 : 6194cd;
23511 : 5d8fc9;
23512 : 6b9bd5;
23513 : 5f94ce;
23514 : 316fa9;
23515 : 2d70ab;
23516 : 3777b6;
23517 : 3c73b3;
23518 : 496ea8;
23519 : 4f71a8;
23520 : 759ba3;
23521 : 7794ab;
23522 : 7c8db7;
23523 : 7f8bb9;
23524 : 808bb9;
23525 : 808abc;
23526 : 8089c2;
23527 : 7e8bc5;
23528 : 7b92b7;
23529 : 769c93;
23530 : 72a872;
23531 : 71b364;
23532 : 6eb463;
23533 : 6db466;
23534 : 6eb567;
23535 : 6fb366;
23536 : 6eb366;
23537 : 6db466;
23538 : 6db667;
23539 : 6db666;
23540 : 6cb667;
23541 : 6bb767;
23542 : 6bb867;
23543 : 6eb768;
23544 : 6fb768;
23545 : 6cb75d;
23546 : 6aba57;
23547 : 7ecf84;
23548 : 569f91;
23549 : 256695;
23550 : 397ac5;
23551 : 3a7ac3;
23552 : 3a77bd;
23553 : 3671b7;
23554 : 427bc0;
23555 : 5d93d7;
23556 : 6498dd;
23557 : 5f93d6;
23558 : 5e93d4;
23559 : 5e93d5;
23560 : 5f93d5;
23561 : 6092d3;
23562 : 5f92d3;
23563 : 5f92d3;
23564 : 6092d2;
23565 : 6293d1;
23566 : 6393d1;
23567 : 6393d1;
23568 : 6393d1;
23569 : 6393d1;
23570 : 6393d1;
23571 : 6393d2;
23572 : 6493cf;
23573 : 6394cb;
23574 : 6096cc;
23575 : 6097cd;
23576 : 6791c8;
23577 : 7a8ec3;
23578 : 7b78ab;
23579 : 907faf;
23580 : d7aee0;
23581 : f1aae1;
23582 : f796cf;
23583 : fd99cc;
23584 : e99bc3;
23585 : d99cc0;
23586 : eca8d5;
23587 : ffb3e2;
23588 : ffb6df;
23589 : feb2db;
23590 : fdb1da;
23591 : ffb3dd;
23592 : ffb4dd;
23593 : ffb4dd;
23594 : ffb4dd;
23595 : feb5de;
23596 : feb6de;
23597 : feb6de;
23598 : feb6de;
23599 : ffb7df;
23600 : ffb7df;
23601 : ffb7df;
23602 : ffb7df;
23603 : feb6de;
23604 : fbb4dc;
23605 : fab2da;
23606 : fcb4dc;
23607 : feb6de;
23608 : ffbce4;
23609 : ffbce4;
23610 : fbb1da;
23611 : e69ac3;
23612 : d58ab2;
23613 : de93bc;
23614 : e89bc5;
23615 : e79ac4;
23616 : e79ac4;
23617 : e89bc5;
23618 : ea9cc6;
23619 : e99ac4;
23620 : e69cc4;
23621 : eea6ce;
23622 : f9b3db;
23623 : f8b5dc;
23624 : f4b4d9;
23625 : f8b8dd;
23626 : f9b7dd;
23627 : f9b7dd;
23628 : f8b7dc;
23629 : fdbbe1;
23630 : ffb8e0;
23631 : eaa2c9;
23632 : dd96bf;
23633 : e69bc7;
23634 : f099c6;
23635 : f498c2;
23636 : f3aad2;
23637 : a98bb3;
23638 : 6878a5;
23639 : 6a9bcd;
23640 : 609ad0;
23641 : 5f95cc;
23642 : 6194ca;
23643 : 6294cc;
23644 : 6394cc;
23645 : 6493cb;
23646 : 6493cb;
23647 : 6293ca;
23648 : 6493ce;
23649 : 6593ce;
23650 : 6593ce;
23651 : 6593ce;
23652 : 6593ce;
23653 : 6593ce;
23654 : 6593ce;
23655 : 6593ce;
23656 : 6593ce;
23657 : 6593ce;
23658 : 6494ce;
23659 : 6394ce;
23660 : 6394ce;
23661 : 6295ce;
23662 : 6295ce;
23663 : 6394ce;
23664 : 6394ce;
23665 : 6394ce;
23666 : 6394ce;
23667 : 6394ce;
23668 : 6394ce;
23669 : 6494ce;
23670 : 6294cd;
23671 : 5e90ca;
23672 : 6796d1;
23673 : 699ad6;
23674 : 3e7ab5;
23675 : 2b6fa9;
23676 : 3676b5;
23677 : 3b71b3;
23678 : 436daa;
23679 : 446ea8;
23680 : 7699a3;
23681 : 7692ac;
23682 : 7b8cb8;
23683 : 7f8ab9;
23684 : 828ab8;
23685 : 8289bb;
23686 : 8089c1;
23687 : 7e8bc4;
23688 : 7b92b7;
23689 : 769c94;
23690 : 72a873;
23691 : 6fb264;
23692 : 6db361;
23693 : 6cb364;
23694 : 6db466;
23695 : 6db265;
23696 : 6cb264;
23697 : 6cb365;
23698 : 6cb566;
23699 : 6cb566;
23700 : 6bb667;
23701 : 69b768;
23702 : 6bb764;
23703 : 6cb863;
23704 : 6db867;
23705 : 6cb75e;
23706 : 6ab859;
23707 : 7fce88;
23708 : 539a93;
23709 : 236396;
23710 : 3a78c4;
23711 : 3b7ac2;
23712 : 3a76bc;
23713 : 3671b7;
23714 : 4780c4;
23715 : 6197da;
23716 : 6397dc;
23717 : 5e93d6;
23718 : 5e93d5;
23719 : 5e93d5;
23720 : 5f93d4;
23721 : 6093d4;
23722 : 6093d4;
23723 : 6093d4;
23724 : 6193d3;
23725 : 6393d1;
23726 : 6393d1;
23727 : 6393d1;
23728 : 6393d1;
23729 : 6393d1;
23730 : 6393d1;
23731 : 6393d2;
23732 : 6294cf;
23733 : 6095cc;
23734 : 6395cf;
23735 : 6594ce;
23736 : 6790ca;
23737 : 6c8dc4;
23738 : 748cc1;
23739 : 677cad;
23740 : 8a8cb9;
23741 : d8b3e5;
23742 : f9a7e2;
23743 : ff92ce;
23744 : fa95c6;
23745 : ea9bc2;
23746 : d89cbd;
23747 : ecacd0;
23748 : ffb4df;
23749 : ffb5df;
23750 : ffb2dc;
23751 : feb0da;
23752 : ffb1db;
23753 : ffb2dd;
23754 : ffb3dd;
23755 : feb5de;
23756 : feb7de;
23757 : feb6de;
23758 : feb6de;
23759 : ffb7df;
23760 : ffb7df;
23761 : ffb7df;
23762 : ffb7df;
23763 : ffb8e0;
23764 : feb6de;
23765 : fcb4dc;
23766 : fbb3db;
23767 : fbb3db;
23768 : feb6de;
23769 : ffbae2;
23770 : ffbde5;
23771 : fdb5de;
23772 : eca2cb;
23773 : db90b9;
23774 : db90b9;
23775 : e69ac4;
23776 : ea9dc7;
23777 : e89bc5;
23778 : e79ac4;
23779 : e799c4;
23780 : e499c2;
23781 : e39bc3;
23782 : e7a1c9;
23783 : f2add5;
23784 : fbb8df;
23785 : ffb9e0;
23786 : fdb5de;
23787 : fab8de;
23788 : fbbce1;
23789 : f8b7dd;
23790 : eaa1ca;
23791 : e495bf;
23792 : f199c7;
23793 : f894c5;
23794 : f099c5;
23795 : e6abce;
23796 : b39bb8;
23797 : 757e9d;
23798 : 6c90b7;
23799 : 659ecb;
23800 : 5e99cd;
23801 : 5e94cb;
23802 : 5f93ca;
23803 : 6293cb;
23804 : 6493cb;
23805 : 6493cb;
23806 : 6493cb;
23807 : 6293cb;
23808 : 6593ce;
23809 : 6593ce;
23810 : 6593ce;
23811 : 6593ce;
23812 : 6593ce;
23813 : 6593ce;
23814 : 6593ce;
23815 : 6593ce;
23816 : 6593ce;
23817 : 6593ce;
23818 : 6593ce;
23819 : 6494ce;
23820 : 6394ce;
23821 : 6394ce;
23822 : 6394ce;
23823 : 6394ce;
23824 : 6394ce;
23825 : 6394ce;
23826 : 6394ce;
23827 : 6394ce;
23828 : 6394ce;
23829 : 6494cf;
23830 : 6193cd;
23831 : 6092cb;
23832 : 6390cc;
23833 : 6b9ad7;
23834 : 4d86c2;
23835 : 2b6ca8;
23836 : 3372b1;
23837 : 3b73b4;
23838 : 4171b1;
23839 : 4270af;
23840 : 7598a4;
23841 : 7692ac;
23842 : 7b8db8;
23843 : 7f89bb;
23844 : 838ab8;
23845 : 828aba;
23846 : 8189c0;
23847 : 7f89c3;
23848 : 7b92b7;
23849 : 769c94;
23850 : 71a873;
23851 : 6fb263;
23852 : 6cb260;
23853 : 6bb263;
23854 : 6cb365;
23855 : 6bb264;
23856 : 6bb163;
23857 : 6bb264;
23858 : 6bb465;
23859 : 6ab465;
23860 : 6ab566;
23861 : 6ab769;
23862 : 6ab962;
23863 : 6aba5f;
23864 : 6bb866;
23865 : 6ab760;
23866 : 6dbb5f;
23867 : 7dca8a;
23868 : 4b9290;
23869 : 25639a;
23870 : 3a78c4;
23871 : 3b7ac2;
23872 : 3976bc;
23873 : 3772b8;
23874 : 4c85c9;
23875 : 6299dc;
23876 : 6297db;
23877 : 5e93d6;
23878 : 5e93d4;
23879 : 5e93d5;
23880 : 5f93d4;
23881 : 6093d4;
23882 : 6093d4;
23883 : 6093d4;
23884 : 6193d3;
23885 : 6393d1;
23886 : 6393d1;
23887 : 6393d1;
23888 : 6393d1;
23889 : 6393d1;
23890 : 6393d1;
23891 : 6393d2;
23892 : 6294cf;
23893 : 6195cc;
23894 : 6495cf;
23895 : 6693cf;
23896 : 6690cd;
23897 : 648fc9;
23898 : 6492c9;
23899 : 5f94c6;
23900 : 5480ab;
23901 : 8c91c0;
23902 : e4b0ec;
23903 : ffa3e4;
23904 : ff92cf;
23905 : fb97c9;
23906 : ea9ac0;
23907 : e199bd;
23908 : efa3cc;
23909 : fcafda;
23910 : ffb5df;
23911 : ffb4de;
23912 : feb1db;
23913 : feb1db;
23914 : ffb2dc;
23915 : feb5de;
23916 : feb7de;
23917 : feb6de;
23918 : feb6de;
23919 : feb6de;
23920 : feb6de;
23921 : feb6de;
23922 : feb6de;
23923 : ffb7df;
23924 : ffb7df;
23925 : feb6de;
23926 : fdb5dd;
23927 : fbb3db;
23928 : fcb4dc;
23929 : feb6de;
23930 : ffb9e1;
23931 : ffbde5;
23932 : ffbbe3;
23933 : f5acd4;
23934 : e89cc5;
23935 : de93bc;
23936 : df93bd;
23937 : e89cc5;
23938 : e99bc5;
23939 : e497c1;
23940 : e99cc6;
23941 : e89dc6;
23942 : e29ac2;
23943 : e49dc5;
23944 : eea8cf;
23945 : f5b0d7;
23946 : f9b6dc;
23947 : f9b7dd;
23948 : f7b2da;
23949 : efa2cb;
23950 : eb91bf;
23951 : fb94c6;
23952 : ff92c8;
23953 : ff91c7;
23954 : f0a4cf;
23955 : b89dbf;
23956 : 74809e;
23957 : 6689aa;
23958 : 6796bf;
23959 : 5f95c4;
23960 : 5f97cc;
23961 : 5e95cb;
23962 : 5f93ca;
23963 : 6293cb;
23964 : 6493cb;
23965 : 6493cb;
23966 : 6493cb;
23967 : 6293cb;
23968 : 6593ce;
23969 : 6593ce;
23970 : 6593ce;
23971 : 6593ce;
23972 : 6593ce;
23973 : 6593ce;
23974 : 6593ce;
23975 : 6693ce;
23976 : 6693ce;
23977 : 6593ce;
23978 : 6593ce;
23979 : 6593ce;
23980 : 6494ce;
23981 : 6394ce;
23982 : 6394ce;
23983 : 6394ce;
23984 : 6394ce;
23985 : 6394ce;
23986 : 6394ce;
23987 : 6294ce;
23988 : 6394ce;
23989 : 6494ce;
23990 : 6194ce;
23991 : 6294cd;
23992 : 6490cb;
23993 : 6a98d6;
23994 : 5a90cd;
23995 : 3070ac;
23996 : 316fad;
23997 : 3d73b4;
23998 : 3f73b5;
23999 : 3e73b5;
24000 : 7696a6;
24001 : 7691ac;
24002 : 7c8bb8;
24003 : 8089ba;
24004 : 8389b8;
24005 : 8389b9;
24006 : 8289be;
24007 : 7e8ac2;
24008 : 7a91b6;
24009 : 769c94;
24010 : 71a772;
24011 : 6fb263;
24012 : 6cb160;
24013 : 6ab162;
24014 : 6bb265;
24015 : 6bb264;
24016 : 69b263;
24017 : 69b363;
24018 : 6ab465;
24019 : 69b465;
24020 : 68b665;
24021 : 69b768;
24022 : 69b962;
24023 : 68ba5e;
24024 : 69b766;
24025 : 6ab863;
24026 : 6dbb62;
24027 : 79c687;
24028 : 4a908f;
24029 : 27659d;
24030 : 3b79c5;
24031 : 3a79c2;
24032 : 3874ba;
24033 : 3973b9;
24034 : 4f88cc;
24035 : 6298db;
24036 : 6297db;
24037 : 5f94d7;
24038 : 5e93d4;
24039 : 5e93d5;
24040 : 5f93d4;
24041 : 6093d4;
24042 : 6093d4;
24043 : 6093d4;
24044 : 6193d3;
24045 : 6393d1;
24046 : 6393d1;
24047 : 6393d1;
24048 : 6393d1;
24049 : 6393d1;
24050 : 6393d1;
24051 : 6393d1;
24052 : 6394d1;
24053 : 6295ce;
24054 : 6494ce;
24055 : 6693cf;
24056 : 6592cf;
24057 : 6293cf;
24058 : 5e95ce;
24059 : 5b9ad0;
24060 : 5998c8;
24061 : 557cae;
24062 : 8b84bf;
24063 : e7aff0;
24064 : ffaeee;
24065 : f898d1;
24066 : f595c7;
24067 : ec96c2;
24068 : e398c1;
24069 : e99cc6;
24070 : f4a7d1;
24071 : feb2dc;
24072 : ffb5df;
24073 : feb2dc;
24074 : feb1db;
24075 : fdb3dc;
24076 : feb7de;
24077 : ffb7df;
24078 : feb6de;
24079 : feb6de;
24080 : feb6de;
24081 : feb6de;
24082 : feb6de;
24083 : feb6de;
24084 : feb6de;
24085 : feb6de;
24086 : ffb7df;
24087 : fdb5dd;
24088 : fcb4dc;
24089 : fdb5dd;
24090 : feb6de;
24091 : feb6de;
24092 : ffb8e0;
24093 : ffbde4;
24094 : ffb9e2;
24095 : f2a7d0;
24096 : dd92bb;
24097 : d88cb6;
24098 : e495bf;
24099 : eb9dc8;
24100 : e99dc7;
24101 : e79ac4;
24102 : e99dc7;
24103 : e49bc3;
24104 : e297c0;
24105 : e5a2c7;
24106 : eaacd1;
24107 : f3acd4;
24108 : efa0ca;
24109 : ef96c4;
24110 : f794c5;
24111 : fe92c6;
24112 : ff94c9;
24113 : f99dd4;
24114 : c293c2;
24115 : 7b7fa6;
24116 : 6486ad;
24117 : 6893bf;
24118 : 6793c6;
24119 : 6393c5;
24120 : 6096ca;
24121 : 5e95cb;
24122 : 6093ca;
24123 : 6193cb;
24124 : 6493cb;
24125 : 6493cb;
24126 : 6493cb;
24127 : 6293cb;
24128 : 6593ce;
24129 : 6593ce;
24130 : 6593ce;
24131 : 6593ce;
24132 : 6593ce;
24133 : 6593ce;
24134 : 6593ce;
24135 : 6593ce;
24136 : 6693ce;
24137 : 6693ce;
24138 : 6693ce;
24139 : 6593ce;
24140 : 6593ce;
24141 : 6493ce;
24142 : 6394ce;
24143 : 6493ce;
24144 : 6493ce;
24145 : 6493ce;
24146 : 6493ce;
24147 : 6392cd;
24148 : 6493ce;
24149 : 6593ce;
24150 : 6194cd;
24151 : 5f93cc;
24152 : 628fcb;
24153 : 6994d2;
24154 : 6599d6;
24155 : 3c79b6;
24156 : 306cab;
24157 : 3c75b5;
24158 : 3b75b5;
24159 : 3b75b6;
24160 : 7696a7;
24161 : 7790ae;
24162 : 7c8cb9;
24163 : 8188bb;
24164 : 8489b8;
24165 : 8389b8;
24166 : 8388be;
24167 : 7f89c2;
24168 : 7a92b6;
24169 : 769c94;
24170 : 71a772;
24171 : 6eb162;
24172 : 6bb15f;
24173 : 6ab162;
24174 : 6bb264;
24175 : 69b263;
24176 : 68b263;
24177 : 69b263;
24178 : 69b364;
24179 : 68b464;
24180 : 68b665;
24181 : 68b767;
24182 : 68b962;
24183 : 67ba61;
24184 : 69b869;
24185 : 6ab968;
24186 : 6aba63;
24187 : 75c284;
24188 : 4d9390;
24189 : 2b6a9e;
24190 : 3b79c5;
24191 : 3a79c1;
24192 : 3874ba;
24193 : 3873b9;
24194 : 4e87cb;
24195 : 6298db;
24196 : 6297db;
24197 : 5f94d7;
24198 : 5e93d4;
24199 : 5e93d5;
24200 : 5f93d4;
24201 : 6093d4;
24202 : 6093d4;
24203 : 6093d4;
24204 : 6193d3;
24205 : 6393d1;
24206 : 6393d1;
24207 : 6393d1;
24208 : 6393d1;
24209 : 6393d1;
24210 : 6393d1;
24211 : 6393d1;
24212 : 6493d1;
24213 : 6593d1;
24214 : 6493d0;
24215 : 6494cf;
24216 : 6293ce;
24217 : 6193ce;
24218 : 6094ce;
24219 : 6093d0;
24220 : 6497d5;
24221 : 6091cd;
24222 : 577ab4;
24223 : 7d85bd;
24224 : caade5;
24225 : f1b5ed;
24226 : f3a3dc;
24227 : ef9bcd;
24228 : e99ac2;
24229 : e699c2;
24230 : e799c3;
24231 : ed9fc9;
24232 : f9abd5;
24233 : ffb4de;
24234 : ffb5df;
24235 : feb4dd;
24236 : feb6de;
24237 : ffb7de;
24238 : feb6de;
24239 : feb6de;
24240 : feb6de;
24241 : feb6de;
24242 : feb6de;
24243 : feb6de;
24244 : feb6de;
24245 : feb6de;
24246 : ffb7df;
24247 : ffb8e0;
24248 : ffb6de;
24249 : fdb5dd;
24250 : fab4dc;
24251 : fab4dc;
24252 : fdb6de;
24253 : ffb7df;
24254 : ffbbe3;
24255 : ffbfe7;
24256 : ffb7e0;
24257 : efa2cc;
24258 : e496c0;
24259 : e798c2;
24260 : e89ac4;
24261 : e699c3;
24262 : e79ac4;
24263 : e79bc4;
24264 : e598c2;
24265 : e29bc2;
24266 : e49fc6;
24267 : ef9ec9;
24268 : f199c7;
24269 : ef98c5;
24270 : ec9bc6;
24271 : eda2c8;
24272 : eaa8ce;
24273 : ba91c3;
24274 : 7d7bac;
24275 : 628ab4;
24276 : 5f95c6;
24277 : 6791cc;
24278 : 6a91cc;
24279 : 6195c9;
24280 : 5d97ca;
24281 : 5e94cb;
24282 : 6093ca;
24283 : 6193cb;
24284 : 6493cb;
24285 : 6493cb;
24286 : 6493cb;
24287 : 6293cb;
24288 : 6593ce;
24289 : 6593ce;
24290 : 6593ce;
24291 : 6593ce;
24292 : 6593ce;
24293 : 6593ce;
24294 : 6593ce;
24295 : 6593ce;
24296 : 6693ce;
24297 : 6693ce;
24298 : 6693ce;
24299 : 6593ce;
24300 : 6593ce;
24301 : 6593ce;
24302 : 6493ce;
24303 : 6593ce;
24304 : 6593ce;
24305 : 6593ce;
24306 : 6593ce;
24307 : 6492cd;
24308 : 6593ce;
24309 : 6693ce;
24310 : 6293cd;
24311 : 5f93cc;
24312 : 638eca;
24313 : 6790d0;
24314 : 6a9ddb;
24315 : 4783c0;
24316 : 2e6caa;
24317 : 3873b3;
24318 : 3c74b4;
24319 : 3c74b4;
24320 : 7696a8;
24321 : 7790af;
24322 : 7c8cb9;
24323 : 8188bb;
24324 : 8489b8;
24325 : 838ab8;
24326 : 8388be;
24327 : 7f89c2;
24328 : 7a92b6;
24329 : 769c94;
24330 : 71a772;
24331 : 6eb162;
24332 : 6bb15f;
24333 : 69b061;
24334 : 6ab164;
24335 : 69b263;
24336 : 68b162;
24337 : 68b162;
24338 : 68b364;
24339 : 67b464;
24340 : 67b564;
24341 : 68b666;
24342 : 67b963;
24343 : 66ba63;
24344 : 68b76b;
24345 : 6ab969;
24346 : 69b863;
24347 : 71be80;
24348 : 4e9591;
24349 : 2f6d9f;
24350 : 3b79c4;
24351 : 3a79c2;
24352 : 3874ba;
24353 : 3873b9;
24354 : 4e87cb;
24355 : 6298db;
24356 : 6297db;
24357 : 5f94d7;
24358 : 5e93d4;
24359 : 5e93d5;
24360 : 5f93d4;
24361 : 6093d4;
24362 : 6093d4;
24363 : 6093d4;
24364 : 6193d3;
24365 : 6393d1;
24366 : 6393d1;
24367 : 6393d1;
24368 : 6393d1;
24369 : 6393d1;
24370 : 6393d1;
24371 : 6293d1;
24372 : 6592d2;
24373 : 6891d3;
24374 : 6494d0;
24375 : 6294cf;
24376 : 6194ce;
24377 : 6293cd;
24378 : 6591cd;
24379 : 6890ce;
24380 : 6a8fd5;
24381 : 6896db;
24382 : 5c98d0;
24383 : 5286b7;
24384 : 6c80b2;
24385 : b6a0d5;
24386 : ebb7f0;
24387 : f4abdf;
24388 : f39fc9;
24389 : ed9cc7;
24390 : e899c4;
24391 : e597c0;
24392 : e79ac4;
24393 : f2a4cf;
24394 : fdafd9;
24395 : ffb7df;
24396 : ffb9e0;
24397 : ffb9df;
24398 : ffb8df;
24399 : ffb8df;
24400 : feb7de;
24401 : feb7de;
24402 : feb6de;
24403 : feb6de;
24404 : feb7df;
24405 : feb7df;
24406 : ffb8e0;
24407 : ffbae1;
24408 : ffbae2;
24409 : ffb8df;
24410 : ffb8df;
24411 : ffb8e0;
24412 : fdb6de;
24413 : fbb3db;
24414 : f4acd4;
24415 : eda5ce;
24416 : efa6ce;
24417 : f0a5cd;
24418 : ea9cc6;
24419 : e596c1;
24420 : e597c1;
24421 : e89ac4;
24422 : e99bc5;
24423 : ea9bc7;
24424 : e99ac5;
24425 : e89bc5;
24426 : eb9dc6;
24427 : f19ac7;
24428 : f599c8;
24429 : ee9ac6;
24430 : e6aace;
24431 : d4b0c9;
24432 : a493a9;
24433 : 7a7da9;
24434 : 6687b6;
24435 : 5b9ac8;
24436 : 5898d0;
24437 : 638fcf;
24438 : 6890ce;
24439 : 5f96cb;
24440 : 5c97ca;
24441 : 5f94cb;
24442 : 5f93ca;
24443 : 6193cb;
24444 : 6493cb;
24445 : 6493cb;
24446 : 6493cb;
24447 : 6293cb;
24448 : 6593ce;
24449 : 6593ce;
24450 : 6593ce;
24451 : 6593ce;
24452 : 6593ce;
24453 : 6593ce;
24454 : 6593ce;
24455 : 6792ce;
24456 : 6792ce;
24457 : 6693ce;
24458 : 6693ce;
24459 : 6693ce;
24460 : 6593ce;
24461 : 6593ce;
24462 : 6593ce;
24463 : 6593ce;
24464 : 6593ce;
24465 : 6593ce;
24466 : 6593ce;
24467 : 6492cd;
24468 : 6593ce;
24469 : 6693ce;
24470 : 6394ce;
24471 : 6195cd;
24472 : 658fcb;
24473 : 678fce;
24474 : 6a9bda;
24475 : 538fcc;
24476 : 3371af;
24477 : 3670b0;
24478 : 3d75b2;
24479 : 3e75b2;
24480 : 7896a6;
24481 : 7991b0;
24482 : 7d8cbc;
24483 : 838abf;
24484 : 838bbb;
24485 : 818cb8;
24486 : 7f8cba;
24487 : 7d8cbc;
24488 : 7992b0;
24489 : 769c90;
24490 : 70a672;
24491 : 6bad65;
24492 : 6aaf64;
24493 : 6aad66;
24494 : 6bae67;
24495 : 69b064;
24496 : 68b063;
24497 : 67b063;
24498 : 67b061;
24499 : 67b263;
24500 : 66b362;
24501 : 66b361;
24502 : 66b560;
24503 : 67b661;
24504 : 69b569;
24505 : 6cb668;
24506 : 69b460;
24507 : 72bc7f;
24508 : 519494;
24509 : 306ea4;
24510 : 3a7bc3;
24511 : 3a7dc2;
24512 : 3674bc;
24513 : 3771ba;
24514 : 5088cf;
24515 : 6397dc;
24516 : 6293d6;
24517 : 6394d5;
24518 : 6294d3;
24519 : 6193d2;
24520 : 6193d2;
24521 : 6292d1;
24522 : 6292d0;
24523 : 6292d0;
24524 : 6292d0;
24525 : 6493ce;
24526 : 6593ce;
24527 : 6593ce;
24528 : 6593ce;
24529 : 6593ce;
24530 : 6593ce;
24531 : 6593ce;
24532 : 6593ce;
24533 : 6693cf;
24534 : 6593ce;
24535 : 6593ce;
24536 : 6593ce;
24537 : 6593ce;
24538 : 6593ce;
24539 : 6692cd;
24540 : 6493d1;
24541 : 6194d4;
24542 : 6396d6;
24543 : 6395d1;
24544 : 5c83bb;
24545 : 6d79af;
24546 : a498cd;
24547 : e2b9ee;
24548 : f8b6ea;
24549 : eba4d8;
24550 : e798c9;
24551 : ec95c2;
24552 : ec94c0;
24553 : eb95c0;
24554 : f49ecc;
24555 : f5a9d1;
24556 : f6acd2;
24557 : fdadd6;
24558 : fcb2d9;
24559 : f8b7db;
24560 : f8badc;
24561 : fdbbdd;
24562 : ffbbe1;
24563 : ffbbe4;
24564 : febae4;
24565 : ffb8e2;
24566 : ffb7e2;
24567 : ffb8e1;
24568 : ffb6df;
24569 : fdb5dd;
24570 : fbadd8;
24571 : f2a0cc;
24572 : e898c2;
24573 : e595c0;
24574 : e695c2;
24575 : e595c2;
24576 : e08fbd;
24577 : e391bf;
24578 : ea9ac4;
24579 : e99bc5;
24580 : e997c5;
24581 : ee99c7;
24582 : ef99c9;
24583 : ee99ca;
24584 : ee98c9;
24585 : ec9cc9;
24586 : e99ec9;
24587 : ed9bc9;
24588 : f398ca;
24589 : fb9ed1;
24590 : e29fcd;
24591 : 9d89aa;
24592 : 6d7f94;
24593 : 6589ac;
24594 : 638dbd;
24595 : 5c90ca;
24596 : 5a96d2;
24597 : 5b95cd;
24598 : 6193ca;
24599 : 6790c9;
24600 : 6591cb;
24601 : 6394cb;
24602 : 6493cb;
24603 : 6492cc;
24604 : 6492cd;
24605 : 6492cd;
24606 : 6492ce;
24607 : 6492ce;
24608 : 6593ce;
24609 : 6593ce;
24610 : 6593ce;
24611 : 6593ce;
24612 : 6593ce;
24613 : 6593ce;
24614 : 6593ce;
24615 : 6593ce;
24616 : 6693ce;
24617 : 6693ce;
24618 : 6693ce;
24619 : 6593ce;
24620 : 6593ce;
24621 : 6593ce;
24622 : 6593ce;
24623 : 6693ce;
24624 : 6693ce;
24625 : 6693ce;
24626 : 6693ce;
24627 : 6593ce;
24628 : 6593ce;
24629 : 6593ce;
24630 : 6494ce;
24631 : 6494ce;
24632 : 6693ce;
24633 : 6693cd;
24634 : 6b98d4;
24635 : 5f91cf;
24636 : 3a73b3;
24637 : 3370af;
24638 : 3c77b5;
24639 : 3c76b4;
24640 : 7996a7;
24641 : 7a92b0;
24642 : 7e8dbd;
24643 : 838abf;
24644 : 838bbb;
24645 : 818cb8;
24646 : 7f8cba;
24647 : 7d8dbb;
24648 : 7993ad;
24649 : 769c8f;
24650 : 70a671;
24651 : 6bad63;
24652 : 69ae63;
24653 : 6aae65;
24654 : 6bae67;
24655 : 69af64;
24656 : 68af63;
24657 : 67af63;
24658 : 67b061;
24659 : 65b061;
24660 : 65b261;
24661 : 65b260;
24662 : 66b35e;
24663 : 66b45f;
24664 : 68b468;
24665 : 6bb467;
24666 : 68b45f;
24667 : 72bd7e;
24668 : 519495;
24669 : 306ea4;
24670 : 3a7bc3;
24671 : 3a7dc2;
24672 : 3674bc;
24673 : 3771ba;
24674 : 5088d0;
24675 : 6397dc;
24676 : 6293d6;
24677 : 6394d5;
24678 : 6294d3;
24679 : 6294d3;
24680 : 6193d2;
24681 : 6293d0;
24682 : 6393d0;
24683 : 6293d1;
24684 : 6393d0;
24685 : 6593ce;
24686 : 6593ce;
24687 : 6593ce;
24688 : 6593ce;
24689 : 6593ce;
24690 : 6593ce;
24691 : 6593ce;
24692 : 6593ce;
24693 : 6593ce;
24694 : 6593ce;
24695 : 6593ce;
24696 : 6593ce;
24697 : 6593ce;
24698 : 6593ce;
24699 : 6593ce;
24700 : 6593cf;
24701 : 6692d1;
24702 : 6592d1;
24703 : 6194d1;
24704 : 6196cf;
24705 : 638cbc;
24706 : 6a7eaf;
24707 : 8f8fbe;
24708 : c3aedb;
24709 : e6bdec;
24710 : f4afe0;
24711 : f79ccd;
24712 : f592c2;
24713 : f092be;
24714 : ed97bf;
24715 : ed99c2;
24716 : f299c6;
24717 : f599c8;
24718 : f39cca;
24719 : eea1cc;
24720 : eca5ce;
24721 : f4a7d2;
24722 : f9a8d4;
24723 : f5a9d2;
24724 : f2a6ce;
24725 : f1a2cb;
24726 : f09ec8;
24727 : ec99c5;
24728 : ea94c1;
24729 : eb93bf;
24730 : e691bc;
24731 : e38fbb;
24732 : e792be;
24733 : eb94c4;
24734 : ee94c5;
24735 : f292c4;
24736 : f590c6;
24737 : f490c5;
24738 : ef95c5;
24739 : ef97c7;
24740 : ee99c7;
24741 : ef9ac8;
24742 : eb9bc8;
24743 : e89dc7;
24744 : e69dc7;
24745 : e89dc9;
24746 : e99dcc;
24747 : e89dcc;
24748 : eb9acb;
24749 : f5a4d8;
24750 : d49acb;
24751 : 84739a;
24752 : 677e9b;
24753 : 5f91b0;
24754 : 5e8cba;
24755 : 638bca;
24756 : 648fd0;
24757 : 6292cc;
24758 : 6292ca;
24759 : 6391cb;
24760 : 6492cc;
24761 : 6493cb;
24762 : 6493cb;
24763 : 6492cc;
24764 : 6492cd;
24765 : 6492cd;
24766 : 6492ce;
24767 : 6492ce;
24768 : 6593ce;
24769 : 6593ce;
24770 : 6593ce;
24771 : 6593ce;
24772 : 6593ce;
24773 : 6593ce;
24774 : 6593ce;
24775 : 6593ce;
24776 : 6693ce;
24777 : 6693ce;
24778 : 6693ce;
24779 : 6593ce;
24780 : 6593ce;
24781 : 6593ce;
24782 : 6593ce;
24783 : 6693ce;
24784 : 6693ce;
24785 : 6693ce;
24786 : 6693ce;
24787 : 6593ce;
24788 : 6593ce;
24789 : 6593ce;
24790 : 6494ce;
24791 : 6494ce;
24792 : 6693ce;
24793 : 6693cd;
24794 : 6a96d2;
24795 : 6393d2;
24796 : 3e77b7;
24797 : 316fae;
24798 : 3c77b6;
24799 : 3c76b5;
24800 : 7a97a8;
24801 : 7a92b1;
24802 : 7f8dbd;
24803 : 848bc0;
24804 : 838bbb;
24805 : 818cb8;
24806 : 7f8cba;
24807 : 7d8dba;
24808 : 7993ac;
24809 : 769c8e;
24810 : 70a770;
24811 : 6aac62;
24812 : 69ad61;
24813 : 69ad63;
24814 : 6aae65;
24815 : 68af64;
24816 : 68af63;
24817 : 67af63;
24818 : 67b061;
24819 : 64af60;
24820 : 64b160;
24821 : 64b15f;
24822 : 64b25e;
24823 : 65b35f;
24824 : 68b267;
24825 : 6ab364;
24826 : 67b35e;
24827 : 71be7f;
24828 : 509692;
24829 : 2f6ea2;
24830 : 397bc3;
24831 : 3a7dc2;
24832 : 3674bc;
24833 : 3771ba;
24834 : 5088d0;
24835 : 6397dc;
24836 : 6293d5;
24837 : 6394d5;
24838 : 6395d4;
24839 : 6295d3;
24840 : 6293d1;
24841 : 6393d1;
24842 : 6493d0;
24843 : 6493d0;
24844 : 6593cf;
24845 : 6593ce;
24846 : 6593ce;
24847 : 6593ce;
24848 : 6593ce;
24849 : 6593ce;
24850 : 6593ce;
24851 : 6593ce;
24852 : 6593ce;
24853 : 6593ce;
24854 : 6593ce;
24855 : 6593ce;
24856 : 6593ce;
24857 : 6593ce;
24858 : 6593ce;
24859 : 6593ce;
24860 : 6891ce;
24861 : 6a90cf;
24862 : 6692d1;
24863 : 5e95d1;
24864 : 5798cd;
24865 : 5e9acb;
24866 : 638fc1;
24867 : 6081b1;
24868 : 6f88b4;
24869 : a0a0ce;
24870 : ddbaec;
24871 : ffbef3;
24872 : ffabe0;
24873 : f898ca;
24874 : f091c0;
24875 : ec93c0;
24876 : ed95c3;
24877 : f093c2;
24878 : ed93c2;
24879 : e596c2;
24880 : de98c1;
24881 : e195c3;
24882 : e394c2;
24883 : df94ba;
24884 : df93b9;
24885 : df91b9;
24886 : e191b9;
24887 : e491ba;
24888 : e690bb;
24889 : e791bc;
24890 : ec93c1;
24891 : ef96c6;
24892 : ef96c6;
24893 : ef96c7;
24894 : f294ca;
24895 : f792cc;
24896 : fd93cf;
24897 : ff92cf;
24898 : ff92cf;
24899 : fe93ce;
24900 : f994ca;
24901 : f797c9;
24902 : f499c8;
24903 : f19bc7;
24904 : ee9ac4;
24905 : ed9ac7;
24906 : ec9cca;
24907 : ea9cc9;
24908 : e89eca;
24909 : e29fcd;
24910 : e5b6e5;
24911 : cbb1de;
24912 : 737b9f;
24913 : 5383a2;
24914 : 6695c0;
24915 : 6690cc;
24916 : 618dcc;
24917 : 6391cb;
24918 : 6395cc;
24919 : 5e93cf;
24920 : 6192cc;
24921 : 6593cb;
24922 : 6493cb;
24923 : 6492cc;
24924 : 6492cd;
24925 : 6492cd;
24926 : 6492ce;
24927 : 6492ce;
24928 : 6593ce;
24929 : 6593ce;
24930 : 6593ce;
24931 : 6593ce;
24932 : 6593ce;
24933 : 6593ce;
24934 : 6593ce;
24935 : 6593ce;
24936 : 6693ce;
24937 : 6693ce;
24938 : 6693ce;
24939 : 6593ce;
24940 : 6593ce;
24941 : 6593ce;
24942 : 6593ce;
24943 : 6693ce;
24944 : 6693ce;
24945 : 6693ce;
24946 : 6693ce;
24947 : 6593ce;
24948 : 6593ce;
24949 : 6593ce;
24950 : 6494ce;
24951 : 6494ce;
24952 : 6693ce;
24953 : 6693cd;
24954 : 6794cf;
24955 : 6798d6;
24956 : 447ebd;
24957 : 316ead;
24958 : 3b76b6;
24959 : 3c76b6;
24960 : 7a97a8;
24961 : 7b92b1;
24962 : 7f8ebe;
24963 : 848bc0;
24964 : 838bbb;
24965 : 818cb8;
24966 : 808cbb;
24967 : 7d8ebb;
24968 : 7994ac;
24969 : 769c8d;
24970 : 70a76f;
24971 : 6aad60;
24972 : 69ae60;
24973 : 6aad63;
24974 : 6aae64;
24975 : 68ae62;
24976 : 67ae62;
24977 : 66ae62;
24978 : 66af60;
24979 : 64af60;
24980 : 63b05f;
24981 : 63b05e;
24982 : 63b25d;
24983 : 65b261;
24984 : 68b067;
24985 : 68b363;
24986 : 68b65e;
24987 : 6fbe7e;
24988 : 4d958d;
24989 : 2f70a1;
24990 : 3a7cc4;
24991 : 3a7cc2;
24992 : 3674bc;
24993 : 3771ba;
24994 : 5088d0;
24995 : 6397dc;
24996 : 6193d5;
24997 : 6394d5;
24998 : 6496d4;
24999 : 6494d2;
25000 : 6393d1;
25001 : 6494d2;
25002 : 6694d0;
25003 : 6694d0;
25004 : 6694d0;
25005 : 6593ce;
25006 : 6593ce;
25007 : 6593ce;
25008 : 6593ce;
25009 : 6593ce;
25010 : 6593ce;
25011 : 6593ce;
25012 : 6593ce;
25013 : 6593ce;
25014 : 6593ce;
25015 : 6593ce;
25016 : 6593ce;
25017 : 6593ce;
25018 : 6593ce;
25019 : 6593ce;
25020 : 6494ce;
25021 : 6593ce;
25022 : 6493d0;
25023 : 6095d1;
25024 : 5b97d0;
25025 : 5d96cf;
25026 : 6691cb;
25027 : 6b8fcc;
25028 : 648bc6;
25029 : 6686be;
25030 : 8391c8;
25031 : aea3db;
25032 : dfb2ed;
25033 : ffb2f2;
25034 : ffa1e6;
25035 : f59cd2;
25036 : ed98c5;
25037 : f093c3;
25038 : ef94c1;
25039 : e894be;
25040 : e194bd;
25041 : e493c0;
25042 : e894c3;
25043 : e496c1;
25044 : e496c1;
25045 : e595c1;
25046 : e797c3;
25047 : ea98c5;
25048 : eb98c7;
25049 : e996c6;
25050 : ef94c8;
25051 : f395cc;
25052 : ef9bcf;
25053 : eea2d6;
25054 : eca2da;
25055 : e99fdb;
25056 : eaa0dd;
25057 : ec9ddb;
25058 : f399d9;
25059 : f29ad8;
25060 : ef9ad4;
25061 : f09cd3;
25062 : f29cd2;
25063 : f59bd1;
25064 : fa9ed4;
25065 : f79fd0;
25066 : f09bc6;
25067 : f099c4;
25068 : f09bc4;
25069 : e99fc7;
25070 : e6aad4;
25071 : eebce7;
25072 : cdaad4;
25073 : 7782a8;
25074 : 5b7aa6;
25075 : 6192c4;
25076 : 5498c8;
25077 : 5198c4;
25078 : 5c97c8;
25079 : 668fcd;
25080 : 658fcc;
25081 : 6393ca;
25082 : 6594cb;
25083 : 6593cd;
25084 : 6492cd;
25085 : 6492cd;
25086 : 6492ce;
25087 : 6492ce;
25088 : 6593ce;
25089 : 6593ce;
25090 : 6593ce;
25091 : 6593ce;
25092 : 6593ce;
25093 : 6593ce;
25094 : 6593ce;
25095 : 6593ce;
25096 : 6693ce;
25097 : 6693ce;
25098 : 6693ce;
25099 : 6593ce;
25100 : 6593ce;
25101 : 6593ce;
25102 : 6593ce;
25103 : 6693ce;
25104 : 6693ce;
25105 : 6693ce;
25106 : 6693ce;
25107 : 6593ce;
25108 : 6593ce;
25109 : 6593ce;
25110 : 6494ce;
25111 : 6494ce;
25112 : 6693ce;
25113 : 6693cd;
25114 : 6794cf;
25115 : 6899d7;
25116 : 4882c1;
25117 : 316ead;
25118 : 3b76b6;
25119 : 3d76b7;
25120 : 7997a8;
25121 : 7b93b2;
25122 : 7f8ebe;
25123 : 848bc0;
25124 : 848cbc;
25125 : 828db9;
25126 : 818dbc;
25127 : 7e8ebb;
25128 : 7a94a9;
25129 : 769c8b;
25130 : 6fa66d;
25131 : 6aad5e;
25132 : 69af5e;
25133 : 6aae61;
25134 : 6aae62;
25135 : 67ae62;
25136 : 67ae62;
25137 : 66ae62;
25138 : 66af60;
25139 : 64af60;
25140 : 63b05f;
25141 : 63b05e;
25142 : 64b05d;
25143 : 66b160;
25144 : 67b166;
25145 : 67b362;
25146 : 68b75f;
25147 : 6fbf7b;
25148 : 4b958a;
25149 : 2d72a0;
25150 : 3a7cc4;
25151 : 3a7cc2;
25152 : 3674bc;
25153 : 3771ba;
25154 : 5088d0;
25155 : 6397dc;
25156 : 6193d6;
25157 : 6494d5;
25158 : 6595d2;
25159 : 6494d2;
25160 : 6494d2;
25161 : 6694d0;
25162 : 6694d0;
25163 : 6694d0;
25164 : 6794cf;
25165 : 6693ce;
25166 : 6593ce;
25167 : 6593ce;
25168 : 6593ce;
25169 : 6593ce;
25170 : 6593ce;
25171 : 6593ce;
25172 : 6593ce;
25173 : 6593ce;
25174 : 6593ce;
25175 : 6593ce;
25176 : 6593ce;
25177 : 6593ce;
25178 : 6593ce;
25179 : 6593ce;
25180 : 5f96ce;
25181 : 5f97ce;
25182 : 6494ce;
25183 : 6593d0;
25184 : 6495d1;
25185 : 6693d0;
25186 : 6f8ecf;
25187 : 738bd1;
25188 : 6e8fd5;
25189 : 6591d4;
25190 : 598eca;
25191 : 5c84be;
25192 : 7b7fc0;
25193 : ab85cf;
25194 : db94e6;
25195 : f6a6ea;
25196 : ffa9e3;
25197 : ffa4df;
25198 : ffa0d9;
25199 : ffa1d4;
25200 : ffa0d0;
25201 : fd98ce;
25202 : f892cb;
25203 : f295ce;
25204 : f79bd5;
25205 : fca1db;
25206 : fa9fd9;
25207 : f59cd6;
25208 : f39cd8;
25209 : f59cd8;
25210 : ed9dd8;
25211 : df9dd5;
25212 : cd97cd;
25213 : b18bc0;
25214 : 9f86ba;
25215 : 9786bc;
25216 : 9282bb;
25217 : 8e80b7;
25218 : 8982b4;
25219 : 8a82b5;
25220 : 8c81b5;
25221 : 9080b4;
25222 : 947aaf;
25223 : 9f7ab0;
25224 : b68dc6;
25225 : d8a1d6;
25226 : f3aad9;
25227 : f39fcd;
25228 : f397c2;
25229 : f299c1;
25230 : ea9ac2;
25231 : ec9cc8;
25232 : faacdc;
25233 : ddafe0;
25234 : 9188b7;
25235 : 5777a2;
25236 : 5297bb;
25237 : 53a1c1;
25238 : 5892bd;
25239 : 6987c5;
25240 : 688cc9;
25241 : 6193ca;
25242 : 6594cb;
25243 : 6593cd;
25244 : 6492cd;
25245 : 6492cd;
25246 : 6492ce;
25247 : 6492ce;
25248 : 6593ce;
25249 : 6593ce;
25250 : 6593ce;
25251 : 6593ce;
25252 : 6593ce;
25253 : 6593ce;
25254 : 6593ce;
25255 : 6593ce;
25256 : 6693ce;
25257 : 6693ce;
25258 : 6693ce;
25259 : 6593ce;
25260 : 6593ce;
25261 : 6593ce;
25262 : 6593ce;
25263 : 6693ce;
25264 : 6693ce;
25265 : 6693ce;
25266 : 6693ce;
25267 : 6593ce;
25268 : 6593ce;
25269 : 6593ce;
25270 : 6494ce;
25271 : 6494ce;
25272 : 6693ce;
25273 : 6592cd;
25274 : 6794cf;
25275 : 6899d7;
25276 : 4982c2;
25277 : 316fad;
25278 : 3a74b6;
25279 : 3d75b9;
25280 : 7a97a8;
25281 : 7c94b2;
25282 : 808ebf;
25283 : 848bc0;
25284 : 848cbc;
25285 : 828db9;
25286 : 818dbc;
25287 : 7e8eba;
25288 : 7a94a8;
25289 : 769c8a;
25290 : 6fa66c;
25291 : 6aad5d;
25292 : 69ae5d;
25293 : 69ad5f;
25294 : 6aae60;
25295 : 67ad61;
25296 : 65ad61;
25297 : 65ad61;
25298 : 65ae5f;
25299 : 63ae5f;
25300 : 62af5e;
25301 : 61af5d;
25302 : 64b05c;
25303 : 67b161;
25304 : 67b165;
25305 : 67b362;
25306 : 66b55c;
25307 : 6fc07a;
25308 : 4b998d;
25309 : 2a719c;
25310 : 387bc2;
25311 : 3b7cc3;
25312 : 3674bc;
25313 : 3771ba;
25314 : 5088d0;
25315 : 6397dc;
25316 : 6193d6;
25317 : 6494d5;
25318 : 6595d2;
25319 : 6494d2;
25320 : 6594d1;
25321 : 6694d0;
25322 : 6694d0;
25323 : 6794cf;
25324 : 6794cf;
25325 : 6593ce;
25326 : 6593ce;
25327 : 6593ce;
25328 : 6593ce;
25329 : 6593ce;
25330 : 6593ce;
25331 : 6593ce;
25332 : 6593ce;
25333 : 6593ce;
25334 : 6593ce;
25335 : 6593ce;
25336 : 6593ce;
25337 : 6593ce;
25338 : 6593ce;
25339 : 6593ce;
25340 : 5f96ce;
25341 : 5f96ce;
25342 : 6593ce;
25343 : 6693ce;
25344 : 6496cf;
25345 : 6595cf;
25346 : 6b90d0;
25347 : 6f8ecf;
25348 : 6a90d0;
25349 : 6492d1;
25350 : 6095d3;
25351 : 6193d2;
25352 : 6384c7;
25353 : 6675ba;
25354 : 7477bd;
25355 : 967ec6;
25356 : b78ad2;
25357 : c68fd2;
25358 : ce8ccb;
25359 : d591ca;
25360 : de98d0;
25361 : f2a2df;
25362 : fbabea;
25363 : f0afe9;
25364 : e8aae5;
25365 : dea4de;
25366 : d49dd9;
25367 : ca98d3;
25368 : c091cd;
25369 : b988c6;
25370 : a887bd;
25371 : 8f81b1;
25372 : 7e7bac;
25373 : 6f7ead;
25374 : 6684b3;
25375 : 6488b9;
25376 : 6588be;
25377 : 6389bf;
25378 : 5b8cbc;
25379 : 598bbc;
25380 : 5989bb;
25381 : 5c87ba;
25382 : 5f82b8;
25383 : 607ab3;
25384 : 5d72af;
25385 : 7476af;
25386 : ab90c4;
25387 : e1a8df;
25388 : f5a5d6;
25389 : ed99c4;
25390 : ef99c4;
25391 : f297c7;
25392 : f293c5;
25393 : fba3d6;
25394 : f2b4e8;
25395 : aa96c8;
25396 : 6879a4;
25397 : 6289ad;
25398 : 6995be;
25399 : 678dc1;
25400 : 648ec7;
25401 : 6394cc;
25402 : 6493cb;
25403 : 6492cc;
25404 : 6492cd;
25405 : 6492cd;
25406 : 6492ce;
25407 : 6492ce;
25408 : 6593ce;
25409 : 6593ce;
25410 : 6593ce;
25411 : 6593ce;
25412 : 6593ce;
25413 : 6593ce;
25414 : 6593ce;
25415 : 6593ce;
25416 : 6693ce;
25417 : 6693ce;
25418 : 6693ce;
25419 : 6593ce;
25420 : 6593ce;
25421 : 6593ce;
25422 : 6593ce;
25423 : 6693ce;
25424 : 6693ce;
25425 : 6693ce;
25426 : 6693ce;
25427 : 6593ce;
25428 : 6593ce;
25429 : 6593ce;
25430 : 6494ce;
25431 : 6494ce;
25432 : 6693ce;
25433 : 6592cd;
25434 : 6794cf;
25435 : 6798d7;
25436 : 4882c1;
25437 : 316fad;
25438 : 3a74b8;
25439 : 3d75ba;
25440 : 7b98a9;
25441 : 7d94b3;
25442 : 808fbf;
25443 : 858cc1;
25444 : 848cbc;
25445 : 828db9;
25446 : 818dbd;
25447 : 7e8fba;
25448 : 7a95a8;
25449 : 769d89;
25450 : 6fa76b;
25451 : 69ac5c;
25452 : 68ae5c;
25453 : 69ae5e;
25454 : 69ad60;
25455 : 66ad61;
25456 : 66ad61;
25457 : 65ad61;
25458 : 65ae5f;
25459 : 63ae5f;
25460 : 62af5e;
25461 : 61af5d;
25462 : 64b05c;
25463 : 67b161;
25464 : 67b165;
25465 : 67b362;
25466 : 63b45b;
25467 : 6fc17c;
25468 : 4e9c8e;
25469 : 29709b;
25470 : 377ac1;
25471 : 3b7dc3;
25472 : 3674bc;
25473 : 3771ba;
25474 : 5088d0;
25475 : 6397dc;
25476 : 6193d6;
25477 : 6494d5;
25478 : 6595d3;
25479 : 6594d1;
25480 : 6694d0;
25481 : 6694d0;
25482 : 6794cf;
25483 : 6794cf;
25484 : 6794cf;
25485 : 6593ce;
25486 : 6593ce;
25487 : 6593ce;
25488 : 6593ce;
25489 : 6593ce;
25490 : 6593ce;
25491 : 6593ce;
25492 : 6593ce;
25493 : 6593ce;
25494 : 6593ce;
25495 : 6593ce;
25496 : 6593ce;
25497 : 6593ce;
25498 : 6593ce;
25499 : 6593ce;
25500 : 6096cf;
25501 : 6295cf;
25502 : 6792ce;
25503 : 6495cc;
25504 : 6098ce;
25505 : 5f99cf;
25506 : 6296d0;
25507 : 6495cc;
25508 : 6296c7;
25509 : 6592cb;
25510 : 6a8fcf;
25511 : 678cce;
25512 : 648dcd;
25513 : 6294ce;
25514 : 5794c9;
25515 : 5887c9;
25516 : 627ac5;
25517 : 6e75b8;
25518 : 7b75b0;
25519 : 7d71a6;
25520 : 7c6aa0;
25521 : 8f72ac;
25522 : 9f84bd;
25523 : 948cbb;
25524 : 8581af;
25525 : 7979a8;
25526 : 7178a7;
25527 : 6d7aa8;
25528 : 697aa9;
25529 : 6579a8;
25530 : 6a7ca9;
25531 : 7289b4;
25532 : 6e93bc;
25533 : 659ac3;
25534 : 609ec8;
25535 : 5d9ccd;
25536 : 5c9cd0;
25537 : 6099d1;
25538 : 6794d1;
25539 : 6596d2;
25540 : 6198d2;
25541 : 6198d2;
25542 : 6597d5;
25543 : 6994d5;
25544 : 688ed3;
25545 : 5d81c0;
25546 : 5c6ca6;
25547 : 997ab9;
25548 : de9dd7;
25549 : eea3d3;
25550 : ed9ecb;
25551 : ef99cb;
25552 : f395c8;
25553 : f690c2;
25554 : fa9cd4;
25555 : f7afec;
25556 : c39bd1;
25557 : 817da8;
25558 : 6884ac;
25559 : 6699c3;
25560 : 6397cb;
25561 : 6492cc;
25562 : 6493cb;
25563 : 6392cc;
25564 : 6491cd;
25565 : 6492cd;
25566 : 6492ce;
25567 : 6492ce;
25568 : 6593ce;
25569 : 6593ce;
25570 : 6593ce;
25571 : 6593ce;
25572 : 6593ce;
25573 : 6593ce;
25574 : 6593ce;
25575 : 6593ce;
25576 : 6693ce;
25577 : 6693ce;
25578 : 6693ce;
25579 : 6593ce;
25580 : 6593ce;
25581 : 6593ce;
25582 : 6593ce;
25583 : 6693ce;
25584 : 6693ce;
25585 : 6693ce;
25586 : 6693ce;
25587 : 6593ce;
25588 : 6593ce;
25589 : 6593ce;
25590 : 6494ce;
25591 : 6494ce;
25592 : 6693ce;
25593 : 6592cd;
25594 : 6794cf;
25595 : 6798d7;
25596 : 4882c1;
25597 : 316fae;
25598 : 3a74b9;
25599 : 3d75bb;

END;