-- Copyright (C) 2015-Endless, CrazyBird Corporation
-- Thank you for use CrazyBird's design tools

DEPTH = 10000;
WIDTH = 16;
ADDRESS_RADIX = UNS;
DATA_RADIX = HEX;

CONTENT BEGIN

0 : ffff;
1 : ffff;
2 : ffff;
3 : ffff;
4 : ffff;
5 : ffff;
6 : ffff;
7 : ffff;
8 : ffff;
9 : ffff;
10 : ffff;
11 : ffff;
12 : ffff;
13 : ffff;
14 : ffff;
15 : ffff;
16 : ffff;
17 : ffff;
18 : ffff;
19 : ffff;
20 : ffff;
21 : ffff;
22 : ffff;
23 : ffff;
24 : ffff;
25 : ffff;
26 : ffff;
27 : ffff;
28 : ffff;
29 : ffff;
30 : ffff;
31 : ffff;
32 : ffff;
33 : ffff;
34 : ffff;
35 : ffff;
36 : ffff;
37 : ffff;
38 : ffff;
39 : ffff;
40 : ffff;
41 : ffff;
42 : ffff;
43 : ffff;
44 : ffff;
45 : ffff;
46 : ffff;
47 : ffff;
48 : ffff;
49 : ffff;
50 : ffff;
51 : ffff;
52 : ffff;
53 : ffff;
54 : ffff;
55 : ffff;
56 : ffff;
57 : ffff;
58 : ffff;
59 : ffff;
60 : ffff;
61 : ffff;
62 : ffff;
63 : ffff;
64 : ffff;
65 : ffff;
66 : ffff;
67 : ffff;
68 : b596;
69 : 52aa;
70 : 18e3;
71 : 18e3;
72 : 39c7;
73 : 7bcf;
74 : ce79;
75 : ffff;
76 : ffff;
77 : ffff;
78 : ffff;
79 : ffff;
80 : ffff;
81 : ffff;
82 : ffff;
83 : ffff;
84 : ffff;
85 : ffff;
86 : ffff;
87 : ffff;
88 : ffff;
89 : ffff;
90 : ffff;
91 : ffff;
92 : ffff;
93 : ffff;
94 : ffff;
95 : ffff;
96 : ffff;
97 : ffff;
98 : ffff;
99 : ffff;
100 : ffff;
101 : ffff;
102 : ffff;
103 : ffff;
104 : ffff;
105 : ffff;
106 : ffff;
107 : ffff;
108 : ffff;
109 : ffff;
110 : ffff;
111 : ffff;
112 : ffff;
113 : ffff;
114 : ffff;
115 : ffff;
116 : ffff;
117 : ffff;
118 : ffff;
119 : ffff;
120 : ffff;
121 : ffff;
122 : ffff;
123 : ffff;
124 : ffff;
125 : ffff;
126 : ffff;
127 : ffff;
128 : ffff;
129 : ffff;
130 : ffff;
131 : ffff;
132 : ffff;
133 : ffff;
134 : ffff;
135 : ffff;
136 : ffff;
137 : ffff;
138 : ffff;
139 : ffff;
140 : ffff;
141 : ffff;
142 : ffff;
143 : ffff;
144 : ffff;
145 : ffff;
146 : ffff;
147 : ffff;
148 : ffff;
149 : ffff;
150 : ffff;
151 : ffff;
152 : ffff;
153 : ffff;
154 : ffff;
155 : ffff;
156 : ffff;
157 : ffff;
158 : ffff;
159 : ffff;
160 : ffff;
161 : ffff;
162 : ffff;
163 : ffff;
164 : ffff;
165 : ffff;
166 : e71c;
167 : 0000;
168 : 0000;
169 : 0000;
170 : 0820;
171 : 0820;
172 : 0000;
173 : 0000;
174 : 0000;
175 : 0000;
176 : b596;
177 : ffff;
178 : ffdf;
179 : ffff;
180 : ffff;
181 : ffff;
182 : ffff;
183 : ffff;
184 : ffff;
185 : ffff;
186 : ffff;
187 : ffff;
188 : ffff;
189 : ffff;
190 : ffff;
191 : ffff;
192 : ffff;
193 : ffff;
194 : ffff;
195 : ffff;
196 : ffff;
197 : ffff;
198 : ffff;
199 : ffff;
200 : ffff;
201 : ffff;
202 : ffff;
203 : ffff;
204 : ffff;
205 : ffff;
206 : ffff;
207 : ffff;
208 : ffff;
209 : ffff;
210 : ffff;
211 : ffff;
212 : ffff;
213 : ffff;
214 : ffff;
215 : ffff;
216 : ffff;
217 : ffff;
218 : ffff;
219 : ffff;
220 : ffff;
221 : ffff;
222 : ffff;
223 : ffff;
224 : ffff;
225 : ffff;
226 : ffff;
227 : ffff;
228 : ffff;
229 : ffff;
230 : ffff;
231 : ffff;
232 : ffff;
233 : ffff;
234 : ffff;
235 : ffff;
236 : ffff;
237 : ffff;
238 : ffff;
239 : ffff;
240 : ffff;
241 : ffff;
242 : ffff;
243 : ffff;
244 : ffff;
245 : ffff;
246 : ffff;
247 : ffff;
248 : ffff;
249 : ffff;
250 : ffff;
251 : ffff;
252 : ffff;
253 : ffff;
254 : ffff;
255 : ffff;
256 : ffff;
257 : ffff;
258 : ffff;
259 : ffff;
260 : ffff;
261 : ffff;
262 : ffff;
263 : ffff;
264 : ffff;
265 : bdf7;
266 : 0000;
267 : 0800;
268 : 0820;
269 : 0820;
270 : 0820;
271 : 0820;
272 : 0820;
273 : 0820;
274 : 0820;
275 : 0800;
276 : 0000;
277 : 2966;
278 : ffff;
279 : ffff;
280 : ffff;
281 : ffff;
282 : ffff;
283 : ffff;
284 : ffff;
285 : ffff;
286 : ffff;
287 : ffff;
288 : ffff;
289 : ffff;
290 : ffff;
291 : ffff;
292 : ffff;
293 : ffff;
294 : ffff;
295 : ffff;
296 : ffff;
297 : ffff;
298 : ffff;
299 : ffff;
300 : ffff;
301 : ffff;
302 : ffff;
303 : ffff;
304 : ffff;
305 : ffff;
306 : ffff;
307 : ffff;
308 : ffff;
309 : ffff;
310 : ffff;
311 : ffff;
312 : ffff;
313 : ffff;
314 : ffff;
315 : ffff;
316 : ffff;
317 : ffff;
318 : ffff;
319 : ffff;
320 : ffff;
321 : ffff;
322 : ffff;
323 : ffff;
324 : ffff;
325 : ffff;
326 : ffff;
327 : ffff;
328 : ffff;
329 : ffff;
330 : ffff;
331 : ffff;
332 : ffff;
333 : ffff;
334 : ffff;
335 : ffff;
336 : ffff;
337 : ffff;
338 : ffff;
339 : ffff;
340 : ffff;
341 : ffff;
342 : ffff;
343 : ffff;
344 : ffff;
345 : ffff;
346 : ffff;
347 : ffff;
348 : ffff;
349 : ffff;
350 : ffff;
351 : ffff;
352 : ffff;
353 : ffff;
354 : ffff;
355 : ffff;
356 : ffff;
357 : ffff;
358 : ffff;
359 : ffff;
360 : ffff;
361 : ffff;
362 : ffff;
363 : ffff;
364 : f79d;
365 : 0000;
366 : 0820;
367 : 0820;
368 : 0820;
369 : 0820;
370 : 0820;
371 : 0820;
372 : 0820;
373 : 0820;
374 : 0820;
375 : 0820;
376 : 0820;
377 : 0000;
378 : 0840;
379 : ffff;
380 : ffff;
381 : ffff;
382 : ffff;
383 : ffff;
384 : ffff;
385 : ffff;
386 : ffff;
387 : ffff;
388 : ffff;
389 : ffff;
390 : ffff;
391 : ffff;
392 : ffff;
393 : ffff;
394 : ffff;
395 : ffff;
396 : ffff;
397 : ffff;
398 : ffff;
399 : ffff;
400 : ffff;
401 : ffff;
402 : ffff;
403 : ffff;
404 : ffff;
405 : ffff;
406 : ffff;
407 : ffff;
408 : ffff;
409 : ffff;
410 : ffff;
411 : ffff;
412 : ffff;
413 : ffff;
414 : ffff;
415 : ffff;
416 : ffff;
417 : ffff;
418 : ffff;
419 : ffff;
420 : ffff;
421 : ffff;
422 : ffff;
423 : ffff;
424 : ffff;
425 : ffff;
426 : ffff;
427 : ffff;
428 : ffff;
429 : ffff;
430 : ffff;
431 : ffff;
432 : ffff;
433 : ffff;
434 : ffff;
435 : ffff;
436 : ffff;
437 : ffff;
438 : ffff;
439 : ffff;
440 : ffff;
441 : ffff;
442 : ffff;
443 : ffff;
444 : ffff;
445 : ffff;
446 : ffff;
447 : ffff;
448 : ffff;
449 : ffff;
450 : ffff;
451 : ffff;
452 : ffff;
453 : ffff;
454 : ffff;
455 : ffff;
456 : ffff;
457 : ffff;
458 : ffff;
459 : ffff;
460 : ffff;
461 : ffff;
462 : ffff;
463 : ffff;
464 : 2965;
465 : 0000;
466 : 0820;
467 : 0820;
468 : 0820;
469 : 0820;
470 : 0820;
471 : 0820;
472 : 0820;
473 : 0820;
474 : 0820;
475 : 0820;
476 : 0820;
477 : 0820;
478 : 0000;
479 : 10a2;
480 : ffff;
481 : ffff;
482 : ffff;
483 : ffff;
484 : ffff;
485 : ffff;
486 : ffff;
487 : ffff;
488 : ffff;
489 : ffff;
490 : ffff;
491 : ffff;
492 : ffff;
493 : ffff;
494 : ffff;
495 : ffff;
496 : ffff;
497 : ffff;
498 : ffff;
499 : ffff;
500 : ffff;
501 : ffff;
502 : ffff;
503 : ffff;
504 : ffff;
505 : ffff;
506 : ffff;
507 : ffff;
508 : ffff;
509 : ffff;
510 : ffff;
511 : ffff;
512 : ffff;
513 : ffff;
514 : ffff;
515 : ffff;
516 : ffff;
517 : ffff;
518 : ffff;
519 : ffff;
520 : ffff;
521 : ffff;
522 : ffff;
523 : ffff;
524 : ffff;
525 : ffff;
526 : ffff;
527 : ffff;
528 : ffff;
529 : ffff;
530 : ffff;
531 : ffff;
532 : ffff;
533 : ffff;
534 : ffff;
535 : ffff;
536 : ffff;
537 : ffff;
538 : ffff;
539 : ffff;
540 : ffff;
541 : ffff;
542 : ffff;
543 : ffff;
544 : ffff;
545 : ffff;
546 : ffff;
547 : ffff;
548 : ffff;
549 : ffff;
550 : ffff;
551 : ffff;
552 : ffff;
553 : ffff;
554 : ffff;
555 : ffff;
556 : ffff;
557 : ffff;
558 : ffff;
559 : ffff;
560 : ffff;
561 : ffff;
562 : ffff;
563 : ffff;
564 : 0000;
565 : 0820;
566 : 0820;
567 : 0820;
568 : 0820;
569 : 0820;
570 : 0820;
571 : 0820;
572 : 0820;
573 : 0820;
574 : 0820;
575 : 0820;
576 : 0820;
577 : 0820;
578 : 0820;
579 : 0000;
580 : 8410;
581 : ffff;
582 : ffff;
583 : ffff;
584 : ffff;
585 : ffff;
586 : ffff;
587 : ffff;
588 : ffff;
589 : ffff;
590 : ffff;
591 : ffff;
592 : ffff;
593 : ffff;
594 : ffff;
595 : ffff;
596 : ffff;
597 : ffff;
598 : ffff;
599 : ffff;
600 : ffff;
601 : ffff;
602 : ffff;
603 : ffff;
604 : ffff;
605 : ffff;
606 : ffff;
607 : ffff;
608 : ffff;
609 : ffff;
610 : ffff;
611 : ffff;
612 : ffff;
613 : ffff;
614 : ffff;
615 : ffff;
616 : ffff;
617 : ffff;
618 : ffff;
619 : ffff;
620 : ffff;
621 : ffff;
622 : ffff;
623 : ffff;
624 : ffff;
625 : ffff;
626 : ffff;
627 : ffff;
628 : ffff;
629 : ffff;
630 : ffff;
631 : ffff;
632 : ffff;
633 : ffff;
634 : ffff;
635 : ffff;
636 : ffff;
637 : ffff;
638 : ffff;
639 : ffff;
640 : ffff;
641 : ffff;
642 : ffff;
643 : ffff;
644 : ffff;
645 : ffff;
646 : ffff;
647 : ffff;
648 : ffff;
649 : ffff;
650 : ffff;
651 : ffff;
652 : ffff;
653 : ffff;
654 : ffff;
655 : ffff;
656 : ffff;
657 : ffff;
658 : ffff;
659 : ffff;
660 : ffff;
661 : ffff;
662 : ffff;
663 : 9cb2;
664 : 0000;
665 : 0820;
666 : 0820;
667 : 0820;
668 : 0820;
669 : 0820;
670 : 0820;
671 : 0820;
672 : 0820;
673 : 0820;
674 : 0820;
675 : 0820;
676 : 0820;
677 : 0820;
678 : 0820;
679 : 0820;
680 : 0000;
681 : ffff;
682 : ffff;
683 : ffff;
684 : ffff;
685 : ffff;
686 : ffff;
687 : ffff;
688 : ffff;
689 : ffff;
690 : ffff;
691 : ffff;
692 : ffff;
693 : ffff;
694 : ffff;
695 : ffff;
696 : ffff;
697 : ffff;
698 : ffff;
699 : ffff;
700 : ffff;
701 : ffff;
702 : ffff;
703 : ffff;
704 : ffff;
705 : ffff;
706 : ffff;
707 : ffff;
708 : ffff;
709 : ffff;
710 : ffff;
711 : ffff;
712 : ffff;
713 : ffff;
714 : ffff;
715 : ffff;
716 : ffff;
717 : ffff;
718 : ffff;
719 : ffff;
720 : ffff;
721 : ffff;
722 : ffff;
723 : ffff;
724 : ffff;
725 : ffff;
726 : ffff;
727 : ffff;
728 : ffff;
729 : ffff;
730 : ffff;
731 : ffff;
732 : ffff;
733 : ffff;
734 : ffff;
735 : ffff;
736 : ffff;
737 : ffff;
738 : ffff;
739 : ffff;
740 : ffff;
741 : ffff;
742 : ffff;
743 : ffff;
744 : ffff;
745 : ffff;
746 : ffff;
747 : ffff;
748 : ffff;
749 : ffff;
750 : ffff;
751 : ffff;
752 : ffff;
753 : ffff;
754 : ffff;
755 : ffff;
756 : ffff;
757 : ffff;
758 : ffff;
759 : ffff;
760 : ffff;
761 : ffff;
762 : ffff;
763 : 7bef;
764 : 0000;
765 : 0820;
766 : 0820;
767 : 0820;
768 : 0820;
769 : 0820;
770 : 0820;
771 : 0820;
772 : 0820;
773 : 0820;
774 : 0820;
775 : 0820;
776 : 0820;
777 : 0820;
778 : 0820;
779 : 0820;
780 : 0000;
781 : 9492;
782 : ffff;
783 : ffff;
784 : ffff;
785 : ffff;
786 : ffff;
787 : ffff;
788 : ffff;
789 : ffff;
790 : ffff;
791 : ffff;
792 : ffff;
793 : ffff;
794 : ffff;
795 : ffff;
796 : ffff;
797 : ffff;
798 : ffff;
799 : ffff;
800 : ffff;
801 : ffff;
802 : ffff;
803 : ffff;
804 : ffff;
805 : ffff;
806 : ffff;
807 : ffff;
808 : ffff;
809 : ffff;
810 : ffff;
811 : ffff;
812 : ffff;
813 : ffff;
814 : ffff;
815 : ffff;
816 : ffff;
817 : ffff;
818 : ffff;
819 : ffff;
820 : ffff;
821 : ffff;
822 : ffff;
823 : ffff;
824 : ffff;
825 : ffff;
826 : ffff;
827 : ffff;
828 : ffff;
829 : ffff;
830 : ffff;
831 : ffff;
832 : ffff;
833 : ffff;
834 : ffff;
835 : ffff;
836 : ffff;
837 : ffff;
838 : ffff;
839 : ffff;
840 : ffff;
841 : ffff;
842 : ffff;
843 : ffff;
844 : ffff;
845 : ffff;
846 : ffff;
847 : ffff;
848 : ffff;
849 : ffff;
850 : ffff;
851 : ffff;
852 : ffff;
853 : ffff;
854 : ffff;
855 : ffff;
856 : ffff;
857 : ffff;
858 : ffff;
859 : ffff;
860 : ffff;
861 : ffff;
862 : ffff;
863 : 7bcf;
864 : 0000;
865 : 0820;
866 : 0820;
867 : 0820;
868 : 0820;
869 : 0820;
870 : 0820;
871 : 0820;
872 : 0820;
873 : 0820;
874 : 0820;
875 : 0820;
876 : 0820;
877 : 0820;
878 : 0820;
879 : 0820;
880 : 0000;
881 : 31a7;
882 : ffff;
883 : ffff;
884 : ffff;
885 : ffff;
886 : ffff;
887 : ffff;
888 : ffff;
889 : ffff;
890 : ffff;
891 : ffff;
892 : ffff;
893 : ffff;
894 : ffff;
895 : ffff;
896 : ffff;
897 : ffff;
898 : ffff;
899 : ffff;
900 : ffff;
901 : ffff;
902 : ffff;
903 : ffff;
904 : ffff;
905 : ffff;
906 : ffff;
907 : ffff;
908 : ffff;
909 : ffff;
910 : ffff;
911 : ffff;
912 : ffff;
913 : ffff;
914 : ffff;
915 : ffff;
916 : ffff;
917 : ffff;
918 : ffff;
919 : ffff;
920 : ffff;
921 : ffff;
922 : ffff;
923 : ffff;
924 : ffff;
925 : ffff;
926 : ffff;
927 : ffff;
928 : ffff;
929 : ffff;
930 : ffff;
931 : ffff;
932 : ffff;
933 : ffff;
934 : ffff;
935 : ffff;
936 : ffff;
937 : ffff;
938 : ffff;
939 : ffff;
940 : ffff;
941 : ffff;
942 : ffff;
943 : ce59;
944 : 5aab;
945 : 0000;
946 : 0000;
947 : 0000;
948 : 0000;
949 : 4a69;
950 : f7be;
951 : ffff;
952 : ffff;
953 : ffff;
954 : ffff;
955 : ffff;
956 : ffff;
957 : ffff;
958 : ffff;
959 : ffff;
960 : ffff;
961 : ffff;
962 : ffff;
963 : 8410;
964 : 0000;
965 : 0820;
966 : 0820;
967 : 0820;
968 : 0820;
969 : 0820;
970 : 0820;
971 : 0820;
972 : 0820;
973 : 0820;
974 : 0820;
975 : 0820;
976 : 0820;
977 : 0820;
978 : 0820;
979 : 0820;
980 : 0820;
981 : 0000;
982 : ffff;
983 : ffff;
984 : ffff;
985 : ffff;
986 : ffff;
987 : ffff;
988 : ffff;
989 : ffff;
990 : ffff;
991 : ffff;
992 : ffff;
993 : ffff;
994 : ffff;
995 : ffff;
996 : ffff;
997 : ffff;
998 : ffff;
999 : ffff;
1000 : ffff;
1001 : ffff;
1002 : ffff;
1003 : ffff;
1004 : ffff;
1005 : ffff;
1006 : ffff;
1007 : ffff;
1008 : ffff;
1009 : ffff;
1010 : ffff;
1011 : ffff;
1012 : ffff;
1013 : ffff;
1014 : ffff;
1015 : ffff;
1016 : ffff;
1017 : ffff;
1018 : ffff;
1019 : ffff;
1020 : ffff;
1021 : ffff;
1022 : ffff;
1023 : ffff;
1024 : ffff;
1025 : ffff;
1026 : ffff;
1027 : ffff;
1028 : ffff;
1029 : ffff;
1030 : ffff;
1031 : ffff;
1032 : ffff;
1033 : ffff;
1034 : ffff;
1035 : ffff;
1036 : ffff;
1037 : ffff;
1038 : ffff;
1039 : ffff;
1040 : ffff;
1041 : ffff;
1042 : 18e3;
1043 : 0000;
1044 : 0000;
1045 : 0800;
1046 : 0820;
1047 : 0820;
1048 : 0820;
1049 : 0000;
1050 : 0000;
1051 : ad95;
1052 : ffff;
1053 : ffff;
1054 : ffff;
1055 : ffff;
1056 : ffff;
1057 : ffff;
1058 : ffff;
1059 : ffff;
1060 : ffff;
1061 : ffff;
1062 : ffff;
1063 : bdf7;
1064 : 0000;
1065 : 0820;
1066 : 0820;
1067 : 0820;
1068 : 0820;
1069 : 0820;
1070 : 0820;
1071 : 0820;
1072 : 0820;
1073 : 0820;
1074 : 0820;
1075 : 0820;
1076 : 0820;
1077 : 0820;
1078 : 0820;
1079 : 0820;
1080 : 0820;
1081 : 0000;
1082 : ffff;
1083 : ffff;
1084 : ffff;
1085 : ffff;
1086 : ffff;
1087 : ffff;
1088 : ffff;
1089 : ffff;
1090 : ffff;
1091 : ffff;
1092 : ffff;
1093 : ffff;
1094 : ffff;
1095 : ffff;
1096 : ffff;
1097 : ffff;
1098 : ffff;
1099 : ffff;
1100 : ffff;
1101 : ffff;
1102 : ffff;
1103 : ffff;
1104 : ffff;
1105 : ffff;
1106 : ffff;
1107 : ffff;
1108 : ffff;
1109 : ffff;
1110 : ffff;
1111 : ffff;
1112 : ffff;
1113 : ffff;
1114 : ffff;
1115 : ffff;
1116 : ffff;
1117 : ffff;
1118 : ffff;
1119 : ffff;
1120 : ffff;
1121 : ffff;
1122 : ffff;
1123 : ffff;
1124 : ffff;
1125 : ffff;
1126 : ffff;
1127 : ffff;
1128 : ffff;
1129 : ffff;
1130 : ffff;
1131 : ffff;
1132 : ffff;
1133 : ffff;
1134 : ffff;
1135 : ffff;
1136 : ffff;
1137 : ffff;
1138 : ffff;
1139 : ffff;
1140 : defb;
1141 : 0000;
1142 : 0000;
1143 : 0820;
1144 : 0820;
1145 : 0820;
1146 : 0820;
1147 : 0820;
1148 : 0820;
1149 : 0820;
1150 : 0820;
1151 : 0000;
1152 : c659;
1153 : ffff;
1154 : ffff;
1155 : ffff;
1156 : ffff;
1157 : ffff;
1158 : ffff;
1159 : ffff;
1160 : ffff;
1161 : ffff;
1162 : ffff;
1163 : ffff;
1164 : 0000;
1165 : 0820;
1166 : 0820;
1167 : 0820;
1168 : 0820;
1169 : 0820;
1170 : 0820;
1171 : 0820;
1172 : 0820;
1173 : 0820;
1174 : 0820;
1175 : 0820;
1176 : 0820;
1177 : 0820;
1178 : 0820;
1179 : 0820;
1180 : 0820;
1181 : 0000;
1182 : ffff;
1183 : ffff;
1184 : ffff;
1185 : ffff;
1186 : ffff;
1187 : ffff;
1188 : ffff;
1189 : ffff;
1190 : ffff;
1191 : ffff;
1192 : ffff;
1193 : ffff;
1194 : ffff;
1195 : ffff;
1196 : ffff;
1197 : ffff;
1198 : ffff;
1199 : ffff;
1200 : ffff;
1201 : ffff;
1202 : ffff;
1203 : ffff;
1204 : ffff;
1205 : ffff;
1206 : ffff;
1207 : ffff;
1208 : ffff;
1209 : ffff;
1210 : ffff;
1211 : ffff;
1212 : ffff;
1213 : ffff;
1214 : ffff;
1215 : ffff;
1216 : ffff;
1217 : ffff;
1218 : ffff;
1219 : ffff;
1220 : ffff;
1221 : ffff;
1222 : ffff;
1223 : ffff;
1224 : ffff;
1225 : ffff;
1226 : ffff;
1227 : ffff;
1228 : ffff;
1229 : ffff;
1230 : ffff;
1231 : ffff;
1232 : ffff;
1233 : ffff;
1234 : ffff;
1235 : ffff;
1236 : ffff;
1237 : ffff;
1238 : ffff;
1239 : f7be;
1240 : 0000;
1241 : 0820;
1242 : 0820;
1243 : 0820;
1244 : 0820;
1245 : 0820;
1246 : 0820;
1247 : 0820;
1248 : 0820;
1249 : 0820;
1250 : 0820;
1251 : 0800;
1252 : 0000;
1253 : ffff;
1254 : ffff;
1255 : ffff;
1256 : ffff;
1257 : ffff;
1258 : ffff;
1259 : ffff;
1260 : ffff;
1261 : ffff;
1262 : ffff;
1263 : ffff;
1264 : 52aa;
1265 : 0000;
1266 : 0820;
1267 : 0820;
1268 : 0820;
1269 : 0820;
1270 : 0820;
1271 : 0820;
1272 : 0820;
1273 : 0820;
1274 : 0820;
1275 : 0820;
1276 : 0820;
1277 : 0820;
1278 : 0820;
1279 : 0820;
1280 : 0820;
1281 : 0000;
1282 : ffff;
1283 : ffff;
1284 : ffff;
1285 : ffff;
1286 : ffff;
1287 : ffff;
1288 : ffff;
1289 : ffff;
1290 : ffff;
1291 : ffff;
1292 : ffff;
1293 : ffff;
1294 : ffff;
1295 : ffff;
1296 : ffff;
1297 : ffff;
1298 : ffff;
1299 : ffff;
1300 : ffff;
1301 : ffff;
1302 : ffff;
1303 : ffff;
1304 : ffff;
1305 : ffff;
1306 : ffff;
1307 : ffff;
1308 : ffff;
1309 : ffff;
1310 : ffff;
1311 : ffff;
1312 : ffff;
1313 : ffff;
1314 : ffff;
1315 : ffff;
1316 : ffff;
1317 : ffff;
1318 : ffff;
1319 : ffff;
1320 : ffff;
1321 : ffff;
1322 : ffff;
1323 : ffff;
1324 : ffff;
1325 : ffff;
1326 : ffff;
1327 : ffff;
1328 : ffff;
1329 : ffff;
1330 : ffff;
1331 : ffff;
1332 : ffff;
1333 : ffff;
1334 : ffff;
1335 : ffff;
1336 : ffff;
1337 : ffff;
1338 : ffff;
1339 : 0840;
1340 : 0800;
1341 : 0820;
1342 : 0820;
1343 : 0820;
1344 : 0820;
1345 : 0820;
1346 : 0820;
1347 : 0820;
1348 : 0820;
1349 : 0820;
1350 : 0820;
1351 : 0820;
1352 : 0000;
1353 : 8c30;
1354 : ffff;
1355 : ffff;
1356 : ffff;
1357 : ffff;
1358 : ffff;
1359 : ffff;
1360 : ffff;
1361 : ffff;
1362 : ffff;
1363 : ffff;
1364 : f7be;
1365 : 0000;
1366 : 0820;
1367 : 0820;
1368 : 0820;
1369 : 0820;
1370 : 0820;
1371 : 0820;
1372 : 0820;
1373 : 0820;
1374 : 0820;
1375 : 0820;
1376 : 0820;
1377 : 0820;
1378 : 0820;
1379 : 0820;
1380 : 0800;
1381 : 0841;
1382 : ffff;
1383 : ffff;
1384 : ffff;
1385 : ffff;
1386 : ffff;
1387 : ffff;
1388 : ffff;
1389 : ffff;
1390 : ffff;
1391 : ffff;
1392 : ffff;
1393 : ffff;
1394 : ffff;
1395 : ffff;
1396 : ffff;
1397 : ffff;
1398 : ffff;
1399 : ffff;
1400 : ffff;
1401 : ffff;
1402 : ffff;
1403 : ffff;
1404 : ffff;
1405 : ffff;
1406 : ffff;
1407 : ffff;
1408 : ffff;
1409 : ffff;
1410 : ffff;
1411 : ffff;
1412 : ffff;
1413 : ffff;
1414 : ffff;
1415 : ffff;
1416 : ffff;
1417 : ffff;
1418 : ffff;
1419 : ffff;
1420 : ffff;
1421 : ffff;
1422 : ffff;
1423 : ffff;
1424 : ffff;
1425 : ffff;
1426 : ffff;
1427 : ffff;
1428 : ffff;
1429 : ffff;
1430 : ffff;
1431 : ffff;
1432 : ffff;
1433 : ffff;
1434 : ffff;
1435 : ffff;
1436 : ffff;
1437 : ffff;
1438 : ad75;
1439 : 0000;
1440 : 0820;
1441 : 0820;
1442 : 0820;
1443 : 0820;
1444 : 0820;
1445 : 0820;
1446 : 0820;
1447 : 0820;
1448 : 0820;
1449 : 0820;
1450 : 0820;
1451 : 0820;
1452 : 0820;
1453 : 0000;
1454 : ffff;
1455 : ffff;
1456 : ffff;
1457 : ffff;
1458 : ffff;
1459 : ffff;
1460 : ffff;
1461 : ffff;
1462 : ffff;
1463 : ffff;
1464 : ffff;
1465 : 526a;
1466 : 0000;
1467 : 0820;
1468 : 0820;
1469 : 0820;
1470 : 0820;
1471 : 0820;
1472 : 0820;
1473 : 0820;
1474 : 0820;
1475 : 0820;
1476 : 0820;
1477 : 0820;
1478 : 0820;
1479 : 0820;
1480 : 0000;
1481 : 5aec;
1482 : ffff;
1483 : ffff;
1484 : ffff;
1485 : ffff;
1486 : ffff;
1487 : ffff;
1488 : ffff;
1489 : ffff;
1490 : ffff;
1491 : ffff;
1492 : ffff;
1493 : ffff;
1494 : ffff;
1495 : ffff;
1496 : ffff;
1497 : ffff;
1498 : ffff;
1499 : ffff;
1500 : ffff;
1501 : ffff;
1502 : ffff;
1503 : ffff;
1504 : ffff;
1505 : ffff;
1506 : ffff;
1507 : ffff;
1508 : ffff;
1509 : ffff;
1510 : ffff;
1511 : ffff;
1512 : ffff;
1513 : ffff;
1514 : ffff;
1515 : ffff;
1516 : ffff;
1517 : ffff;
1518 : ffff;
1519 : ffff;
1520 : ffff;
1521 : ffff;
1522 : ffff;
1523 : ffff;
1524 : ffff;
1525 : ffff;
1526 : ffff;
1527 : ffff;
1528 : ffff;
1529 : ffff;
1530 : ffff;
1531 : ffff;
1532 : ffff;
1533 : ffff;
1534 : ffff;
1535 : ffff;
1536 : ffff;
1537 : ffff;
1538 : 3185;
1539 : 0000;
1540 : 0820;
1541 : 0820;
1542 : 0820;
1543 : 0820;
1544 : 0820;
1545 : 0820;
1546 : 0820;
1547 : 0820;
1548 : 0820;
1549 : 0820;
1550 : 0820;
1551 : 0820;
1552 : 0820;
1553 : 0000;
1554 : ffdf;
1555 : ffff;
1556 : ffff;
1557 : ffff;
1558 : ffff;
1559 : ffff;
1560 : ffff;
1561 : ffff;
1562 : ffff;
1563 : ffff;
1564 : ffff;
1565 : ffff;
1566 : 0000;
1567 : 0820;
1568 : 0820;
1569 : 0820;
1570 : 0820;
1571 : 0820;
1572 : 0820;
1573 : 0820;
1574 : 0820;
1575 : 0820;
1576 : 0820;
1577 : 0820;
1578 : 0820;
1579 : 0820;
1580 : 0000;
1581 : c5f7;
1582 : ffff;
1583 : ffff;
1584 : ffff;
1585 : ffff;
1586 : ffff;
1587 : ffff;
1588 : ffff;
1589 : ffff;
1590 : ffff;
1591 : ffff;
1592 : ffff;
1593 : ffff;
1594 : ffff;
1595 : ffff;
1596 : ffff;
1597 : ffff;
1598 : ffff;
1599 : ffff;
1600 : ffff;
1601 : ffff;
1602 : ffff;
1603 : ffff;
1604 : ffff;
1605 : ffff;
1606 : ffff;
1607 : ffff;
1608 : ffff;
1609 : ffff;
1610 : ffff;
1611 : ffff;
1612 : ffff;
1613 : ffff;
1614 : ffff;
1615 : ffff;
1616 : ffff;
1617 : ffff;
1618 : ffff;
1619 : ffff;
1620 : ffff;
1621 : ffff;
1622 : ffff;
1623 : ffff;
1624 : ffff;
1625 : ffff;
1626 : ffff;
1627 : ffff;
1628 : ffff;
1629 : ffff;
1630 : ffff;
1631 : ffff;
1632 : ffff;
1633 : ffff;
1634 : ffff;
1635 : ffff;
1636 : ffff;
1637 : ffff;
1638 : 0000;
1639 : 0820;
1640 : 0820;
1641 : 0820;
1642 : 0820;
1643 : 0820;
1644 : 0820;
1645 : 0820;
1646 : 0820;
1647 : 0820;
1648 : 0820;
1649 : 0820;
1650 : 0820;
1651 : 0820;
1652 : 0820;
1653 : 0000;
1654 : a4f3;
1655 : ffff;
1656 : ffff;
1657 : ffff;
1658 : ffff;
1659 : ffff;
1660 : ffff;
1661 : ffff;
1662 : ffff;
1663 : ffff;
1664 : c618;
1665 : a514;
1666 : 5aaa;
1667 : 0000;
1668 : 0820;
1669 : 0820;
1670 : 0820;
1671 : 0820;
1672 : 0820;
1673 : 0820;
1674 : 0820;
1675 : 0820;
1676 : 0820;
1677 : 0820;
1678 : 0820;
1679 : 0800;
1680 : 0020;
1681 : ffff;
1682 : ffff;
1683 : ffff;
1684 : ffff;
1685 : ffff;
1686 : ffff;
1687 : ffff;
1688 : ffff;
1689 : ffff;
1690 : ffff;
1691 : ffff;
1692 : ffff;
1693 : ffff;
1694 : ffff;
1695 : ffff;
1696 : ffff;
1697 : ffff;
1698 : ffff;
1699 : ffff;
1700 : ffff;
1701 : ffff;
1702 : ffff;
1703 : ffff;
1704 : ffff;
1705 : ffff;
1706 : ffff;
1707 : ffff;
1708 : ffff;
1709 : ffff;
1710 : ffff;
1711 : ffff;
1712 : ffff;
1713 : ffff;
1714 : ffff;
1715 : ffff;
1716 : ffff;
1717 : ffff;
1718 : ffff;
1719 : ffff;
1720 : ffff;
1721 : ffff;
1722 : ffff;
1723 : ffff;
1724 : ffff;
1725 : ffff;
1726 : ffff;
1727 : ffff;
1728 : ffff;
1729 : ffff;
1730 : ffff;
1731 : ffff;
1732 : ffff;
1733 : ffff;
1734 : ffff;
1735 : ffff;
1736 : ffff;
1737 : defb;
1738 : 0000;
1739 : 0820;
1740 : 0820;
1741 : 0820;
1742 : 0820;
1743 : 0820;
1744 : 0820;
1745 : 0820;
1746 : 0820;
1747 : 0820;
1748 : 0820;
1749 : 0820;
1750 : 0820;
1751 : 0820;
1752 : 0820;
1753 : 0000;
1754 : 73ae;
1755 : ffff;
1756 : ffff;
1757 : ffff;
1758 : ffff;
1759 : ffff;
1760 : 94b2;
1761 : 4208;
1762 : 0000;
1763 : 0000;
1764 : 0000;
1765 : 0000;
1766 : 10a1;
1767 : 0000;
1768 : 0000;
1769 : 0000;
1770 : 0820;
1771 : 0820;
1772 : 0820;
1773 : 0820;
1774 : 0820;
1775 : 0820;
1776 : 0820;
1777 : 0820;
1778 : 0820;
1779 : 0000;
1780 : ef7d;
1781 : ffff;
1782 : ffff;
1783 : ffff;
1784 : ffff;
1785 : ffff;
1786 : ffff;
1787 : ffff;
1788 : ffff;
1789 : ffff;
1790 : ffff;
1791 : ffff;
1792 : ffff;
1793 : ffff;
1794 : ffff;
1795 : ffff;
1796 : ffff;
1797 : ffff;
1798 : ffff;
1799 : ffff;
1800 : ffff;
1801 : ffff;
1802 : ffff;
1803 : ffff;
1804 : ffff;
1805 : ffff;
1806 : ffff;
1807 : ffff;
1808 : ffff;
1809 : ffff;
1810 : ffff;
1811 : ffff;
1812 : ffff;
1813 : ffff;
1814 : ffff;
1815 : ffff;
1816 : ffff;
1817 : ffff;
1818 : ffff;
1819 : ffff;
1820 : ffff;
1821 : ffff;
1822 : ffff;
1823 : ffff;
1824 : ffff;
1825 : ffff;
1826 : ffff;
1827 : ffff;
1828 : ffff;
1829 : ffff;
1830 : ffff;
1831 : ffff;
1832 : ffff;
1833 : ffff;
1834 : ffff;
1835 : ffff;
1836 : ffff;
1837 : bdd7;
1838 : 0000;
1839 : 0820;
1840 : 0820;
1841 : 0820;
1842 : 0820;
1843 : 0820;
1844 : 0820;
1845 : 0820;
1846 : 0820;
1847 : 0820;
1848 : 0820;
1849 : 0820;
1850 : 0820;
1851 : 0820;
1852 : 0820;
1853 : 0000;
1854 : 5aab;
1855 : ffff;
1856 : ffff;
1857 : ffde;
1858 : 4208;
1859 : 0000;
1860 : 0000;
1861 : 0000;
1862 : 0800;
1863 : 0000;
1864 : 2944;
1865 : fffe;
1866 : fffd;
1867 : ffff;
1868 : e6f8;
1869 : 20c3;
1870 : 0000;
1871 : 0821;
1872 : 0801;
1873 : 0820;
1874 : 0820;
1875 : 0820;
1876 : 0820;
1877 : 0000;
1878 : 0000;
1879 : d69a;
1880 : ffff;
1881 : ffff;
1882 : ffff;
1883 : ffff;
1884 : ffff;
1885 : ffff;
1886 : ffff;
1887 : d69a;
1888 : ce79;
1889 : ffff;
1890 : ffff;
1891 : ffff;
1892 : ffff;
1893 : ffff;
1894 : ffff;
1895 : ffff;
1896 : ffff;
1897 : ffff;
1898 : ffff;
1899 : ffff;
1900 : ffff;
1901 : ffff;
1902 : ffff;
1903 : ffff;
1904 : ffff;
1905 : ffff;
1906 : ffff;
1907 : ffff;
1908 : ffff;
1909 : ffff;
1910 : ffff;
1911 : ffff;
1912 : ffff;
1913 : ffff;
1914 : ffff;
1915 : ffff;
1916 : ffff;
1917 : ffff;
1918 : ffff;
1919 : ffff;
1920 : ffff;
1921 : ffff;
1922 : ffff;
1923 : ffff;
1924 : ffff;
1925 : ffff;
1926 : ffff;
1927 : ffff;
1928 : ffff;
1929 : ffff;
1930 : ffff;
1931 : ffff;
1932 : ffff;
1933 : ffff;
1934 : ffff;
1935 : ffff;
1936 : ffff;
1937 : ad55;
1938 : 0000;
1939 : 0820;
1940 : 0820;
1941 : 0820;
1942 : 0820;
1943 : 0820;
1944 : 0820;
1945 : 0820;
1946 : 0820;
1947 : 0820;
1948 : 0820;
1949 : 0820;
1950 : 0820;
1951 : 0820;
1952 : 0820;
1953 : 0000;
1954 : 39c7;
1955 : ffff;
1956 : 738e;
1957 : 0000;
1958 : 5aea;
1959 : b5b3;
1960 : bdb4;
1961 : 7bad;
1962 : 0000;
1963 : 1082;
1964 : ffff;
1965 : ffd9;
1966 : f7ba;
1967 : ef59;
1968 : f799;
1969 : fffe;
1970 : 736d;
1971 : 0000;
1972 : 0820;
1973 : 0821;
1974 : 0820;
1975 : 0000;
1976 : 0000;
1977 : 3186;
1978 : f7be;
1979 : ffff;
1980 : ffff;
1981 : ffff;
1982 : ffff;
1983 : ffff;
1984 : ffff;
1985 : ef5d;
1986 : 0000;
1987 : 6b6d;
1988 : 5aeb;
1989 : 0000;
1990 : ef7d;
1991 : ffff;
1992 : ffff;
1993 : ffff;
1994 : ffff;
1995 : ffff;
1996 : ffff;
1997 : ffff;
1998 : ffff;
1999 : ffff;
2000 : ffff;
2001 : ffff;
2002 : ffff;
2003 : ffff;
2004 : ffff;
2005 : ffff;
2006 : ffff;
2007 : ffff;
2008 : ffff;
2009 : ffff;
2010 : ffff;
2011 : ffff;
2012 : ffff;
2013 : ffff;
2014 : ffff;
2015 : ffff;
2016 : ffff;
2017 : ffff;
2018 : ffff;
2019 : ffff;
2020 : ffff;
2021 : ffff;
2022 : ffff;
2023 : ffff;
2024 : ffff;
2025 : ffff;
2026 : ffff;
2027 : ffff;
2028 : ffff;
2029 : ffff;
2030 : ffff;
2031 : ffff;
2032 : ffff;
2033 : ffff;
2034 : ffff;
2035 : ffff;
2036 : ffff;
2037 : b5b6;
2038 : 0000;
2039 : 0820;
2040 : 0820;
2041 : 0820;
2042 : 0820;
2043 : 0820;
2044 : 0820;
2045 : 0820;
2046 : 0820;
2047 : 0820;
2048 : 0820;
2049 : 0820;
2050 : 0820;
2051 : 0820;
2052 : 0820;
2053 : 0000;
2054 : 52aa;
2055 : 4a69;
2056 : 0000;
2057 : ffdc;
2058 : fffb;
2059 : ffba;
2060 : fffb;
2061 : fffd;
2062 : fffd;
2063 : ef39;
2064 : fffd;
2065 : 948e;
2066 : a4f0;
2067 : fffd;
2068 : f779;
2069 : ef59;
2070 : fffc;
2071 : ad33;
2072 : 0000;
2073 : 0801;
2074 : 0000;
2075 : ad75;
2076 : f7be;
2077 : ffff;
2078 : ffff;
2079 : ffff;
2080 : ffff;
2081 : ffff;
2082 : ffff;
2083 : ffff;
2084 : defb;
2085 : 0000;
2086 : ffff;
2087 : ffff;
2088 : ffff;
2089 : f7be;
2090 : 0000;
2091 : e73c;
2092 : ffff;
2093 : ffff;
2094 : ffff;
2095 : ffff;
2096 : ffff;
2097 : ffff;
2098 : ffff;
2099 : ffff;
2100 : ffff;
2101 : ffff;
2102 : ffff;
2103 : ffff;
2104 : ffff;
2105 : ffff;
2106 : ffff;
2107 : ffff;
2108 : ffff;
2109 : ffff;
2110 : ffff;
2111 : ffff;
2112 : ffff;
2113 : ffff;
2114 : ffff;
2115 : ffff;
2116 : ffff;
2117 : ffff;
2118 : ffff;
2119 : ffff;
2120 : ffff;
2121 : ffff;
2122 : ffff;
2123 : ffff;
2124 : ffff;
2125 : ffff;
2126 : ffff;
2127 : ffff;
2128 : ffff;
2129 : ffff;
2130 : ffff;
2131 : ffff;
2132 : ffff;
2133 : ffff;
2134 : ffff;
2135 : ffff;
2136 : ffff;
2137 : dedb;
2138 : 0000;
2139 : 0820;
2140 : 0820;
2141 : 0820;
2142 : 0820;
2143 : 0820;
2144 : 0820;
2145 : 0820;
2146 : 0820;
2147 : 0820;
2148 : 0820;
2149 : 0820;
2150 : 0820;
2151 : 0820;
2152 : 0820;
2153 : 0820;
2154 : 0000;
2155 : 0000;
2156 : ffdb;
2157 : f7ba;
2158 : f75a;
2159 : fffb;
2160 : 9cf0;
2161 : 4226;
2162 : deb7;
2163 : fffc;
2164 : 5aea;
2165 : bdf8;
2166 : b5b6;
2167 : 2944;
2168 : fffd;
2169 : ef79;
2170 : ef79;
2171 : fffc;
2172 : 8c2f;
2173 : 0000;
2174 : 0000;
2175 : 2104;
2176 : ffff;
2177 : ffff;
2178 : ffff;
2179 : ffff;
2180 : ffff;
2181 : ffff;
2182 : ffff;
2183 : ffff;
2184 : 0000;
2185 : ffdf;
2186 : ffff;
2187 : ffff;
2188 : ffff;
2189 : ffff;
2190 : e73c;
2191 : 0000;
2192 : ffff;
2193 : ffff;
2194 : ffff;
2195 : ffff;
2196 : ffff;
2197 : ffff;
2198 : ffff;
2199 : ffff;
2200 : ffff;
2201 : ffff;
2202 : ffff;
2203 : ffff;
2204 : ffff;
2205 : ffff;
2206 : ffff;
2207 : ffff;
2208 : ffff;
2209 : ffff;
2210 : ffff;
2211 : ffff;
2212 : ffff;
2213 : ffff;
2214 : ffff;
2215 : ffff;
2216 : ffff;
2217 : ffff;
2218 : ffff;
2219 : ffff;
2220 : ffff;
2221 : ffff;
2222 : ffff;
2223 : ffff;
2224 : ffff;
2225 : ffff;
2226 : ffff;
2227 : ffff;
2228 : ffff;
2229 : ffff;
2230 : ffff;
2231 : ffff;
2232 : ffff;
2233 : ffff;
2234 : ffff;
2235 : ffff;
2236 : ffff;
2237 : ffff;
2238 : 0000;
2239 : 0820;
2240 : 0820;
2241 : 0820;
2242 : 0820;
2243 : 0820;
2244 : 0820;
2245 : 0820;
2246 : 0820;
2247 : 0820;
2248 : 0820;
2249 : 0820;
2250 : 0820;
2251 : 0820;
2252 : 0820;
2253 : 0820;
2254 : 0000;
2255 : 8c4f;
2256 : fffc;
2257 : ef79;
2258 : f7b9;
2259 : bdd4;
2260 : 8431;
2261 : ffff;
2262 : 4a49;
2263 : d698;
2264 : 5aaa;
2265 : ffff;
2266 : ffff;
2267 : dedb;
2268 : 6b6b;
2269 : fffb;
2270 : ef79;
2271 : ef59;
2272 : fffe;
2273 : 18c3;
2274 : 0000;
2275 : 0000;
2276 : 31a6;
2277 : ffff;
2278 : ffff;
2279 : ffff;
2280 : ffff;
2281 : ffff;
2282 : ffff;
2283 : a514;
2284 : 2945;
2285 : ffff;
2286 : ffff;
2287 : ffff;
2288 : ffff;
2289 : ffff;
2290 : ffff;
2291 : 736d;
2292 : 20e3;
2293 : ffff;
2294 : ffff;
2295 : ffff;
2296 : ffff;
2297 : ffff;
2298 : ffff;
2299 : ffff;
2300 : ffff;
2301 : ffff;
2302 : ffff;
2303 : ffff;
2304 : ffff;
2305 : ffff;
2306 : ffff;
2307 : ffff;
2308 : ffff;
2309 : ffff;
2310 : ffff;
2311 : ffff;
2312 : ffff;
2313 : ffff;
2314 : ffff;
2315 : ffff;
2316 : ffff;
2317 : ffff;
2318 : ffff;
2319 : ffff;
2320 : ffff;
2321 : ffff;
2322 : ffff;
2323 : ffff;
2324 : ffff;
2325 : ffff;
2326 : ffff;
2327 : ffff;
2328 : ffff;
2329 : ffff;
2330 : ffff;
2331 : ffff;
2332 : ffff;
2333 : ffff;
2334 : ffff;
2335 : ffff;
2336 : ffff;
2337 : ffff;
2338 : 2124;
2339 : 0000;
2340 : 0820;
2341 : 0820;
2342 : 0820;
2343 : 0820;
2344 : 0820;
2345 : 0820;
2346 : 0820;
2347 : 0820;
2348 : 0820;
2349 : 0820;
2350 : 0820;
2351 : 0820;
2352 : 0820;
2353 : 0820;
2354 : 0000;
2355 : ffff;
2356 : f779;
2357 : f779;
2358 : fffb;
2359 : 4a48;
2360 : ffff;
2361 : f7de;
2362 : ffff;
2363 : 39c6;
2364 : 9471;
2365 : ffff;
2366 : ffff;
2367 : ffff;
2368 : 4208;
2369 : fffd;
2370 : ef79;
2371 : f77a;
2372 : f798;
2373 : e6f9;
2374 : 0000;
2375 : 0820;
2376 : 0000;
2377 : bdd7;
2378 : ffff;
2379 : ffff;
2380 : ffff;
2381 : ffff;
2382 : ffff;
2383 : 528a;
2384 : 5aaa;
2385 : a554;
2386 : ffff;
2387 : ffff;
2388 : ffff;
2389 : ffff;
2390 : ffff;
2391 : ffff;
2392 : 3165;
2393 : 18c3;
2394 : 0000;
2395 : ffff;
2396 : ffff;
2397 : ffff;
2398 : ffff;
2399 : ffff;
2400 : ffff;
2401 : ffff;
2402 : ffff;
2403 : ffff;
2404 : ffff;
2405 : ffff;
2406 : ffff;
2407 : ffff;
2408 : ffff;
2409 : ffff;
2410 : ffff;
2411 : ffff;
2412 : ffff;
2413 : ffff;
2414 : ffff;
2415 : ffff;
2416 : ffff;
2417 : ffff;
2418 : ffff;
2419 : ffff;
2420 : ffff;
2421 : ffff;
2422 : ffff;
2423 : ffff;
2424 : ffff;
2425 : ffff;
2426 : ffff;
2427 : ffff;
2428 : ffff;
2429 : ffff;
2430 : ffff;
2431 : ffff;
2432 : ffff;
2433 : ffff;
2434 : ffff;
2435 : ffff;
2436 : ffff;
2437 : ffff;
2438 : 94b2;
2439 : 0000;
2440 : 0820;
2441 : 0820;
2442 : 0820;
2443 : 0820;
2444 : 0820;
2445 : 0820;
2446 : 0820;
2447 : 0820;
2448 : 0820;
2449 : 0820;
2450 : 0820;
2451 : 0820;
2452 : 0820;
2453 : 0000;
2454 : 6b6c;
2455 : fffc;
2456 : ef79;
2457 : ef79;
2458 : fffc;
2459 : 5aca;
2460 : ffff;
2461 : ffff;
2462 : ffff;
2463 : ef3d;
2464 : 8430;
2465 : ffff;
2466 : ffff;
2467 : ffff;
2468 : e6fc;
2469 : 840e;
2470 : f7da;
2471 : ef79;
2472 : ef79;
2473 : fffe;
2474 : 18c2;
2475 : 0800;
2476 : 0800;
2477 : 0000;
2478 : ffff;
2479 : ffff;
2480 : ffff;
2481 : ffff;
2482 : ffff;
2483 : 0000;
2484 : 9c92;
2485 : 528a;
2486 : ffff;
2487 : ffff;
2488 : ffff;
2489 : ffff;
2490 : ffff;
2491 : ffff;
2492 : a534;
2493 : ffff;
2494 : d69a;
2495 : 0000;
2496 : ffff;
2497 : ffff;
2498 : ffff;
2499 : ffff;
2500 : ffff;
2501 : ffff;
2502 : ffff;
2503 : ffff;
2504 : ffff;
2505 : ffff;
2506 : ffff;
2507 : ffff;
2508 : ffff;
2509 : ffff;
2510 : ffff;
2511 : ffff;
2512 : ffff;
2513 : ffff;
2514 : ffff;
2515 : ffff;
2516 : ffff;
2517 : ffff;
2518 : ffff;
2519 : ffff;
2520 : ffff;
2521 : ffff;
2522 : ffff;
2523 : ffff;
2524 : ffff;
2525 : ffff;
2526 : ffff;
2527 : ffff;
2528 : ffff;
2529 : ffff;
2530 : ffff;
2531 : ffff;
2532 : ffff;
2533 : ffff;
2534 : ffff;
2535 : ffff;
2536 : ffff;
2537 : ffff;
2538 : ffff;
2539 : 0000;
2540 : 0800;
2541 : 0820;
2542 : 0820;
2543 : 0820;
2544 : 0820;
2545 : 0820;
2546 : 0820;
2547 : 0820;
2548 : 0820;
2549 : 0820;
2550 : 0820;
2551 : 0820;
2552 : 0820;
2553 : 0000;
2554 : c5f4;
2555 : ffba;
2556 : f779;
2557 : ef79;
2558 : fffc;
2559 : 5aa9;
2560 : ffff;
2561 : ffff;
2562 : ffff;
2563 : ffff;
2564 : 5aeb;
2565 : ffff;
2566 : ffff;
2567 : ffff;
2568 : ffff;
2569 : 4a48;
2570 : fffb;
2571 : ef79;
2572 : f779;
2573 : ffdb;
2574 : 840e;
2575 : 0000;
2576 : 0820;
2577 : 0000;
2578 : ad95;
2579 : ffff;
2580 : ffff;
2581 : ffff;
2582 : ad75;
2583 : 0000;
2584 : ffff;
2585 : 9471;
2586 : a4d3;
2587 : ffff;
2588 : ffff;
2589 : ffff;
2590 : ffff;
2591 : ffff;
2592 : d6ba;
2593 : ffff;
2594 : ffff;
2595 : 9cf3;
2596 : 3186;
2597 : ffff;
2598 : ffff;
2599 : ffff;
2600 : ffff;
2601 : ffff;
2602 : ffff;
2603 : ffff;
2604 : ffff;
2605 : ffff;
2606 : ffff;
2607 : ffff;
2608 : ffff;
2609 : ffff;
2610 : ffff;
2611 : ffff;
2612 : ffff;
2613 : ffff;
2614 : ffff;
2615 : ffff;
2616 : ffff;
2617 : ffff;
2618 : ffff;
2619 : ffff;
2620 : ffff;
2621 : ffff;
2622 : ffff;
2623 : ffff;
2624 : ffff;
2625 : ffff;
2626 : ffff;
2627 : ffff;
2628 : ffff;
2629 : ffff;
2630 : ffff;
2631 : ffff;
2632 : ffff;
2633 : ffff;
2634 : ffff;
2635 : ffff;
2636 : ffff;
2637 : ffff;
2638 : ffff;
2639 : a554;
2640 : 0000;
2641 : 0820;
2642 : 0820;
2643 : 0820;
2644 : 0820;
2645 : 0820;
2646 : 0820;
2647 : 0820;
2648 : 0820;
2649 : 0820;
2650 : 0820;
2651 : 0820;
2652 : 0820;
2653 : 0000;
2654 : ffba;
2655 : f77a;
2656 : f779;
2657 : f779;
2658 : fffb;
2659 : 5248;
2660 : ffff;
2661 : ffff;
2662 : ffff;
2663 : ffff;
2664 : 5289;
2665 : ffff;
2666 : ffff;
2667 : ffff;
2668 : ffff;
2669 : 5aca;
2670 : fffc;
2671 : f779;
2672 : f779;
2673 : f7ba;
2674 : ce55;
2675 : 0000;
2676 : 0820;
2677 : 0000;
2678 : 4208;
2679 : ffff;
2680 : ffff;
2681 : ffff;
2682 : 0000;
2683 : 8410;
2684 : ffff;
2685 : 0820;
2686 : ffff;
2687 : ffff;
2688 : ffff;
2689 : ffff;
2690 : ffff;
2691 : ffff;
2692 : ffff;
2693 : ffff;
2694 : ffff;
2695 : ffff;
2696 : 0000;
2697 : f7be;
2698 : ffff;
2699 : ffff;
2700 : ffff;
2701 : ffff;
2702 : ffff;
2703 : ffff;
2704 : ffff;
2705 : ffff;
2706 : ffff;
2707 : ffff;
2708 : ffff;
2709 : ffff;
2710 : ffff;
2711 : ffff;
2712 : ffff;
2713 : ffff;
2714 : ffff;
2715 : ffff;
2716 : ffff;
2717 : ffff;
2718 : ffff;
2719 : ffff;
2720 : ffff;
2721 : ffff;
2722 : ffff;
2723 : ffff;
2724 : ffff;
2725 : ffff;
2726 : ffff;
2727 : ffff;
2728 : ffff;
2729 : ffff;
2730 : ffff;
2731 : ffff;
2732 : ffff;
2733 : ffff;
2734 : ffff;
2735 : ffff;
2736 : ffff;
2737 : ffff;
2738 : ffff;
2739 : ffff;
2740 : 39e7;
2741 : 0000;
2742 : 0820;
2743 : 0820;
2744 : 0820;
2745 : 0820;
2746 : 0820;
2747 : 0820;
2748 : 0820;
2749 : 0000;
2750 : 0000;
2751 : 0820;
2752 : 0820;
2753 : 0000;
2754 : ffda;
2755 : f77a;
2756 : ef79;
2757 : ef79;
2758 : ffda;
2759 : 73ac;
2760 : f7be;
2761 : ffff;
2762 : ffff;
2763 : ffff;
2764 : 630c;
2765 : e73c;
2766 : 31a6;
2767 : f7be;
2768 : ffff;
2769 : 52a9;
2770 : fffc;
2771 : ef79;
2772 : ef79;
2773 : f779;
2774 : ffbb;
2775 : 0000;
2776 : 0820;
2777 : 0820;
2778 : 0000;
2779 : ffff;
2780 : ffff;
2781 : 8c51;
2782 : 0000;
2783 : ffff;
2784 : ef7d;
2785 : 5249;
2786 : ffff;
2787 : ffff;
2788 : ffff;
2789 : ffff;
2790 : ffff;
2791 : ffdf;
2792 : ffff;
2793 : ffff;
2794 : ffff;
2795 : ffff;
2796 : 6b4d;
2797 : 0000;
2798 : e71c;
2799 : ffff;
2800 : ffff;
2801 : ffff;
2802 : ffff;
2803 : ffff;
2804 : ffff;
2805 : ffff;
2806 : ffff;
2807 : ffff;
2808 : ffff;
2809 : ffff;
2810 : ffff;
2811 : ffff;
2812 : ffff;
2813 : ffff;
2814 : ffff;
2815 : ffff;
2816 : ffff;
2817 : ffff;
2818 : ffff;
2819 : ffff;
2820 : ffff;
2821 : ffff;
2822 : ffff;
2823 : ffff;
2824 : ffff;
2825 : ffff;
2826 : ffff;
2827 : ffff;
2828 : ffff;
2829 : ffff;
2830 : ffff;
2831 : ffff;
2832 : ffff;
2833 : ffff;
2834 : ffff;
2835 : ffff;
2836 : ffff;
2837 : ffff;
2838 : ffff;
2839 : ffff;
2840 : ffff;
2841 : 5acb;
2842 : 0000;
2843 : 0000;
2844 : 0000;
2845 : 0000;
2846 : 0000;
2847 : 0000;
2848 : 0000;
2849 : 3165;
2850 : c5d7;
2851 : 0000;
2852 : 1020;
2853 : 0000;
2854 : f779;
2855 : f77a;
2856 : f779;
2857 : f779;
2858 : f779;
2859 : ffdb;
2860 : 7bef;
2861 : 0000;
2862 : 630c;
2863 : ffff;
2864 : ad75;
2865 : 0861;
2866 : 0000;
2867 : 0000;
2868 : ffff;
2869 : 52aa;
2870 : fffc;
2871 : f779;
2872 : f779;
2873 : f779;
2874 : fffd;
2875 : 0000;
2876 : 0820;
2877 : 0000;
2878 : 0000;
2879 : bdf8;
2880 : ffff;
2881 : 0000;
2882 : 9cf3;
2883 : ffff;
2884 : 5acb;
2885 : ff9e;
2886 : ffff;
2887 : ffff;
2888 : ffff;
2889 : ffff;
2890 : ffff;
2891 : 6b4d;
2892 : ffff;
2893 : ffff;
2894 : ffff;
2895 : ffff;
2896 : bdd7;
2897 : ce59;
2898 : 0000;
2899 : ffff;
2900 : ffff;
2901 : ffff;
2902 : ffff;
2903 : ffff;
2904 : ffff;
2905 : ffff;
2906 : ffff;
2907 : ffff;
2908 : ffff;
2909 : ffff;
2910 : ffff;
2911 : ffff;
2912 : ffff;
2913 : ffff;
2914 : ffff;
2915 : ffff;
2916 : ffff;
2917 : ffff;
2918 : ffff;
2919 : ffff;
2920 : ffff;
2921 : ffff;
2922 : ffff;
2923 : ffff;
2924 : ffff;
2925 : ffff;
2926 : ffff;
2927 : ffff;
2928 : ffff;
2929 : ffff;
2930 : ffff;
2931 : ffff;
2932 : ffff;
2933 : ffff;
2934 : ffff;
2935 : ffff;
2936 : ffff;
2937 : ffff;
2938 : ffff;
2939 : ffff;
2940 : ffff;
2941 : ffff;
2942 : ef7d;
2943 : 6b6d;
2944 : 3186;
2945 : 2104;
2946 : 4a69;
2947 : 8c31;
2948 : ffdf;
2949 : ffff;
2950 : ad75;
2951 : 0000;
2952 : 0820;
2953 : 0000;
2954 : bdd3;
2955 : f7ba;
2956 : ef79;
2957 : ef79;
2958 : ef79;
2959 : fffb;
2960 : 630b;
2961 : 0821;
2962 : 0000;
2963 : 9492;
2964 : 9cd3;
2965 : 0000;
2966 : 0820;
2967 : 0000;
2968 : 8410;
2969 : 62ca;
2970 : fffa;
2971 : ef79;
2972 : ef79;
2973 : f779;
2974 : fffc;
2975 : 0000;
2976 : 0000;
2977 : 41e7;
2978 : 1061;
2979 : 738e;
2980 : ffff;
2981 : 0000;
2982 : ffff;
2983 : ffff;
2984 : 4a69;
2985 : ffff;
2986 : ffff;
2987 : ffff;
2988 : ffff;
2989 : ffff;
2990 : ffff;
2991 : 528a;
2992 : b5b6;
2993 : ffff;
2994 : bdb6;
2995 : ffff;
2996 : e73c;
2997 : ffff;
2998 : 18c3;
2999 : ad35;
3000 : ffff;
3001 : ffff;
3002 : ffff;
3003 : ffff;
3004 : ffff;
3005 : ffff;
3006 : ffff;
3007 : ffff;
3008 : ffff;
3009 : ffff;
3010 : ffff;
3011 : ffff;
3012 : ffff;
3013 : ffff;
3014 : ffff;
3015 : ffff;
3016 : ffff;
3017 : ffff;
3018 : ffff;
3019 : ffff;
3020 : ffff;
3021 : ffff;
3022 : ffff;
3023 : ffff;
3024 : ffff;
3025 : ffff;
3026 : ffff;
3027 : ffff;
3028 : ffff;
3029 : ffff;
3030 : ffff;
3031 : ffff;
3032 : ffff;
3033 : ffff;
3034 : ffff;
3035 : ffff;
3036 : ffff;
3037 : ffff;
3038 : ffff;
3039 : ffff;
3040 : ffff;
3041 : ffff;
3042 : ffff;
3043 : ffff;
3044 : ffff;
3045 : ffff;
3046 : ffff;
3047 : ffff;
3048 : ffff;
3049 : ffff;
3050 : 8410;
3051 : 0000;
3052 : 0820;
3053 : 0000;
3054 : 736d;
3055 : fffc;
3056 : ef79;
3057 : ef79;
3058 : ef79;
3059 : f778;
3060 : fffe;
3061 : 0000;
3062 : 0000;
3063 : 10c2;
3064 : 5289;
3065 : 0000;
3066 : 0000;
3067 : 0000;
3068 : 3144;
3069 : ffff;
3070 : fffc;
3071 : f79a;
3072 : ef79;
3073 : f79a;
3074 : deb7;
3075 : 7bce;
3076 : ffff;
3077 : fffd;
3078 : ffff;
3079 : 41e6;
3080 : bdd7;
3081 : 0000;
3082 : ffff;
3083 : ffff;
3084 : 6b4d;
3085 : ffff;
3086 : ffff;
3087 : ffff;
3088 : ffff;
3089 : ffff;
3090 : ffff;
3091 : 0000;
3092 : ce79;
3093 : ffff;
3094 : 3186;
3095 : ffff;
3096 : ffff;
3097 : ffff;
3098 : ad14;
3099 : 5b0c;
3100 : ffff;
3101 : ffff;
3102 : ffff;
3103 : ffff;
3104 : ffff;
3105 : ffff;
3106 : ffff;
3107 : ffff;
3108 : ffff;
3109 : ffff;
3110 : ffff;
3111 : ffff;
3112 : ffff;
3113 : ffff;
3114 : ffff;
3115 : ffff;
3116 : ffff;
3117 : ffff;
3118 : ffff;
3119 : ffff;
3120 : ffff;
3121 : ffff;
3122 : ffff;
3123 : ffff;
3124 : ffff;
3125 : ffff;
3126 : ffff;
3127 : ffff;
3128 : ffff;
3129 : ffff;
3130 : ffff;
3131 : ffff;
3132 : ffff;
3133 : ffff;
3134 : ffff;
3135 : ffff;
3136 : ffff;
3137 : ffff;
3138 : ffff;
3139 : ffff;
3140 : ffff;
3141 : ffff;
3142 : ffff;
3143 : ffff;
3144 : ffff;
3145 : ffff;
3146 : ffff;
3147 : ffff;
3148 : ffff;
3149 : ffff;
3150 : 73af;
3151 : 0000;
3152 : 0820;
3153 : 0800;
3154 : 0000;
3155 : ffff;
3156 : f779;
3157 : f779;
3158 : f779;
3159 : f779;
3160 : f77a;
3161 : fffb;
3162 : 5269;
3163 : 0000;
3164 : 4a28;
3165 : d698;
3166 : e6f9;
3167 : 7bee;
3168 : 4207;
3169 : 18c2;
3170 : 5268;
3171 : f77a;
3172 : f799;
3173 : f77a;
3174 : f79a;
3175 : fffa;
3176 : f7ba;
3177 : f7b9;
3178 : f799;
3179 : c634;
3180 : 62ec;
3181 : 0861;
3182 : ffff;
3183 : ffff;
3184 : 8410;
3185 : ffff;
3186 : ffff;
3187 : ffff;
3188 : ffff;
3189 : ffff;
3190 : 9cf3;
3191 : 2104;
3192 : ffff;
3193 : ffff;
3194 : 0841;
3195 : ffff;
3196 : ffdf;
3197 : ffff;
3198 : ffff;
3199 : 2104;
3200 : ffff;
3201 : ffff;
3202 : ffff;
3203 : ffff;
3204 : ffff;
3205 : ffff;
3206 : ffff;
3207 : ffff;
3208 : ffff;
3209 : ffff;
3210 : ffff;
3211 : ffff;
3212 : ffff;
3213 : ffff;
3214 : ffff;
3215 : ffff;
3216 : ffff;
3217 : ffff;
3218 : ffff;
3219 : ffff;
3220 : ffff;
3221 : ffff;
3222 : ffff;
3223 : ffff;
3224 : ffff;
3225 : ffff;
3226 : ffff;
3227 : ffff;
3228 : ffff;
3229 : ffff;
3230 : ffff;
3231 : ffff;
3232 : ffff;
3233 : ffff;
3234 : ffff;
3235 : ffff;
3236 : ffff;
3237 : ffff;
3238 : ffff;
3239 : ffff;
3240 : ffff;
3241 : ffff;
3242 : ffff;
3243 : ffff;
3244 : ffff;
3245 : ffff;
3246 : ffff;
3247 : ffff;
3248 : ffff;
3249 : ffff;
3250 : 5aec;
3251 : 0000;
3252 : 0820;
3253 : 0820;
3254 : 0000;
3255 : ce35;
3256 : f79a;
3257 : ef79;
3258 : ef79;
3259 : ef79;
3260 : ef79;
3261 : ffdb;
3262 : 8c6e;
3263 : f7ba;
3264 : ffff;
3265 : 3164;
3266 : 0000;
3267 : 0000;
3268 : 0001;
3269 : 0000;
3270 : 0000;
3271 : 0000;
3272 : ffbc;
3273 : f799;
3274 : ef79;
3275 : fffc;
3276 : b594;
3277 : b594;
3278 : fffb;
3279 : fffc;
3280 : 18c3;
3281 : 0020;
3282 : ffff;
3283 : ffff;
3284 : 8c51;
3285 : ffff;
3286 : ffff;
3287 : ffff;
3288 : ffff;
3289 : ffff;
3290 : b5b6;
3291 : ffff;
3292 : ffff;
3293 : 8430;
3294 : 630c;
3295 : ffdf;
3296 : f7be;
3297 : ffff;
3298 : ffff;
3299 : 0000;
3300 : ffff;
3301 : ffff;
3302 : ffff;
3303 : ffff;
3304 : ffff;
3305 : ffff;
3306 : ffff;
3307 : ffff;
3308 : ffff;
3309 : ffff;
3310 : ffff;
3311 : ffff;
3312 : ffff;
3313 : ffff;
3314 : ffff;
3315 : ffff;
3316 : ffff;
3317 : ffff;
3318 : ffff;
3319 : ffff;
3320 : ffff;
3321 : ffff;
3322 : ffff;
3323 : ffff;
3324 : ffff;
3325 : ffff;
3326 : ffff;
3327 : ffff;
3328 : ffff;
3329 : ffff;
3330 : ffff;
3331 : ffff;
3332 : ffff;
3333 : ffff;
3334 : ffff;
3335 : ffff;
3336 : ffff;
3337 : ffff;
3338 : ffff;
3339 : ffff;
3340 : ffff;
3341 : ffff;
3342 : ffff;
3343 : ffff;
3344 : ffff;
3345 : ffff;
3346 : ffff;
3347 : ffff;
3348 : ffff;
3349 : ffff;
3350 : 52aa;
3351 : 0000;
3352 : 0820;
3353 : 0820;
3354 : 0800;
3355 : 20e3;
3356 : fffe;
3357 : ef79;
3358 : f779;
3359 : f779;
3360 : f779;
3361 : f779;
3362 : ffdb;
3363 : ffff;
3364 : 0821;
3365 : 0000;
3366 : 0820;
3367 : 0820;
3368 : 0820;
3369 : 0820;
3370 : 0820;
3371 : 0000;
3372 : 948f;
3373 : ffda;
3374 : ffdb;
3375 : 8c4e;
3376 : 0821;
3377 : 0000;
3378 : ce55;
3379 : fffc;
3380 : 4208;
3381 : 0000;
3382 : ffff;
3383 : ffff;
3384 : 9cf3;
3385 : ffff;
3386 : ffff;
3387 : ffff;
3388 : ffff;
3389 : ffff;
3390 : ffff;
3391 : ffff;
3392 : ffff;
3393 : 4228;
3394 : ffff;
3395 : 7bef;
3396 : c618;
3397 : ffff;
3398 : ffff;
3399 : 0000;
3400 : ffff;
3401 : ffff;
3402 : ffff;
3403 : ffff;
3404 : ffff;
3405 : ffff;
3406 : ffff;
3407 : ffff;
3408 : ffff;
3409 : ffff;
3410 : ffff;
3411 : ffff;
3412 : ffff;
3413 : ffff;
3414 : ffff;
3415 : ffff;
3416 : ffff;
3417 : ffff;
3418 : ffff;
3419 : ffff;
3420 : ffff;
3421 : ffff;
3422 : ffff;
3423 : ffff;
3424 : ffff;
3425 : ffff;
3426 : ffff;
3427 : ffff;
3428 : ffff;
3429 : ffff;
3430 : ffff;
3431 : ffff;
3432 : ffff;
3433 : ffff;
3434 : ffff;
3435 : ffff;
3436 : ffff;
3437 : ffff;
3438 : ffff;
3439 : ffff;
3440 : ffff;
3441 : ffff;
3442 : ffff;
3443 : ffff;
3444 : ffff;
3445 : ffff;
3446 : ffff;
3447 : ffff;
3448 : ffff;
3449 : ffff;
3450 : 632c;
3451 : 0000;
3452 : 0820;
3453 : 0820;
3454 : 0820;
3455 : 0000;
3456 : b572;
3457 : ffba;
3458 : f75a;
3459 : f779;
3460 : f779;
3461 : f779;
3462 : ffda;
3463 : 9490;
3464 : 0000;
3465 : 0820;
3466 : 0820;
3467 : 0820;
3468 : 0820;
3469 : 0820;
3470 : 0820;
3471 : 0000;
3472 : f778;
3473 : f77b;
3474 : f779;
3475 : fffe;
3476 : 5289;
3477 : c5f5;
3478 : f799;
3479 : fffb;
3480 : 7c10;
3481 : 0000;
3482 : ce39;
3483 : ffff;
3484 : c638;
3485 : ef5d;
3486 : ffff;
3487 : ffff;
3488 : ffdf;
3489 : ffff;
3490 : ffff;
3491 : ffff;
3492 : ffff;
3493 : ffff;
3494 : ffff;
3495 : 0000;
3496 : f7be;
3497 : ffff;
3498 : ffdf;
3499 : 0020;
3500 : ffff;
3501 : ffff;
3502 : ffff;
3503 : ffff;
3504 : ffff;
3505 : ffff;
3506 : ffff;
3507 : ffff;
3508 : ffff;
3509 : ffff;
3510 : ffff;
3511 : ffff;
3512 : ffff;
3513 : ffff;
3514 : ffff;
3515 : ffff;
3516 : ffff;
3517 : ffff;
3518 : ffff;
3519 : ffff;
3520 : ffff;
3521 : ffff;
3522 : ffff;
3523 : ffff;
3524 : ffff;
3525 : ffff;
3526 : ffff;
3527 : ffff;
3528 : ffff;
3529 : ffff;
3530 : ffff;
3531 : ffff;
3532 : ffff;
3533 : ffff;
3534 : ffff;
3535 : ffff;
3536 : ffff;
3537 : ffff;
3538 : ffff;
3539 : ffff;
3540 : ffff;
3541 : ffff;
3542 : ffff;
3543 : ffff;
3544 : ffff;
3545 : ffff;
3546 : ffff;
3547 : ffff;
3548 : ffff;
3549 : ffff;
3550 : 7bef;
3551 : 0000;
3552 : 0820;
3553 : 0840;
3554 : 0000;
3555 : 0000;
3556 : 41e7;
3557 : fffc;
3558 : ef79;
3559 : ef79;
3560 : ef79;
3561 : ef79;
3562 : fffa;
3563 : 6b6c;
3564 : 0000;
3565 : 0820;
3566 : 0820;
3567 : 0820;
3568 : 0820;
3569 : 0800;
3570 : 0000;
3571 : 840e;
3572 : fffc;
3573 : ef7a;
3574 : ef79;
3575 : fffd;
3576 : 0000;
3577 : fffe;
3578 : f79a;
3579 : deb7;
3580 : 8c71;
3581 : 6b4d;
3582 : 2104;
3583 : ffff;
3584 : ffff;
3585 : bdd7;
3586 : 528a;
3587 : 8430;
3588 : d69a;
3589 : ffff;
3590 : ffff;
3591 : d6ba;
3592 : ffff;
3593 : ffff;
3594 : 0000;
3595 : 6b6d;
3596 : ffff;
3597 : ffff;
3598 : ad34;
3599 : 31a6;
3600 : ffff;
3601 : ffff;
3602 : ffff;
3603 : ffff;
3604 : ffff;
3605 : ffff;
3606 : ffff;
3607 : ffff;
3608 : ffff;
3609 : ffff;
3610 : ffff;
3611 : ffff;
3612 : ffff;
3613 : ffff;
3614 : ffff;
3615 : ffff;
3616 : ffff;
3617 : ffff;
3618 : ffff;
3619 : ffff;
3620 : ffff;
3621 : ffff;
3622 : ffff;
3623 : ffff;
3624 : ffff;
3625 : ffff;
3626 : ffff;
3627 : ffff;
3628 : ffff;
3629 : ffff;
3630 : ffff;
3631 : ffff;
3632 : ffff;
3633 : ffff;
3634 : ffff;
3635 : ffff;
3636 : ffff;
3637 : ffff;
3638 : ffff;
3639 : ffff;
3640 : ffff;
3641 : ffff;
3642 : ffff;
3643 : ffff;
3644 : ffff;
3645 : ffff;
3646 : ffff;
3647 : ffff;
3648 : ffff;
3649 : ffff;
3650 : 94b2;
3651 : 0000;
3652 : 0820;
3653 : 0000;
3654 : 5aa9;
3655 : fffe;
3656 : fffc;
3657 : ef79;
3658 : f779;
3659 : f779;
3660 : f779;
3661 : f779;
3662 : f779;
3663 : ffdc;
3664 : 0000;
3665 : 0000;
3666 : 0000;
3667 : 0000;
3668 : 0000;
3669 : 0000;
3670 : ad73;
3671 : fffc;
3672 : f77a;
3673 : f779;
3674 : fffc;
3675 : 5288;
3676 : 7bae;
3677 : fffb;
3678 : ffbb;
3679 : 8c2e;
3680 : defb;
3681 : ffff;
3682 : 0000;
3683 : deba;
3684 : 7bcf;
3685 : 630c;
3686 : ffff;
3687 : ffff;
3688 : ffff;
3689 : ffff;
3690 : ffff;
3691 : b5b6;
3692 : c638;
3693 : f7be;
3694 : ffff;
3695 : ffff;
3696 : ffde;
3697 : ffff;
3698 : 52aa;
3699 : 738e;
3700 : ffff;
3701 : ffff;
3702 : ffff;
3703 : ffff;
3704 : ffff;
3705 : ffff;
3706 : ffff;
3707 : ffff;
3708 : ffff;
3709 : ffff;
3710 : ffff;
3711 : ffff;
3712 : ffff;
3713 : ffff;
3714 : ffff;
3715 : ffff;
3716 : ffff;
3717 : ffff;
3718 : ffff;
3719 : ffff;
3720 : ffff;
3721 : ffff;
3722 : ffff;
3723 : ffff;
3724 : ffff;
3725 : ffff;
3726 : ffff;
3727 : ffff;
3728 : ffff;
3729 : ffff;
3730 : ffff;
3731 : ffff;
3732 : ffff;
3733 : ffff;
3734 : ffff;
3735 : ffff;
3736 : ffff;
3737 : ffff;
3738 : ffff;
3739 : ffff;
3740 : ffff;
3741 : ffff;
3742 : ffff;
3743 : ffff;
3744 : ffff;
3745 : ffff;
3746 : ffff;
3747 : ffff;
3748 : ffff;
3749 : ffff;
3750 : e73c;
3751 : 0000;
3752 : 0000;
3753 : 2944;
3754 : fffe;
3755 : ef7a;
3756 : ef79;
3757 : ffda;
3758 : fffb;
3759 : f799;
3760 : ef79;
3761 : ef79;
3762 : f779;
3763 : f799;
3764 : fffd;
3765 : 9cb0;
3766 : 6b4c;
3767 : 7bad;
3768 : bdd5;
3769 : ffff;
3770 : ffdb;
3771 : f779;
3772 : ef79;
3773 : f799;
3774 : f77b;
3775 : 0000;
3776 : fffe;
3777 : ef79;
3778 : fffb;
3779 : 4a48;
3780 : ffff;
3781 : ffff;
3782 : ef5d;
3783 : 0000;
3784 : 39c7;
3785 : ffff;
3786 : ffff;
3787 : ffff;
3788 : ffff;
3789 : ffff;
3790 : ffff;
3791 : ffff;
3792 : 4228;
3793 : ffff;
3794 : ffff;
3795 : ffff;
3796 : ffff;
3797 : ffff;
3798 : 0000;
3799 : d6ba;
3800 : ffff;
3801 : ffff;
3802 : ffff;
3803 : ffff;
3804 : ffff;
3805 : ffff;
3806 : ffff;
3807 : ffff;
3808 : ffff;
3809 : ffff;
3810 : ffff;
3811 : ffff;
3812 : ffff;
3813 : ffff;
3814 : ffff;
3815 : ffff;
3816 : ffff;
3817 : ffff;
3818 : ffff;
3819 : ffff;
3820 : ffff;
3821 : ffff;
3822 : ffff;
3823 : ffff;
3824 : ffff;
3825 : ffff;
3826 : ffff;
3827 : ffff;
3828 : ffff;
3829 : ffff;
3830 : ffff;
3831 : ffff;
3832 : ffff;
3833 : ffff;
3834 : ffff;
3835 : ffff;
3836 : ffff;
3837 : ffff;
3838 : ffff;
3839 : ffff;
3840 : ffff;
3841 : ffff;
3842 : ffff;
3843 : ffff;
3844 : ffff;
3845 : ffff;
3846 : ffff;
3847 : ffff;
3848 : ffff;
3849 : ffff;
3850 : ffff;
3851 : 0000;
3852 : 0000;
3853 : b593;
3854 : ffba;
3855 : f779;
3856 : fffd;
3857 : 8c2f;
3858 : 3185;
3859 : ded9;
3860 : f799;
3861 : f779;
3862 : f779;
3863 : f779;
3864 : f779;
3865 : ffda;
3866 : fffb;
3867 : fffb;
3868 : ffba;
3869 : f779;
3870 : ef79;
3871 : f779;
3872 : f779;
3873 : fffe;
3874 : 0000;
3875 : c5f6;
3876 : ffba;
3877 : f77a;
3878 : fffd;
3879 : 4a49;
3880 : ffff;
3881 : ffff;
3882 : ffff;
3883 : 3186;
3884 : 9cf3;
3885 : ffff;
3886 : c638;
3887 : 2945;
3888 : 5269;
3889 : ffff;
3890 : ffff;
3891 : ffff;
3892 : 8410;
3893 : ce59;
3894 : ffff;
3895 : ffff;
3896 : ffff;
3897 : 39a6;
3898 : 0000;
3899 : ffff;
3900 : ffff;
3901 : ffff;
3902 : ffff;
3903 : ffff;
3904 : ffff;
3905 : ffff;
3906 : ffff;
3907 : ffff;
3908 : ffff;
3909 : ffff;
3910 : ffff;
3911 : ffff;
3912 : ffff;
3913 : ffff;
3914 : ffff;
3915 : ffff;
3916 : ffff;
3917 : ffff;
3918 : ffff;
3919 : ffff;
3920 : ffff;
3921 : ffff;
3922 : ffff;
3923 : ffff;
3924 : ffff;
3925 : ffff;
3926 : ffff;
3927 : ffff;
3928 : ffff;
3929 : ffff;
3930 : ffff;
3931 : ffff;
3932 : ffff;
3933 : ffff;
3934 : ffff;
3935 : ffff;
3936 : ffff;
3937 : ffff;
3938 : ffff;
3939 : ffff;
3940 : ffff;
3941 : ffff;
3942 : ffff;
3943 : ffff;
3944 : ffff;
3945 : ffff;
3946 : ffff;
3947 : ffff;
3948 : ffff;
3949 : ffff;
3950 : ffff;
3951 : 8430;
3952 : 0000;
3953 : ef39;
3954 : f79a;
3955 : fffb;
3956 : 6b4b;
3957 : 0000;
3958 : fffd;
3959 : ffda;
3960 : f75a;
3961 : f779;
3962 : f779;
3963 : f779;
3964 : f779;
3965 : f779;
3966 : f779;
3967 : f779;
3968 : f779;
3969 : f75a;
3970 : f779;
3971 : ffba;
3972 : ffff;
3973 : 0000;
3974 : 6b2c;
3975 : fffc;
3976 : f75a;
3977 : f7d9;
3978 : 840e;
3979 : defb;
3980 : ffff;
3981 : ffff;
3982 : ffff;
3983 : 2965;
3984 : bdf7;
3985 : a514;
3986 : 0000;
3987 : 0000;
3988 : 0000;
3989 : 6b4d;
3990 : ffff;
3991 : ffff;
3992 : e71b;
3993 : 632c;
3994 : ffff;
3995 : ffff;
3996 : 6b4c;
3997 : 0000;
3998 : d69a;
3999 : ffff;
4000 : ffff;
4001 : ffff;
4002 : ffff;
4003 : ffff;
4004 : ffff;
4005 : ffff;
4006 : ffff;
4007 : ffff;
4008 : ffff;
4009 : ffff;
4010 : ffff;
4011 : ffff;
4012 : ffff;
4013 : ffff;
4014 : ffff;
4015 : ffff;
4016 : ffff;
4017 : ffff;
4018 : ffff;
4019 : ffff;
4020 : ffff;
4021 : ffff;
4022 : ffff;
4023 : ffff;
4024 : ffff;
4025 : ffff;
4026 : ffff;
4027 : ffff;
4028 : ffff;
4029 : ffff;
4030 : ffff;
4031 : ffff;
4032 : ffff;
4033 : ffff;
4034 : ffff;
4035 : ffff;
4036 : ffff;
4037 : ffff;
4038 : ffff;
4039 : ffff;
4040 : ffff;
4041 : ffff;
4042 : ffff;
4043 : ffff;
4044 : ffff;
4045 : ffff;
4046 : ffff;
4047 : ffff;
4048 : ffff;
4049 : ffff;
4050 : ffff;
4051 : ffff;
4052 : 0000;
4053 : e6f8;
4054 : f79a;
4055 : fffb;
4056 : 4a28;
4057 : d6b7;
4058 : 0000;
4059 : f7ba;
4060 : fffb;
4061 : ef79;
4062 : ef79;
4063 : ef79;
4064 : ef79;
4065 : ef79;
4066 : ef79;
4067 : ef79;
4068 : ef79;
4069 : ffd9;
4070 : fffe;
4071 : c615;
4072 : 0000;
4073 : 4a29;
4074 : fffd;
4075 : ef79;
4076 : ef5a;
4077 : fffe;
4078 : 39e7;
4079 : ffff;
4080 : ffff;
4081 : ffff;
4082 : ffff;
4083 : ad75;
4084 : 39e7;
4085 : 0000;
4086 : 0820;
4087 : 0000;
4088 : 0000;
4089 : 0000;
4090 : ffff;
4091 : ffff;
4092 : bdf7;
4093 : 73ae;
4094 : ffff;
4095 : 2944;
4096 : 0000;
4097 : 9cb2;
4098 : ffff;
4099 : ffff;
4100 : ffff;
4101 : ffff;
4102 : ffff;
4103 : ffff;
4104 : ffff;
4105 : ffff;
4106 : ffff;
4107 : ffff;
4108 : ffff;
4109 : ffff;
4110 : ffff;
4111 : ffff;
4112 : ffff;
4113 : ffff;
4114 : ffff;
4115 : ffff;
4116 : ffff;
4117 : ffff;
4118 : ffff;
4119 : ffff;
4120 : ffff;
4121 : ffff;
4122 : ffff;
4123 : ffff;
4124 : ffff;
4125 : ffff;
4126 : ffff;
4127 : ffff;
4128 : ffff;
4129 : ffff;
4130 : ffff;
4131 : ffff;
4132 : ffff;
4133 : ffff;
4134 : ffff;
4135 : ffff;
4136 : ffff;
4137 : ffff;
4138 : ffff;
4139 : ffff;
4140 : ffff;
4141 : ffff;
4142 : ffff;
4143 : ffff;
4144 : ffff;
4145 : ffff;
4146 : ffff;
4147 : ffff;
4148 : ffff;
4149 : ffff;
4150 : ffff;
4151 : ffff;
4152 : 2125;
4153 : ad51;
4154 : ffba;
4155 : f77a;
4156 : fffa;
4157 : ffda;
4158 : f799;
4159 : 0000;
4160 : 738c;
4161 : ffff;
4162 : fffc;
4163 : ffdb;
4164 : ffba;
4165 : ffba;
4166 : ffda;
4167 : fffc;
4168 : ffff;
4169 : b594;
4170 : 20e3;
4171 : 0000;
4172 : 0000;
4173 : fffd;
4174 : f75a;
4175 : ef5a;
4176 : fffc;
4177 : 4227;
4178 : f79d;
4179 : ffff;
4180 : ffff;
4181 : ffff;
4182 : ffff;
4183 : ffff;
4184 : 0000;
4185 : 0820;
4186 : 0000;
4187 : 0000;
4188 : 0000;
4189 : 0000;
4190 : 9492;
4191 : ffff;
4192 : 840f;
4193 : 2124;
4194 : 0000;
4195 : 0000;
4196 : c638;
4197 : ffff;
4198 : ffff;
4199 : ffff;
4200 : ffff;
4201 : ffff;
4202 : ffff;
4203 : ffff;
4204 : ffff;
4205 : ffff;
4206 : ffff;
4207 : ffff;
4208 : ffff;
4209 : ffff;
4210 : ffff;
4211 : ffff;
4212 : ffff;
4213 : ffff;
4214 : ffff;
4215 : ffff;
4216 : ffff;
4217 : ffff;
4218 : ffff;
4219 : ffff;
4220 : ffff;
4221 : ffff;
4222 : ffff;
4223 : ffff;
4224 : ffff;
4225 : ffff;
4226 : ffff;
4227 : ffff;
4228 : ffff;
4229 : ffff;
4230 : ffff;
4231 : ffff;
4232 : ffff;
4233 : ffff;
4234 : ffff;
4235 : ffff;
4236 : ffff;
4237 : ffff;
4238 : ffff;
4239 : ffff;
4240 : ffff;
4241 : ffff;
4242 : ffff;
4243 : ffff;
4244 : ffff;
4245 : ffff;
4246 : ffff;
4247 : ffff;
4248 : ffff;
4249 : ffff;
4250 : ffff;
4251 : ffff;
4252 : 94b2;
4253 : 52a9;
4254 : fffb;
4255 : f779;
4256 : f77a;
4257 : f779;
4258 : f79a;
4259 : fffe;
4260 : 5289;
4261 : 0000;
4262 : 5288;
4263 : 8c70;
4264 : b594;
4265 : b573;
4266 : 8c4f;
4267 : 5289;
4268 : 0000;
4269 : 0000;
4270 : 0000;
4271 : 0000;
4272 : 62eb;
4273 : fffc;
4274 : ef79;
4275 : ffda;
4276 : bdd3;
4277 : 8411;
4278 : ffff;
4279 : ffff;
4280 : ffff;
4281 : ffff;
4282 : f7de;
4283 : 0000;
4284 : 0820;
4285 : 0820;
4286 : 0000;
4287 : 0000;
4288 : 0000;
4289 : 0000;
4290 : 9492;
4291 : ffff;
4292 : 0000;
4293 : 73ae;
4294 : b596;
4295 : ffff;
4296 : ffff;
4297 : ffff;
4298 : ffff;
4299 : ffff;
4300 : ffff;
4301 : ffff;
4302 : ffff;
4303 : ffff;
4304 : ffff;
4305 : ffff;
4306 : ffff;
4307 : ffff;
4308 : ffff;
4309 : ffff;
4310 : ffff;
4311 : ffff;
4312 : ffff;
4313 : ffff;
4314 : ffff;
4315 : ffff;
4316 : ffff;
4317 : ffff;
4318 : ffff;
4319 : ffff;
4320 : ffff;
4321 : ffff;
4322 : ffff;
4323 : ffff;
4324 : ffff;
4325 : ffff;
4326 : ffff;
4327 : ffff;
4328 : ffff;
4329 : ffff;
4330 : ffff;
4331 : ffff;
4332 : ffff;
4333 : ffff;
4334 : ffff;
4335 : ffff;
4336 : ffff;
4337 : ffff;
4338 : ffff;
4339 : ffff;
4340 : ffff;
4341 : ffff;
4342 : ffff;
4343 : ffff;
4344 : ffff;
4345 : ffff;
4346 : ffff;
4347 : ffff;
4348 : ffff;
4349 : ffff;
4350 : ffff;
4351 : ffff;
4352 : ffff;
4353 : 0000;
4354 : ffff;
4355 : ef79;
4356 : ef79;
4357 : ef79;
4358 : ef7a;
4359 : ef78;
4360 : ffff;
4361 : 0000;
4362 : 0000;
4363 : 0000;
4364 : 0000;
4365 : 0000;
4366 : 0000;
4367 : 0000;
4368 : 0000;
4369 : 0000;
4370 : 0000;
4371 : 0000;
4372 : ad72;
4373 : fffc;
4374 : fffa;
4375 : e738;
4376 : 3986;
4377 : ffff;
4378 : ffff;
4379 : ffff;
4380 : ffff;
4381 : 94b2;
4382 : 0000;
4383 : 0800;
4384 : 0820;
4385 : 0820;
4386 : 0820;
4387 : 0000;
4388 : 0000;
4389 : 0000;
4390 : 2945;
4391 : 0000;
4392 : ce79;
4393 : ffff;
4394 : ffff;
4395 : ffff;
4396 : ffff;
4397 : ffff;
4398 : ffff;
4399 : ffff;
4400 : ffff;
4401 : ffff;
4402 : ffff;
4403 : ffff;
4404 : ffff;
4405 : ffff;
4406 : ffff;
4407 : ffff;
4408 : ffff;
4409 : ffff;
4410 : ffff;
4411 : ffff;
4412 : ffff;
4413 : ffff;
4414 : ffff;
4415 : ffff;
4416 : ffff;
4417 : ffff;
4418 : ffff;
4419 : ffff;
4420 : ffff;
4421 : ffff;
4422 : ffff;
4423 : ffff;
4424 : ffff;
4425 : ffff;
4426 : ffff;
4427 : ffff;
4428 : ffff;
4429 : ffff;
4430 : ffff;
4431 : ffff;
4432 : ffff;
4433 : ffff;
4434 : ffff;
4435 : ffff;
4436 : ffff;
4437 : ffff;
4438 : ffff;
4439 : ffff;
4440 : ffff;
4441 : ffff;
4442 : ffff;
4443 : ffff;
4444 : ffff;
4445 : ffff;
4446 : ffff;
4447 : ffff;
4448 : ffff;
4449 : ffff;
4450 : ffff;
4451 : ffff;
4452 : ffff;
4453 : bdf7;
4454 : 4227;
4455 : fffd;
4456 : f75a;
4457 : f77a;
4458 : f77a;
4459 : f77a;
4460 : ffdb;
4461 : 840e;
4462 : 0000;
4463 : 0800;
4464 : 0000;
4465 : 0800;
4466 : 0000;
4467 : 0000;
4468 : 58e5;
4469 : f2b0;
4470 : daf0;
4471 : 0000;
4472 : a532;
4473 : bdb3;
4474 : bdd4;
4475 : 20c3;
4476 : ffdf;
4477 : deba;
4478 : a534;
4479 : 634d;
4480 : 0000;
4481 : 0000;
4482 : 0820;
4483 : 0820;
4484 : 0820;
4485 : 0820;
4486 : 0820;
4487 : 0820;
4488 : 0000;
4489 : 4208;
4490 : ef3c;
4491 : ffff;
4492 : ffff;
4493 : ffff;
4494 : ffff;
4495 : ffff;
4496 : ffff;
4497 : ffff;
4498 : ffff;
4499 : ffff;
4500 : ffff;
4501 : ffff;
4502 : ffff;
4503 : ffff;
4504 : ffff;
4505 : ffff;
4506 : ffff;
4507 : ffff;
4508 : ffff;
4509 : ffff;
4510 : ffff;
4511 : ffff;
4512 : ffff;
4513 : ffff;
4514 : ffff;
4515 : ffff;
4516 : ffff;
4517 : ffff;
4518 : ffff;
4519 : ffff;
4520 : ffff;
4521 : ffff;
4522 : ffff;
4523 : ffff;
4524 : ffff;
4525 : ffff;
4526 : ffff;
4527 : ffff;
4528 : ffff;
4529 : ffff;
4530 : ffff;
4531 : ffff;
4532 : ffff;
4533 : ffff;
4534 : ffff;
4535 : ffff;
4536 : ffff;
4537 : ffff;
4538 : ffff;
4539 : ffff;
4540 : ffff;
4541 : ffff;
4542 : ffff;
4543 : ffff;
4544 : ffff;
4545 : ffff;
4546 : ffff;
4547 : ffff;
4548 : ffff;
4549 : ffff;
4550 : ffff;
4551 : ffff;
4552 : ffff;
4553 : ffff;
4554 : 7bcf;
4555 : 8c2e;
4556 : fffc;
4557 : ef79;
4558 : ef79;
4559 : ef79;
4560 : ef79;
4561 : fffe;
4562 : 0000;
4563 : 30a3;
4564 : d26e;
4565 : eab0;
4566 : 9a0b;
4567 : 48a4;
4568 : d24e;
4569 : 38c4;
4570 : 0000;
4571 : 0800;
4572 : 0000;
4573 : 0000;
4574 : 0000;
4575 : 0000;
4576 : 0000;
4577 : 0000;
4578 : 0000;
4579 : 0000;
4580 : 0820;
4581 : 0820;
4582 : 0820;
4583 : 0820;
4584 : 0820;
4585 : 0820;
4586 : 0820;
4587 : 0000;
4588 : 0020;
4589 : ffff;
4590 : ffff;
4591 : ffff;
4592 : ffff;
4593 : ffff;
4594 : ffff;
4595 : ffff;
4596 : ffff;
4597 : ffff;
4598 : ffff;
4599 : ffff;
4600 : ffff;
4601 : ffff;
4602 : ffff;
4603 : ffff;
4604 : ffff;
4605 : ffff;
4606 : ffff;
4607 : ffff;
4608 : ffff;
4609 : ffff;
4610 : ffff;
4611 : ffff;
4612 : ffff;
4613 : ffff;
4614 : ffff;
4615 : ffff;
4616 : ffff;
4617 : ffff;
4618 : ffff;
4619 : ffff;
4620 : ffff;
4621 : ffff;
4622 : ffff;
4623 : ffff;
4624 : ffff;
4625 : ffff;
4626 : ffff;
4627 : ffff;
4628 : ffff;
4629 : ffff;
4630 : ffff;
4631 : ffff;
4632 : ffff;
4633 : ffff;
4634 : ffff;
4635 : ffff;
4636 : ffff;
4637 : ffff;
4638 : ffff;
4639 : ffff;
4640 : ffff;
4641 : ffff;
4642 : ffff;
4643 : ffff;
4644 : ffff;
4645 : ffff;
4646 : ffff;
4647 : ffff;
4648 : ffff;
4649 : ffff;
4650 : ffff;
4651 : ffff;
4652 : ffff;
4653 : ffff;
4654 : ffff;
4655 : 9cb3;
4656 : 3165;
4657 : fffe;
4658 : fffb;
4659 : f79a;
4660 : ffba;
4661 : acf2;
4662 : bdf5;
4663 : 1000;
4664 : fa50;
4665 : ca0d;
4666 : f9ef;
4667 : 8188;
4668 : 0000;
4669 : 0020;
4670 : 0820;
4671 : 0820;
4672 : 0820;
4673 : 0801;
4674 : 0820;
4675 : 0821;
4676 : 0820;
4677 : 0820;
4678 : 0820;
4679 : 0820;
4680 : 0820;
4681 : 0820;
4682 : 0820;
4683 : 0820;
4684 : 0820;
4685 : 0820;
4686 : 0000;
4687 : 0000;
4688 : ffff;
4689 : ffff;
4690 : ffff;
4691 : ffff;
4692 : ffff;
4693 : ffff;
4694 : ffff;
4695 : ffff;
4696 : ffff;
4697 : ffff;
4698 : ffff;
4699 : ffff;
4700 : ffff;
4701 : ffff;
4702 : ffff;
4703 : ffff;
4704 : ffff;
4705 : ffff;
4706 : ffff;
4707 : ffff;
4708 : ffff;
4709 : ffff;
4710 : ffff;
4711 : ffff;
4712 : ffff;
4713 : ffff;
4714 : ffff;
4715 : ffff;
4716 : ffff;
4717 : ffff;
4718 : ffff;
4719 : ffff;
4720 : ffff;
4721 : ffff;
4722 : ffff;
4723 : ffff;
4724 : ffff;
4725 : ffff;
4726 : ffff;
4727 : ffff;
4728 : ffff;
4729 : ffff;
4730 : ffff;
4731 : ffff;
4732 : ffff;
4733 : ffff;
4734 : ffff;
4735 : ffff;
4736 : ffff;
4737 : ffff;
4738 : ffff;
4739 : ffff;
4740 : ffff;
4741 : ffff;
4742 : ffff;
4743 : ffff;
4744 : ffff;
4745 : ffff;
4746 : ffff;
4747 : ffff;
4748 : ffff;
4749 : ffff;
4750 : ffff;
4751 : ffff;
4752 : ffff;
4753 : ffff;
4754 : ffff;
4755 : ffff;
4756 : f77e;
4757 : 39a6;
4758 : 4a48;
4759 : d697;
4760 : fffd;
4761 : fffd;
4762 : 2104;
4763 : 73ed;
4764 : 1800;
4765 : f271;
4766 : d22e;
4767 : 0000;
4768 : 0820;
4769 : 0820;
4770 : 0820;
4771 : 0820;
4772 : 0820;
4773 : 0820;
4774 : 0820;
4775 : 0820;
4776 : 0820;
4777 : 0820;
4778 : 0820;
4779 : 0820;
4780 : 0820;
4781 : 0820;
4782 : 0820;
4783 : 0820;
4784 : 0000;
4785 : 0000;
4786 : 4208;
4787 : ffff;
4788 : ffff;
4789 : ffff;
4790 : ffff;
4791 : ffff;
4792 : ffff;
4793 : ffff;
4794 : ffff;
4795 : ffff;
4796 : ffff;
4797 : ffff;
4798 : ffff;
4799 : ffff;
4800 : ffff;
4801 : ffff;
4802 : ffff;
4803 : ffff;
4804 : ffff;
4805 : ffff;
4806 : ffff;
4807 : ffff;
4808 : ffff;
4809 : ffff;
4810 : ffff;
4811 : ffff;
4812 : ffff;
4813 : ffff;
4814 : ffff;
4815 : ffff;
4816 : ffff;
4817 : ffff;
4818 : ffff;
4819 : ffff;
4820 : ffff;
4821 : ffff;
4822 : ffff;
4823 : ffff;
4824 : ffff;
4825 : ffff;
4826 : ffff;
4827 : ffff;
4828 : ffff;
4829 : ffff;
4830 : ffff;
4831 : ffff;
4832 : ffff;
4833 : ffff;
4834 : ffff;
4835 : ffff;
4836 : ffff;
4837 : ffff;
4838 : ffff;
4839 : ffff;
4840 : ffff;
4841 : ffff;
4842 : ffff;
4843 : ffff;
4844 : ffff;
4845 : ffff;
4846 : ffff;
4847 : ffff;
4848 : ffff;
4849 : ffff;
4850 : ffff;
4851 : ffff;
4852 : ffff;
4853 : ffff;
4854 : ffff;
4855 : ffff;
4856 : ffff;
4857 : ffff;
4858 : ffff;
4859 : 738e;
4860 : 2945;
4861 : 2103;
4862 : 2104;
4863 : 2923;
4864 : c6d8;
4865 : 0000;
4866 : 58e6;
4867 : 0000;
4868 : 0820;
4869 : 0820;
4870 : 0820;
4871 : 0820;
4872 : 0820;
4873 : 0820;
4874 : 0820;
4875 : 0820;
4876 : 0820;
4877 : 0820;
4878 : 0820;
4879 : 0820;
4880 : 0820;
4881 : 0000;
4882 : 0000;
4883 : 0000;
4884 : 39e7;
4885 : deba;
4886 : ffff;
4887 : ffff;
4888 : ffff;
4889 : ffff;
4890 : ffff;
4891 : ffff;
4892 : ffff;
4893 : ffff;
4894 : ffff;
4895 : ffff;
4896 : ffff;
4897 : ffff;
4898 : ffff;
4899 : ffff;
4900 : ffff;
4901 : ffff;
4902 : ffff;
4903 : ffff;
4904 : ffff;
4905 : ffff;
4906 : ffff;
4907 : ffff;
4908 : ffff;
4909 : ffff;
4910 : ffff;
4911 : ffff;
4912 : ffff;
4913 : ffff;
4914 : ffff;
4915 : ffff;
4916 : ffff;
4917 : ffff;
4918 : ffff;
4919 : ffff;
4920 : ffff;
4921 : ffff;
4922 : ffff;
4923 : ffff;
4924 : ffff;
4925 : ffff;
4926 : ffff;
4927 : ffff;
4928 : ffff;
4929 : ffff;
4930 : ffff;
4931 : ffff;
4932 : ffff;
4933 : ffff;
4934 : ffff;
4935 : ffff;
4936 : ffff;
4937 : ffff;
4938 : ffff;
4939 : ffff;
4940 : ffff;
4941 : ffff;
4942 : ffff;
4943 : ffff;
4944 : ffff;
4945 : ffff;
4946 : ffff;
4947 : ffff;
4948 : ffff;
4949 : ffff;
4950 : ffff;
4951 : ffff;
4952 : ffff;
4953 : ffff;
4954 : ffff;
4955 : ffff;
4956 : ffff;
4957 : ffff;
4958 : ffff;
4959 : ffff;
4960 : ffff;
4961 : ffff;
4962 : ffff;
4963 : 2124;
4964 : 39a5;
4965 : ffff;
4966 : 5b2a;
4967 : 0000;
4968 : 0820;
4969 : 0820;
4970 : 0820;
4971 : 0820;
4972 : 0820;
4973 : 0820;
4974 : 0820;
4975 : 0820;
4976 : 0820;
4977 : 0820;
4978 : 0820;
4979 : 0820;
4980 : 0800;
4981 : 3185;
4982 : dedb;
4983 : ffff;
4984 : ffff;
4985 : ffff;
4986 : ffff;
4987 : ffff;
4988 : ffff;
4989 : ffff;
4990 : ffff;
4991 : ffff;
4992 : ffff;
4993 : ffff;
4994 : ffff;
4995 : ffff;
4996 : ffff;
4997 : ffff;
4998 : ffff;
4999 : ffff;
5000 : ffff;
5001 : ffff;
5002 : ffff;
5003 : ffff;
5004 : ffff;
5005 : ffff;
5006 : ffff;
5007 : ffff;
5008 : ffff;
5009 : ffff;
5010 : ffff;
5011 : ffff;
5012 : ffff;
5013 : ffff;
5014 : ffff;
5015 : ffff;
5016 : ffff;
5017 : ffff;
5018 : ffff;
5019 : ffff;
5020 : ffff;
5021 : ffff;
5022 : ffff;
5023 : ffff;
5024 : ffff;
5025 : ffff;
5026 : ffff;
5027 : ffff;
5028 : ffff;
5029 : ffff;
5030 : ffff;
5031 : ffff;
5032 : ffff;
5033 : ffff;
5034 : ffff;
5035 : ffff;
5036 : ffff;
5037 : ffff;
5038 : ffff;
5039 : ffff;
5040 : ffff;
5041 : ffff;
5042 : ffff;
5043 : ffff;
5044 : ffff;
5045 : ffff;
5046 : ffff;
5047 : ffff;
5048 : ffff;
5049 : ffff;
5050 : ffff;
5051 : ffff;
5052 : ffff;
5053 : ffff;
5054 : ffff;
5055 : ffff;
5056 : ffff;
5057 : ffff;
5058 : ffff;
5059 : ffff;
5060 : ffff;
5061 : ffff;
5062 : ffff;
5063 : 2904;
5064 : 0000;
5065 : 0000;
5066 : 6b4a;
5067 : 0001;
5068 : 0820;
5069 : 0820;
5070 : 0820;
5071 : 0820;
5072 : 0820;
5073 : 0820;
5074 : 0820;
5075 : 0820;
5076 : 0820;
5077 : 0820;
5078 : 0820;
5079 : 0820;
5080 : 0000;
5081 : 8430;
5082 : ffff;
5083 : ffff;
5084 : ffff;
5085 : ffff;
5086 : ffff;
5087 : ffff;
5088 : ffff;
5089 : ffff;
5090 : ffff;
5091 : ffff;
5092 : ffff;
5093 : ffff;
5094 : ffff;
5095 : ffff;
5096 : ffff;
5097 : ffff;
5098 : ffff;
5099 : ffff;
5100 : ffff;
5101 : ffff;
5102 : ffff;
5103 : ffff;
5104 : ffff;
5105 : ffff;
5106 : ffff;
5107 : ffff;
5108 : ffff;
5109 : ffff;
5110 : ffff;
5111 : ffff;
5112 : ffff;
5113 : ffff;
5114 : ffff;
5115 : ffff;
5116 : ffff;
5117 : ffff;
5118 : ffff;
5119 : ffff;
5120 : ffff;
5121 : ffff;
5122 : ffff;
5123 : ffff;
5124 : ffff;
5125 : ffff;
5126 : ffff;
5127 : ffff;
5128 : ffff;
5129 : ffff;
5130 : ffff;
5131 : ffff;
5132 : ffff;
5133 : ffff;
5134 : ffff;
5135 : ffff;
5136 : ffff;
5137 : ffff;
5138 : ffff;
5139 : ffff;
5140 : ffff;
5141 : ffff;
5142 : ffff;
5143 : ffff;
5144 : ffff;
5145 : ffff;
5146 : ffff;
5147 : ffff;
5148 : ffff;
5149 : ffff;
5150 : ffff;
5151 : ffff;
5152 : ffff;
5153 : ffff;
5154 : ffff;
5155 : ffff;
5156 : ffff;
5157 : ffff;
5158 : ffff;
5159 : ffff;
5160 : ffff;
5161 : ffff;
5162 : f77d;
5163 : 0000;
5164 : 0821;
5165 : 0801;
5166 : 0000;
5167 : 0821;
5168 : 0820;
5169 : 0820;
5170 : 0820;
5171 : 0820;
5172 : 0820;
5173 : 0820;
5174 : 0820;
5175 : 0820;
5176 : 0820;
5177 : 0000;
5178 : 0000;
5179 : 0000;
5180 : 0800;
5181 : 0000;
5182 : ffff;
5183 : ffff;
5184 : ffff;
5185 : ffff;
5186 : ffff;
5187 : ffff;
5188 : ffff;
5189 : ffff;
5190 : ffff;
5191 : ffff;
5192 : ffff;
5193 : ffff;
5194 : ffff;
5195 : ffff;
5196 : ffff;
5197 : ffff;
5198 : ffff;
5199 : ffff;
5200 : ffff;
5201 : ffff;
5202 : ffff;
5203 : ffff;
5204 : ffff;
5205 : ffff;
5206 : ffff;
5207 : ffff;
5208 : ffff;
5209 : ffff;
5210 : ffff;
5211 : ffff;
5212 : ffff;
5213 : ffff;
5214 : ffff;
5215 : ffff;
5216 : ffff;
5217 : ffff;
5218 : ffff;
5219 : ffff;
5220 : ffff;
5221 : ffff;
5222 : ffff;
5223 : ffff;
5224 : ffff;
5225 : ffff;
5226 : ffff;
5227 : ffff;
5228 : ffff;
5229 : ffff;
5230 : ffff;
5231 : ffff;
5232 : ffff;
5233 : ffff;
5234 : ffff;
5235 : ffff;
5236 : ffff;
5237 : ffff;
5238 : ffff;
5239 : ffff;
5240 : ffff;
5241 : ffff;
5242 : ffff;
5243 : ffff;
5244 : ffff;
5245 : ffff;
5246 : ffff;
5247 : ffff;
5248 : ffff;
5249 : ffff;
5250 : ffff;
5251 : ffff;
5252 : ffff;
5253 : ffff;
5254 : ffff;
5255 : ffff;
5256 : ffff;
5257 : ffff;
5258 : ffff;
5259 : ffff;
5260 : ffff;
5261 : ffff;
5262 : 39c7;
5263 : 0000;
5264 : 0820;
5265 : 0820;
5266 : 0820;
5267 : 0820;
5268 : 0820;
5269 : 0820;
5270 : 0820;
5271 : 0820;
5272 : 0820;
5273 : 0820;
5274 : 0021;
5275 : 0000;
5276 : 0000;
5277 : 2882;
5278 : 4185;
5279 : 3903;
5280 : 0000;
5281 : 0000;
5282 : 0000;
5283 : bdf8;
5284 : ffff;
5285 : ffff;
5286 : ffff;
5287 : ffff;
5288 : ffff;
5289 : ffff;
5290 : ffff;
5291 : ffff;
5292 : ffff;
5293 : ffff;
5294 : ffff;
5295 : ffff;
5296 : ffff;
5297 : ffff;
5298 : ffff;
5299 : ffff;
5300 : ffff;
5301 : ffff;
5302 : ffff;
5303 : ffff;
5304 : ffff;
5305 : ffff;
5306 : ffff;
5307 : ffff;
5308 : ffff;
5309 : ffff;
5310 : ffff;
5311 : ffff;
5312 : ffff;
5313 : ffff;
5314 : ffff;
5315 : ffff;
5316 : ffff;
5317 : ffff;
5318 : ffff;
5319 : ffff;
5320 : ffff;
5321 : ffff;
5322 : ffff;
5323 : ffff;
5324 : ffff;
5325 : ffff;
5326 : ffff;
5327 : ffff;
5328 : ffff;
5329 : ffff;
5330 : ffff;
5331 : ffff;
5332 : ffff;
5333 : ffff;
5334 : ffff;
5335 : ffff;
5336 : ffff;
5337 : ffff;
5338 : ffff;
5339 : ffff;
5340 : ffff;
5341 : ffff;
5342 : ffff;
5343 : ffff;
5344 : ffff;
5345 : ffff;
5346 : ffff;
5347 : ffff;
5348 : ffff;
5349 : ffff;
5350 : ffff;
5351 : ffff;
5352 : ffff;
5353 : ffff;
5354 : ffff;
5355 : ffff;
5356 : ffff;
5357 : ffff;
5358 : ffff;
5359 : ffff;
5360 : ffff;
5361 : ce79;
5362 : 0000;
5363 : 0820;
5364 : 0820;
5365 : 0820;
5366 : 0820;
5367 : 0820;
5368 : 0820;
5369 : 0820;
5370 : 0820;
5371 : 0820;
5372 : 0820;
5373 : 0820;
5374 : 0000;
5375 : 51a4;
5376 : e40a;
5377 : fc48;
5378 : fc08;
5379 : fc08;
5380 : fc6a;
5381 : d3c9;
5382 : 8a66;
5383 : 0000;
5384 : c639;
5385 : ffff;
5386 : ffff;
5387 : ffff;
5388 : ffff;
5389 : ffff;
5390 : ffff;
5391 : ffff;
5392 : ffff;
5393 : ffff;
5394 : ffff;
5395 : ffff;
5396 : ffff;
5397 : ffff;
5398 : ffff;
5399 : ffff;
5400 : ffff;
5401 : ffff;
5402 : ffff;
5403 : ffff;
5404 : ffff;
5405 : ffff;
5406 : ffff;
5407 : ffff;
5408 : ffff;
5409 : ffff;
5410 : ffff;
5411 : ffff;
5412 : ffff;
5413 : ffff;
5414 : ffff;
5415 : ffff;
5416 : ffff;
5417 : ffff;
5418 : ffff;
5419 : ffff;
5420 : ffff;
5421 : ffff;
5422 : ffff;
5423 : ffff;
5424 : ffff;
5425 : ffff;
5426 : ffff;
5427 : ffff;
5428 : ffff;
5429 : ffff;
5430 : ffff;
5431 : ffff;
5432 : ffff;
5433 : ffff;
5434 : ffff;
5435 : ffff;
5436 : ffff;
5437 : ffff;
5438 : ffff;
5439 : ffff;
5440 : ffff;
5441 : ffff;
5442 : ffff;
5443 : ffff;
5444 : ffff;
5445 : ffff;
5446 : ffff;
5447 : ffff;
5448 : ffff;
5449 : ffff;
5450 : ffff;
5451 : ffff;
5452 : ffff;
5453 : ffff;
5454 : ffff;
5455 : ffff;
5456 : ffff;
5457 : ffff;
5458 : ffff;
5459 : ffff;
5460 : ffff;
5461 : 4a69;
5462 : 0000;
5463 : 0820;
5464 : 0820;
5465 : 0000;
5466 : 0000;
5467 : 0820;
5468 : 0820;
5469 : 0820;
5470 : 0820;
5471 : 1020;
5472 : 0000;
5473 : 0000;
5474 : d3c9;
5475 : fbe8;
5476 : dba8;
5477 : dba7;
5478 : e388;
5479 : e369;
5480 : e388;
5481 : e3a9;
5482 : f3a7;
5483 : fc8b;
5484 : 1000;
5485 : ffff;
5486 : ffff;
5487 : ffff;
5488 : ffff;
5489 : ffff;
5490 : ffff;
5491 : ffff;
5492 : ffff;
5493 : ffff;
5494 : ffff;
5495 : ffff;
5496 : ffff;
5497 : ffff;
5498 : ffff;
5499 : ffff;
5500 : ffff;
5501 : ffff;
5502 : ffff;
5503 : ffff;
5504 : ffff;
5505 : ffff;
5506 : ffff;
5507 : ffff;
5508 : ffff;
5509 : ffff;
5510 : ffff;
5511 : ffff;
5512 : ffff;
5513 : ffff;
5514 : ffff;
5515 : ffff;
5516 : ffff;
5517 : ffff;
5518 : ffff;
5519 : ffff;
5520 : ffff;
5521 : ffff;
5522 : ffff;
5523 : ffff;
5524 : ffff;
5525 : ffff;
5526 : ffff;
5527 : ffff;
5528 : ffff;
5529 : ffff;
5530 : ffff;
5531 : ffff;
5532 : ffff;
5533 : ffff;
5534 : ffff;
5535 : ffff;
5536 : ffff;
5537 : ffff;
5538 : ffff;
5539 : ffff;
5540 : ffff;
5541 : ffff;
5542 : ffff;
5543 : ffff;
5544 : ffff;
5545 : ffff;
5546 : ffff;
5547 : ffff;
5548 : ffff;
5549 : ffff;
5550 : ffff;
5551 : ffff;
5552 : ffff;
5553 : ffff;
5554 : ffff;
5555 : ffff;
5556 : ffff;
5557 : ffff;
5558 : ffff;
5559 : ffff;
5560 : ffff;
5561 : 0000;
5562 : 0820;
5563 : 0820;
5564 : 0000;
5565 : 5aeb;
5566 : 4a69;
5567 : 0000;
5568 : 1000;
5569 : 0820;
5570 : 0820;
5571 : 0000;
5572 : 2042;
5573 : fc4b;
5574 : e3a7;
5575 : d3c7;
5576 : eba7;
5577 : e3a9;
5578 : dba8;
5579 : ebc8;
5580 : dba8;
5581 : dba8;
5582 : e387;
5583 : ec4a;
5584 : 5102;
5585 : 5aab;
5586 : ffff;
5587 : ffff;
5588 : ffff;
5589 : ffff;
5590 : ffff;
5591 : ffff;
5592 : ffff;
5593 : ffff;
5594 : ffff;
5595 : ffff;
5596 : ffff;
5597 : ffff;
5598 : ffff;
5599 : ffff;
5600 : ffff;
5601 : ffff;
5602 : ffff;
5603 : ffff;
5604 : ffff;
5605 : ffff;
5606 : ffff;
5607 : ffff;
5608 : ffff;
5609 : ffff;
5610 : ffff;
5611 : ffff;
5612 : ffff;
5613 : ffff;
5614 : ffff;
5615 : ffff;
5616 : ffff;
5617 : ffff;
5618 : ffff;
5619 : ffff;
5620 : ffff;
5621 : ffff;
5622 : ffff;
5623 : ffff;
5624 : ffff;
5625 : ffff;
5626 : ffff;
5627 : ffff;
5628 : ffff;
5629 : ffff;
5630 : ffff;
5631 : ffff;
5632 : ffff;
5633 : ffff;
5634 : ffff;
5635 : ffff;
5636 : ffff;
5637 : ffff;
5638 : ffff;
5639 : ffff;
5640 : ffff;
5641 : ffff;
5642 : ffff;
5643 : ffff;
5644 : ffff;
5645 : ffff;
5646 : ffff;
5647 : ffff;
5648 : ffff;
5649 : ffff;
5650 : ffff;
5651 : ffff;
5652 : ffff;
5653 : ffff;
5654 : ffff;
5655 : ffff;
5656 : ffff;
5657 : ffff;
5658 : ffff;
5659 : ffff;
5660 : ffff;
5661 : 0000;
5662 : 0820;
5663 : 0820;
5664 : 0000;
5665 : ffff;
5666 : ffff;
5667 : bdf7;
5668 : 0000;
5669 : 0801;
5670 : 0001;
5671 : 28a2;
5672 : fc6a;
5673 : dba7;
5674 : d3c7;
5675 : fb88;
5676 : 8245;
5677 : 5b0d;
5678 : 6b6f;
5679 : 8a45;
5680 : f3a7;
5681 : d3a8;
5682 : fbe6;
5683 : 5123;
5684 : ffff;
5685 : 0000;
5686 : ffff;
5687 : ffff;
5688 : ffff;
5689 : ffff;
5690 : ffff;
5691 : ffff;
5692 : ffff;
5693 : ffff;
5694 : ffff;
5695 : ffff;
5696 : ffff;
5697 : ffff;
5698 : ffff;
5699 : ffff;
5700 : ffff;
5701 : ffff;
5702 : ffff;
5703 : ffff;
5704 : ffff;
5705 : ffff;
5706 : ffff;
5707 : ffff;
5708 : ffff;
5709 : ffff;
5710 : ffff;
5711 : ffff;
5712 : ffff;
5713 : ffff;
5714 : ffff;
5715 : ffff;
5716 : ffff;
5717 : ffff;
5718 : ffff;
5719 : ffff;
5720 : ffff;
5721 : ffff;
5722 : ffff;
5723 : ffff;
5724 : ffff;
5725 : ffff;
5726 : ffff;
5727 : ffff;
5728 : ffff;
5729 : ffff;
5730 : ffff;
5731 : ffff;
5732 : ffff;
5733 : ffff;
5734 : ffff;
5735 : ffff;
5736 : ffff;
5737 : ffff;
5738 : ffff;
5739 : ffff;
5740 : ffff;
5741 : ffff;
5742 : ffff;
5743 : ffff;
5744 : ffff;
5745 : ffff;
5746 : ffff;
5747 : ffff;
5748 : ffff;
5749 : ffff;
5750 : ffff;
5751 : ffff;
5752 : ffff;
5753 : ffff;
5754 : ffff;
5755 : ffff;
5756 : ffff;
5757 : ffff;
5758 : ffff;
5759 : ffff;
5760 : defb;
5761 : 0000;
5762 : 0820;
5763 : 0820;
5764 : 0000;
5765 : ffff;
5766 : ffff;
5767 : ffff;
5768 : 2924;
5769 : 0000;
5770 : 2861;
5771 : fc8a;
5772 : db88;
5773 : e388;
5774 : dbc7;
5775 : cb09;
5776 : 636e;
5777 : ffff;
5778 : ffff;
5779 : 4a8b;
5780 : eba9;
5781 : ebc6;
5782 : b2e7;
5783 : a576;
5784 : ffff;
5785 : 4a49;
5786 : ce7a;
5787 : ffff;
5788 : ffff;
5789 : ffff;
5790 : ffff;
5791 : ffff;
5792 : ffff;
5793 : ffff;
5794 : ffff;
5795 : ffff;
5796 : ffff;
5797 : ffff;
5798 : ffff;
5799 : ffff;
5800 : ffff;
5801 : ffff;
5802 : ffff;
5803 : ffff;
5804 : ffff;
5805 : ffff;
5806 : ffff;
5807 : ffff;
5808 : ffff;
5809 : ffff;
5810 : ffff;
5811 : ffff;
5812 : ffff;
5813 : ffff;
5814 : ffff;
5815 : ffff;
5816 : ffff;
5817 : ffff;
5818 : ffff;
5819 : ffff;
5820 : ffff;
5821 : ffff;
5822 : ffff;
5823 : ffff;
5824 : ffff;
5825 : ffff;
5826 : ffff;
5827 : ffff;
5828 : ffff;
5829 : ffff;
5830 : ffff;
5831 : ffff;
5832 : ffff;
5833 : ffff;
5834 : ffff;
5835 : ffff;
5836 : ffff;
5837 : ffff;
5838 : ffff;
5839 : ffff;
5840 : ffff;
5841 : ffff;
5842 : ffff;
5843 : ffff;
5844 : ffff;
5845 : ffff;
5846 : ffff;
5847 : ffff;
5848 : ffff;
5849 : ffff;
5850 : ffff;
5851 : ffff;
5852 : ffff;
5853 : ffff;
5854 : ffff;
5855 : ffff;
5856 : ffff;
5857 : ffff;
5858 : ffff;
5859 : ffff;
5860 : f7be;
5861 : 0000;
5862 : 0820;
5863 : 0820;
5864 : 0000;
5865 : ffff;
5866 : ffff;
5867 : ffff;
5868 : 73ae;
5869 : 0000;
5870 : fc2b;
5871 : e3a8;
5872 : e3a7;
5873 : dba8;
5874 : fbc7;
5875 : 38e3;
5876 : ffff;
5877 : ffff;
5878 : ffff;
5879 : efff;
5880 : 7163;
5881 : f3e7;
5882 : 6122;
5883 : ffff;
5884 : ffff;
5885 : ad55;
5886 : 8c30;
5887 : ffff;
5888 : ffff;
5889 : ffff;
5890 : ffff;
5891 : ffff;
5892 : ffff;
5893 : ffff;
5894 : ffff;
5895 : ffff;
5896 : ffff;
5897 : ffff;
5898 : ffff;
5899 : ffff;
5900 : ffff;
5901 : ffff;
5902 : ffff;
5903 : ffff;
5904 : ffff;
5905 : ffff;
5906 : ffff;
5907 : ffff;
5908 : ffff;
5909 : ffff;
5910 : ffff;
5911 : ffff;
5912 : ffff;
5913 : ffff;
5914 : ffff;
5915 : ffff;
5916 : ffff;
5917 : ffff;
5918 : ffff;
5919 : ffff;
5920 : ffff;
5921 : ffff;
5922 : ffff;
5923 : ffff;
5924 : ffff;
5925 : ffff;
5926 : ffff;
5927 : ffff;
5928 : ffff;
5929 : ffff;
5930 : ffff;
5931 : ffff;
5932 : ffff;
5933 : ffff;
5934 : ffff;
5935 : ffff;
5936 : ffff;
5937 : ffff;
5938 : ffff;
5939 : ffff;
5940 : ffff;
5941 : ffff;
5942 : ffff;
5943 : ffff;
5944 : ffff;
5945 : ffff;
5946 : ffff;
5947 : ffff;
5948 : ffff;
5949 : ffff;
5950 : ffff;
5951 : ffff;
5952 : ffff;
5953 : ffff;
5954 : ffff;
5955 : ffff;
5956 : ffff;
5957 : ffff;
5958 : ffff;
5959 : ffff;
5960 : ffff;
5961 : 0000;
5962 : 0820;
5963 : 0820;
5964 : 0000;
5965 : 3185;
5966 : ffff;
5967 : bdd7;
5968 : 0000;
5969 : ebeb;
5970 : dbc6;
5971 : e388;
5972 : dba8;
5973 : e387;
5974 : f40a;
5975 : 5b0d;
5976 : ffff;
5977 : ffff;
5978 : ffff;
5979 : ffff;
5980 : 5103;
5981 : fbe7;
5982 : 734e;
5983 : ffff;
5984 : ffff;
5985 : ad55;
5986 : 736d;
5987 : ffff;
5988 : ffff;
5989 : ffff;
5990 : ffff;
5991 : ffff;
5992 : ffff;
5993 : ffff;
5994 : ffff;
5995 : ffff;
5996 : ffff;
5997 : ffff;
5998 : ffff;
5999 : ffff;
6000 : ffff;
6001 : ffff;
6002 : ffff;
6003 : ffff;
6004 : ffff;
6005 : ffff;
6006 : ffff;
6007 : ffff;
6008 : ffff;
6009 : ffff;
6010 : ffff;
6011 : ffff;
6012 : ffff;
6013 : ffff;
6014 : ffff;
6015 : ffff;
6016 : ffff;
6017 : ffff;
6018 : ffff;
6019 : ffff;
6020 : ffff;
6021 : ffff;
6022 : ffff;
6023 : ffff;
6024 : ffff;
6025 : ffff;
6026 : ffff;
6027 : ffff;
6028 : ffff;
6029 : ffff;
6030 : ffff;
6031 : ffff;
6032 : ffff;
6033 : ffff;
6034 : ffff;
6035 : ffff;
6036 : ffff;
6037 : ffff;
6038 : ffff;
6039 : ffff;
6040 : ffff;
6041 : ffff;
6042 : ffff;
6043 : ffff;
6044 : ffff;
6045 : ffff;
6046 : ffff;
6047 : ffff;
6048 : ffff;
6049 : ffff;
6050 : ffff;
6051 : ffff;
6052 : ffff;
6053 : ffff;
6054 : ffff;
6055 : ffff;
6056 : ffff;
6057 : ffff;
6058 : ffff;
6059 : ffff;
6060 : ffff;
6061 : 7bcf;
6062 : 0000;
6063 : 1000;
6064 : 0820;
6065 : 0000;
6066 : 1861;
6067 : 1945;
6068 : 8a26;
6069 : f3e8;
6070 : dba8;
6071 : dba8;
6072 : dba8;
6073 : e3a7;
6074 : a285;
6075 : b5b7;
6076 : ffff;
6077 : ffff;
6078 : ffff;
6079 : ffff;
6080 : 59c6;
6081 : fc09;
6082 : 7b8f;
6083 : ffff;
6084 : ffff;
6085 : 738e;
6086 : 94b2;
6087 : ffff;
6088 : ffff;
6089 : ffff;
6090 : ffff;
6091 : ffff;
6092 : ffff;
6093 : ffff;
6094 : ffff;
6095 : ffff;
6096 : ffff;
6097 : ffff;
6098 : ffff;
6099 : ffff;
6100 : ffff;
6101 : ffff;
6102 : ffff;
6103 : ffff;
6104 : ffff;
6105 : ffff;
6106 : ffff;
6107 : ffff;
6108 : ffff;
6109 : ffff;
6110 : ffff;
6111 : ffff;
6112 : ffff;
6113 : ffff;
6114 : ffff;
6115 : ffff;
6116 : ffff;
6117 : ffff;
6118 : ffff;
6119 : ffff;
6120 : ffff;
6121 : ffff;
6122 : ffff;
6123 : ffff;
6124 : ffff;
6125 : ffff;
6126 : ffff;
6127 : ffff;
6128 : ffff;
6129 : ffff;
6130 : ffff;
6131 : ffff;
6132 : ffff;
6133 : ffff;
6134 : ffff;
6135 : ffff;
6136 : ffff;
6137 : ffff;
6138 : ffff;
6139 : ffff;
6140 : ffff;
6141 : ffff;
6142 : ffff;
6143 : ffff;
6144 : ffff;
6145 : ffff;
6146 : ffff;
6147 : ffff;
6148 : ffff;
6149 : ffff;
6150 : ffff;
6151 : ffff;
6152 : ffff;
6153 : ffff;
6154 : ffff;
6155 : ffff;
6156 : ffff;
6157 : ffff;
6158 : ffff;
6159 : ffff;
6160 : ffff;
6161 : ffff;
6162 : 3186;
6163 : 0000;
6164 : 0000;
6165 : 0820;
6166 : 1000;
6167 : 0000;
6168 : 8a46;
6169 : ebe8;
6170 : dba8;
6171 : e3a8;
6172 : dba8;
6173 : ebc8;
6174 : 7142;
6175 : efbf;
6176 : ffff;
6177 : ffff;
6178 : ffff;
6179 : ffff;
6180 : 59e6;
6181 : eba8;
6182 : 94b3;
6183 : ffff;
6184 : ffff;
6185 : 5aeb;
6186 : d69a;
6187 : ffff;
6188 : ffff;
6189 : ffff;
6190 : ffff;
6191 : ffff;
6192 : ffff;
6193 : ffff;
6194 : ffff;
6195 : ffff;
6196 : ffff;
6197 : ffff;
6198 : ffff;
6199 : ffff;
6200 : ffff;
6201 : ffff;
6202 : ffff;
6203 : ffff;
6204 : ffff;
6205 : ffff;
6206 : ffff;
6207 : ffff;
6208 : ffff;
6209 : ffff;
6210 : ffff;
6211 : ffff;
6212 : ffff;
6213 : ffff;
6214 : ffff;
6215 : ffff;
6216 : ffff;
6217 : ffff;
6218 : ffff;
6219 : ffff;
6220 : ffff;
6221 : ffff;
6222 : ffff;
6223 : ffff;
6224 : ffff;
6225 : ffff;
6226 : ffff;
6227 : ffff;
6228 : ffff;
6229 : ffff;
6230 : ffff;
6231 : ffff;
6232 : ffff;
6233 : ffff;
6234 : ffff;
6235 : ffff;
6236 : ffff;
6237 : ffff;
6238 : ffff;
6239 : ffff;
6240 : ffff;
6241 : ffff;
6242 : ffff;
6243 : ffff;
6244 : ffff;
6245 : ffff;
6246 : ffff;
6247 : ffff;
6248 : ffff;
6249 : ffff;
6250 : ffff;
6251 : ffff;
6252 : ffff;
6253 : ffff;
6254 : ffff;
6255 : ffff;
6256 : ffff;
6257 : ffff;
6258 : ffff;
6259 : ffff;
6260 : ffff;
6261 : f7df;
6262 : ffff;
6263 : b596;
6264 : 2924;
6265 : 0000;
6266 : 0000;
6267 : 0000;
6268 : 79e5;
6269 : ebe8;
6270 : dba8;
6271 : dba8;
6272 : dba8;
6273 : ebc8;
6274 : 5902;
6275 : ffff;
6276 : ffde;
6277 : ffff;
6278 : ffff;
6279 : ffff;
6280 : 4964;
6281 : e3a8;
6282 : 9cd4;
6283 : ffff;
6284 : ffff;
6285 : 3186;
6286 : ffff;
6287 : ffff;
6288 : ffff;
6289 : ffff;
6290 : ffff;
6291 : ffff;
6292 : ffff;
6293 : ffff;
6294 : ffff;
6295 : ffff;
6296 : ffff;
6297 : ffff;
6298 : ffff;
6299 : ffff;
6300 : ffff;
6301 : ffff;
6302 : ffff;
6303 : ffff;
6304 : ffff;
6305 : ffff;
6306 : ffff;
6307 : ffff;
6308 : ffff;
6309 : ffff;
6310 : ffff;
6311 : ffff;
6312 : ffff;
6313 : ffff;
6314 : ffff;
6315 : ffff;
6316 : ffff;
6317 : ffff;
6318 : ffff;
6319 : ffff;
6320 : ffff;
6321 : ffff;
6322 : ffff;
6323 : ffff;
6324 : ffff;
6325 : ffff;
6326 : ffff;
6327 : ffff;
6328 : ffff;
6329 : ffff;
6330 : ffff;
6331 : ffff;
6332 : ffff;
6333 : ffff;
6334 : ffff;
6335 : ffff;
6336 : ffff;
6337 : ffff;
6338 : ffff;
6339 : ffff;
6340 : ffff;
6341 : ffff;
6342 : ffff;
6343 : ffff;
6344 : ffff;
6345 : ffff;
6346 : ffff;
6347 : ffff;
6348 : ffff;
6349 : ffff;
6350 : ffff;
6351 : ffff;
6352 : ffff;
6353 : ffff;
6354 : ffff;
6355 : ffff;
6356 : ffff;
6357 : ffff;
6358 : ffff;
6359 : ffff;
6360 : ffff;
6361 : ffff;
6362 : ffff;
6363 : ffff;
6364 : ffff;
6365 : ffff;
6366 : ffff;
6367 : cedb;
6368 : 5103;
6369 : ebc8;
6370 : e3a8;
6371 : e3a8;
6372 : e3a8;
6373 : ebc8;
6374 : 6102;
6375 : ffff;
6376 : ffff;
6377 : ffff;
6378 : ffff;
6379 : ffff;
6380 : 58e1;
6381 : fc09;
6382 : 7baf;
6383 : ffff;
6384 : ffff;
6385 : 4a69;
6386 : ffff;
6387 : ffff;
6388 : ffff;
6389 : ffff;
6390 : ffff;
6391 : ffff;
6392 : ffff;
6393 : ffff;
6394 : ffff;
6395 : ffff;
6396 : ffff;
6397 : ffff;
6398 : ffff;
6399 : ffff;
6400 : ffff;
6401 : ffff;
6402 : ffff;
6403 : ffff;
6404 : ffff;
6405 : ffff;
6406 : ffff;
6407 : ffff;
6408 : ffff;
6409 : ffff;
6410 : ffff;
6411 : ffff;
6412 : ffff;
6413 : ffff;
6414 : ffff;
6415 : ffff;
6416 : ffff;
6417 : ffff;
6418 : ffff;
6419 : ffff;
6420 : ffff;
6421 : ffff;
6422 : ffff;
6423 : ffff;
6424 : ffff;
6425 : ffff;
6426 : ffff;
6427 : ffff;
6428 : ffff;
6429 : ffff;
6430 : ffff;
6431 : ffff;
6432 : ffff;
6433 : ffff;
6434 : ffff;
6435 : ffff;
6436 : ffff;
6437 : ffff;
6438 : ffff;
6439 : ffff;
6440 : ffff;
6441 : ffff;
6442 : ffff;
6443 : ffff;
6444 : ffff;
6445 : ffff;
6446 : ffff;
6447 : ffff;
6448 : ffff;
6449 : ffff;
6450 : ffff;
6451 : ffff;
6452 : ffff;
6453 : ffff;
6454 : ffff;
6455 : ffff;
6456 : ffff;
6457 : ffff;
6458 : ffff;
6459 : ffff;
6460 : ffff;
6461 : ffff;
6462 : ffff;
6463 : ffff;
6464 : ffff;
6465 : ffff;
6466 : ffff;
6467 : 638f;
6468 : bb07;
6469 : e3a8;
6470 : dba8;
6471 : e3a8;
6472 : dba8;
6473 : ebc8;
6474 : 89e3;
6475 : d6db;
6476 : ffff;
6477 : ffff;
6478 : ffff;
6479 : adb7;
6480 : aa65;
6481 : fbe8;
6482 : 6b0c;
6483 : ffff;
6484 : ffff;
6485 : 5aeb;
6486 : ffff;
6487 : ffff;
6488 : ffff;
6489 : ffff;
6490 : ffff;
6491 : ffff;
6492 : ffff;
6493 : ffff;
6494 : ffff;
6495 : ffff;
6496 : ffff;
6497 : ffff;
6498 : ffff;
6499 : ffff;
6500 : ffff;
6501 : ffff;
6502 : ffff;
6503 : ffff;
6504 : ffff;
6505 : ffff;
6506 : ffff;
6507 : ffff;
6508 : ffff;
6509 : ffff;
6510 : ffff;
6511 : ffff;
6512 : ffff;
6513 : ffff;
6514 : ffff;
6515 : ffff;
6516 : ffff;
6517 : ffff;
6518 : ffff;
6519 : ffff;
6520 : ffff;
6521 : ffff;
6522 : ffff;
6523 : ffff;
6524 : ffff;
6525 : ffff;
6526 : ffff;
6527 : ffff;
6528 : ffff;
6529 : ffff;
6530 : ffff;
6531 : ffff;
6532 : ffff;
6533 : ffff;
6534 : ffff;
6535 : ffff;
6536 : ffff;
6537 : ffff;
6538 : ffff;
6539 : ffff;
6540 : ffff;
6541 : ffff;
6542 : ffff;
6543 : ffff;
6544 : ffff;
6545 : ffff;
6546 : ffff;
6547 : ffff;
6548 : ffff;
6549 : ffff;
6550 : ffff;
6551 : ffff;
6552 : ffff;
6553 : ffff;
6554 : ffff;
6555 : ffff;
6556 : ffff;
6557 : ffff;
6558 : ffff;
6559 : ffff;
6560 : ffff;
6561 : ffff;
6562 : ffff;
6563 : ffff;
6564 : ffff;
6565 : ffff;
6566 : ffff;
6567 : 2081;
6568 : fc08;
6569 : dba8;
6570 : e3a8;
6571 : e3a8;
6572 : dba8;
6573 : e3a7;
6574 : db68;
6575 : 7431;
6576 : ffff;
6577 : ffdf;
6578 : ffff;
6579 : 4228;
6580 : f42a;
6581 : ebc7;
6582 : 6122;
6583 : ffff;
6584 : ffff;
6585 : 6b4c;
6586 : ffff;
6587 : ffff;
6588 : ffff;
6589 : ffff;
6590 : ffff;
6591 : ffff;
6592 : ffff;
6593 : ffff;
6594 : ffff;
6595 : ffff;
6596 : ffff;
6597 : ffff;
6598 : ffff;
6599 : ffff;
6600 : ffff;
6601 : ffff;
6602 : ffff;
6603 : ffff;
6604 : ffff;
6605 : ffff;
6606 : ffff;
6607 : ffff;
6608 : ffff;
6609 : ffff;
6610 : ffff;
6611 : ffff;
6612 : ffff;
6613 : ffff;
6614 : ffff;
6615 : ffff;
6616 : ffff;
6617 : ffff;
6618 : ffff;
6619 : ffff;
6620 : ffff;
6621 : ffff;
6622 : ffff;
6623 : ffff;
6624 : ffff;
6625 : ffff;
6626 : ffff;
6627 : ffff;
6628 : ffff;
6629 : ffff;
6630 : ffff;
6631 : ffff;
6632 : ffff;
6633 : ffff;
6634 : ffff;
6635 : ffff;
6636 : ffff;
6637 : ffff;
6638 : ffff;
6639 : ffff;
6640 : ffff;
6641 : ffff;
6642 : ffff;
6643 : ffff;
6644 : ffff;
6645 : ffff;
6646 : ffff;
6647 : ffff;
6648 : ffff;
6649 : ffff;
6650 : ffff;
6651 : ffff;
6652 : ffff;
6653 : ffff;
6654 : ffff;
6655 : ffff;
6656 : ffff;
6657 : ffff;
6658 : ffff;
6659 : ffff;
6660 : ffff;
6661 : ffff;
6662 : ffff;
6663 : ffff;
6664 : ffff;
6665 : ffff;
6666 : 52ac;
6667 : db66;
6668 : e3a8;
6669 : e3a8;
6670 : e3a8;
6671 : e3a8;
6672 : e3a8;
6673 : dba7;
6674 : f3e9;
6675 : 38e3;
6676 : ffff;
6677 : ffff;
6678 : be18;
6679 : 79c4;
6680 : ebc8;
6681 : db88;
6682 : fc08;
6683 : 4186;
6684 : b5d6;
6685 : 9d14;
6686 : ffff;
6687 : ffff;
6688 : ffff;
6689 : ffff;
6690 : ffff;
6691 : ffff;
6692 : ffff;
6693 : ffff;
6694 : ffff;
6695 : ffff;
6696 : ffff;
6697 : ffff;
6698 : ffff;
6699 : ffff;
6700 : ffff;
6701 : ffff;
6702 : ffff;
6703 : ffff;
6704 : ffff;
6705 : ffff;
6706 : ffff;
6707 : ffff;
6708 : ffff;
6709 : ffff;
6710 : ffff;
6711 : ffff;
6712 : ffff;
6713 : ffff;
6714 : ffff;
6715 : ffff;
6716 : ffff;
6717 : ffff;
6718 : ffff;
6719 : ffff;
6720 : ffff;
6721 : ffff;
6722 : ffff;
6723 : ffff;
6724 : ffff;
6725 : ffff;
6726 : ffff;
6727 : ffff;
6728 : ffff;
6729 : ffff;
6730 : ffff;
6731 : ffff;
6732 : ffff;
6733 : ffff;
6734 : ffff;
6735 : ffff;
6736 : ffff;
6737 : ffff;
6738 : ffff;
6739 : ffff;
6740 : ffff;
6741 : ffff;
6742 : ffff;
6743 : ffff;
6744 : ffff;
6745 : ffff;
6746 : ffff;
6747 : ffff;
6748 : ffff;
6749 : ffff;
6750 : ffff;
6751 : ffff;
6752 : ffff;
6753 : ffff;
6754 : ffff;
6755 : ffff;
6756 : ffff;
6757 : ffff;
6758 : ffff;
6759 : ffff;
6760 : ffff;
6761 : ffff;
6762 : ffff;
6763 : ffff;
6764 : ffff;
6765 : a597;
6766 : 71c4;
6767 : f3c8;
6768 : db89;
6769 : e3a8;
6770 : e3a8;
6771 : e3a8;
6772 : dba8;
6773 : e388;
6774 : dba8;
6775 : e369;
6776 : 31a6;
6777 : 6bb0;
6778 : 5921;
6779 : fc09;
6780 : d3c8;
6781 : e387;
6782 : d3a9;
6783 : fc48;
6784 : 0800;
6785 : e73d;
6786 : ffff;
6787 : ffff;
6788 : ffff;
6789 : ffff;
6790 : ffff;
6791 : ffff;
6792 : ffff;
6793 : ffff;
6794 : ffff;
6795 : ffff;
6796 : ffff;
6797 : ffff;
6798 : ffff;
6799 : ffff;
6800 : ffff;
6801 : ffff;
6802 : ffff;
6803 : ffff;
6804 : ffff;
6805 : ffff;
6806 : ffff;
6807 : ffff;
6808 : ffff;
6809 : ffff;
6810 : ffff;
6811 : ffff;
6812 : ffff;
6813 : ffff;
6814 : ffff;
6815 : ffff;
6816 : ffff;
6817 : ffff;
6818 : ffff;
6819 : ffff;
6820 : ffff;
6821 : ffff;
6822 : ffff;
6823 : ffff;
6824 : ffff;
6825 : ffff;
6826 : ffff;
6827 : ffff;
6828 : ffff;
6829 : ffff;
6830 : ffff;
6831 : ffff;
6832 : ffff;
6833 : ffff;
6834 : ffff;
6835 : ffff;
6836 : ffff;
6837 : ffff;
6838 : ffff;
6839 : ffff;
6840 : ffff;
6841 : ffff;
6842 : ffff;
6843 : ffff;
6844 : ffff;
6845 : ffff;
6846 : ffff;
6847 : ffff;
6848 : ffff;
6849 : ffff;
6850 : ffff;
6851 : ffff;
6852 : ffff;
6853 : ffff;
6854 : ffff;
6855 : ffff;
6856 : ffff;
6857 : ffff;
6858 : ffff;
6859 : ffff;
6860 : ffff;
6861 : ffdf;
6862 : ffff;
6863 : ffff;
6864 : 9596;
6865 : 50a1;
6866 : fc09;
6867 : dba8;
6868 : e3a7;
6869 : e3a8;
6870 : e3a8;
6871 : e3a8;
6872 : e3a8;
6873 : dba8;
6874 : e3a8;
6875 : e3a7;
6876 : f409;
6877 : ebc8;
6878 : ebe9;
6879 : e387;
6880 : e388;
6881 : e3a8;
6882 : dba6;
6883 : fc29;
6884 : 0000;
6885 : ffff;
6886 : ffff;
6887 : ffff;
6888 : ffff;
6889 : ffff;
6890 : ffff;
6891 : ffff;
6892 : ffff;
6893 : ffff;
6894 : ffff;
6895 : ffff;
6896 : ffff;
6897 : ffff;
6898 : ffff;
6899 : ffff;
6900 : ffff;
6901 : ffff;
6902 : ffff;
6903 : ffff;
6904 : ffff;
6905 : ffff;
6906 : ffff;
6907 : ffff;
6908 : ffff;
6909 : ffff;
6910 : ffff;
6911 : ffff;
6912 : ffff;
6913 : ffff;
6914 : ffff;
6915 : ffff;
6916 : ffff;
6917 : ffff;
6918 : ffff;
6919 : ffff;
6920 : ffff;
6921 : ffff;
6922 : ffff;
6923 : ffff;
6924 : ffff;
6925 : ffff;
6926 : ffff;
6927 : ffff;
6928 : ffff;
6929 : ffff;
6930 : ffff;
6931 : ffff;
6932 : ffff;
6933 : ffff;
6934 : ffff;
6935 : ffff;
6936 : ffff;
6937 : ffff;
6938 : ffff;
6939 : ffff;
6940 : ffff;
6941 : ffff;
6942 : ffff;
6943 : ffff;
6944 : ffff;
6945 : ffff;
6946 : ffff;
6947 : ffff;
6948 : ffff;
6949 : ffff;
6950 : ffff;
6951 : ffff;
6952 : ffff;
6953 : ffff;
6954 : ffff;
6955 : ffff;
6956 : ffff;
6957 : ffff;
6958 : ffff;
6959 : ffff;
6960 : ffff;
6961 : ffff;
6962 : ffff;
6963 : 4a69;
6964 : 81c5;
6965 : fc28;
6966 : dba7;
6967 : e3a8;
6968 : e3a8;
6969 : e3a8;
6970 : e3a8;
6971 : e3a8;
6972 : e3a8;
6973 : e3a8;
6974 : e3a8;
6975 : dba7;
6976 : dba7;
6977 : dba8;
6978 : dba8;
6979 : e3a8;
6980 : e3a8;
6981 : dba7;
6982 : e386;
6983 : ec6b;
6984 : 0000;
6985 : ffff;
6986 : ffff;
6987 : ffff;
6988 : ffff;
6989 : ffff;
6990 : ffff;
6991 : ffff;
6992 : ffff;
6993 : ffff;
6994 : ffff;
6995 : ffff;
6996 : ffff;
6997 : ffff;
6998 : ffff;
6999 : ffff;
7000 : ffff;
7001 : ffff;
7002 : ffff;
7003 : ffff;
7004 : ffff;
7005 : ffff;
7006 : ffff;
7007 : ffff;
7008 : ffff;
7009 : ffff;
7010 : ffff;
7011 : ffff;
7012 : ffff;
7013 : ffff;
7014 : ffff;
7015 : ffff;
7016 : ffff;
7017 : ffff;
7018 : ffff;
7019 : ffff;
7020 : ffff;
7021 : ffff;
7022 : ffff;
7023 : ffff;
7024 : ffff;
7025 : ffff;
7026 : ffff;
7027 : ffff;
7028 : ffff;
7029 : ffff;
7030 : ffff;
7031 : ffff;
7032 : ffff;
7033 : ffff;
7034 : ffff;
7035 : ffff;
7036 : ffff;
7037 : ffff;
7038 : ffff;
7039 : ffff;
7040 : ffff;
7041 : ffff;
7042 : ffff;
7043 : ffff;
7044 : ffff;
7045 : ffff;
7046 : ffff;
7047 : ffff;
7048 : ffff;
7049 : e71b;
7050 : ad75;
7051 : 9471;
7052 : 9cd3;
7053 : c638;
7054 : ffff;
7055 : ffff;
7056 : ffff;
7057 : ffff;
7058 : ffff;
7059 : ffff;
7060 : ffff;
7061 : f7df;
7062 : 2841;
7063 : ebc8;
7064 : ebe8;
7065 : e388;
7066 : e3a8;
7067 : dba8;
7068 : e3a8;
7069 : e3a8;
7070 : e3a8;
7071 : e3a7;
7072 : dba8;
7073 : dba8;
7074 : dba7;
7075 : e388;
7076 : e388;
7077 : e3a7;
7078 : e3a7;
7079 : e3a8;
7080 : dba8;
7081 : e3a7;
7082 : dbc7;
7083 : ec2b;
7084 : 0022;
7085 : ffff;
7086 : ffff;
7087 : ffff;
7088 : ffff;
7089 : ffff;
7090 : ffff;
7091 : ffff;
7092 : ffff;
7093 : ffff;
7094 : ffff;
7095 : ffff;
7096 : ffff;
7097 : ffff;
7098 : ffff;
7099 : ffff;
7100 : ffff;
7101 : ffff;
7102 : ffff;
7103 : ffff;
7104 : ffff;
7105 : ffff;
7106 : ffff;
7107 : ffff;
7108 : ffff;
7109 : ffff;
7110 : ffff;
7111 : ffff;
7112 : ffff;
7113 : ffff;
7114 : ffff;
7115 : ffff;
7116 : ffff;
7117 : ffff;
7118 : ffff;
7119 : ffff;
7120 : ffff;
7121 : ffff;
7122 : ffff;
7123 : ffff;
7124 : ffff;
7125 : ffff;
7126 : ffff;
7127 : ffff;
7128 : ffff;
7129 : ffff;
7130 : ffff;
7131 : ffff;
7132 : ffff;
7133 : ffff;
7134 : ffff;
7135 : ffff;
7136 : ffff;
7137 : ffff;
7138 : ffff;
7139 : ffff;
7140 : ffff;
7141 : ffff;
7142 : ffff;
7143 : ffff;
7144 : ffff;
7145 : ffff;
7146 : a4f3;
7147 : 2944;
7148 : 0000;
7149 : 0000;
7150 : 0000;
7151 : 0000;
7152 : 0000;
7153 : 0000;
7154 : 0000;
7155 : 18c2;
7156 : 0000;
7157 : 0000;
7158 : 0000;
7159 : 2144;
7160 : d699;
7161 : 5b4e;
7162 : e3e9;
7163 : dba7;
7164 : e388;
7165 : dba8;
7166 : e3a8;
7167 : e3a8;
7168 : e3a8;
7169 : e3a8;
7170 : e3a8;
7171 : dba8;
7172 : e387;
7173 : e387;
7174 : f3a8;
7175 : ebe8;
7176 : dba7;
7177 : e3a8;
7178 : e3a8;
7179 : e3a8;
7180 : e3a8;
7181 : dba7;
7182 : eba8;
7183 : b2c8;
7184 : 3a29;
7185 : ffff;
7186 : ffff;
7187 : ffff;
7188 : ffff;
7189 : ffff;
7190 : ffff;
7191 : ffff;
7192 : ffff;
7193 : ffff;
7194 : ffff;
7195 : ffff;
7196 : ffff;
7197 : ffff;
7198 : ffff;
7199 : ffff;
7200 : ffff;
7201 : ffff;
7202 : ffff;
7203 : ffff;
7204 : ffff;
7205 : ffff;
7206 : ffff;
7207 : ffff;
7208 : ffff;
7209 : ffff;
7210 : ffff;
7211 : ffff;
7212 : ffff;
7213 : ffff;
7214 : ffff;
7215 : ffff;
7216 : ffff;
7217 : ffff;
7218 : ffff;
7219 : ffff;
7220 : ffff;
7221 : ffff;
7222 : ffff;
7223 : ffff;
7224 : ffff;
7225 : ffff;
7226 : ffff;
7227 : ffff;
7228 : ffff;
7229 : ffff;
7230 : ffff;
7231 : ffff;
7232 : ffff;
7233 : ffff;
7234 : ffff;
7235 : ffff;
7236 : ffff;
7237 : ffff;
7238 : ffff;
7239 : ffff;
7240 : ffff;
7241 : ffff;
7242 : ffff;
7243 : ffff;
7244 : 7bcf;
7245 : 0000;
7246 : 0000;
7247 : 52aa;
7248 : ad54;
7249 : ffde;
7250 : ffff;
7251 : ffff;
7252 : ffff;
7253 : ffff;
7254 : b575;
7255 : 0000;
7256 : c617;
7257 : b575;
7258 : a514;
7259 : 0000;
7260 : 0000;
7261 : 0000;
7262 : ab09;
7263 : ebc7;
7264 : e3a8;
7265 : e3a8;
7266 : e3a8;
7267 : e3a8;
7268 : dba8;
7269 : e3a8;
7270 : e3a8;
7271 : dba8;
7272 : eba7;
7273 : ec6c;
7274 : 7a65;
7275 : 6965;
7276 : e368;
7277 : e3a8;
7278 : dba8;
7279 : e3a8;
7280 : e388;
7281 : dba7;
7282 : fc0a;
7283 : 28c1;
7284 : 8431;
7285 : ffff;
7286 : ffff;
7287 : ffff;
7288 : ffff;
7289 : ffff;
7290 : ffff;
7291 : ffff;
7292 : ffff;
7293 : ffff;
7294 : ffff;
7295 : ffff;
7296 : ffff;
7297 : ffff;
7298 : ffff;
7299 : ffff;
7300 : ffff;
7301 : ffff;
7302 : ffff;
7303 : ffff;
7304 : ffff;
7305 : ffff;
7306 : ffff;
7307 : ffff;
7308 : ffff;
7309 : ffff;
7310 : ffff;
7311 : ffff;
7312 : ffff;
7313 : ffff;
7314 : ffff;
7315 : ffff;
7316 : ffff;
7317 : ffff;
7318 : ffff;
7319 : ffff;
7320 : ffff;
7321 : ffff;
7322 : ffff;
7323 : ffff;
7324 : ffff;
7325 : ffff;
7326 : ffff;
7327 : ffff;
7328 : ffff;
7329 : ffff;
7330 : ffff;
7331 : ffff;
7332 : ffff;
7333 : ffff;
7334 : ffff;
7335 : ffff;
7336 : ffff;
7337 : ffff;
7338 : ffff;
7339 : ffff;
7340 : ffff;
7341 : ffff;
7342 : bdf7;
7343 : 0000;
7344 : 0000;
7345 : a4f4;
7346 : ffff;
7347 : ffff;
7348 : ffff;
7349 : ffff;
7350 : ffff;
7351 : ffff;
7352 : ffff;
7353 : ffff;
7354 : 4208;
7355 : ffff;
7356 : ffff;
7357 : ffff;
7358 : 630c;
7359 : 0000;
7360 : 0820;
7361 : 0821;
7362 : 0000;
7363 : ebea;
7364 : e3c7;
7365 : dba7;
7366 : e3a8;
7367 : dba8;
7368 : e388;
7369 : dba8;
7370 : e387;
7371 : e3e9;
7372 : d388;
7373 : 0000;
7374 : 3904;
7375 : f46a;
7376 : dbc7;
7377 : e3a6;
7378 : e388;
7379 : e3a7;
7380 : ebe7;
7381 : fc49;
7382 : 7a25;
7383 : 0000;
7384 : ffff;
7385 : ffff;
7386 : ffff;
7387 : ffff;
7388 : ffff;
7389 : ffff;
7390 : ffff;
7391 : ffff;
7392 : ffff;
7393 : ffff;
7394 : ffff;
7395 : ffff;
7396 : ffff;
7397 : ffff;
7398 : ffff;
7399 : ffff;
7400 : ffff;
7401 : ffff;
7402 : ffff;
7403 : ffff;
7404 : ffff;
7405 : ffff;
7406 : ffff;
7407 : ffff;
7408 : ffff;
7409 : ffff;
7410 : ffff;
7411 : ffff;
7412 : ffff;
7413 : ffff;
7414 : ffff;
7415 : ffff;
7416 : ffff;
7417 : ffff;
7418 : ffff;
7419 : ffff;
7420 : ffff;
7421 : ffff;
7422 : ffff;
7423 : ffff;
7424 : ffff;
7425 : ffff;
7426 : ffff;
7427 : ffff;
7428 : ffff;
7429 : ffff;
7430 : ffff;
7431 : ffff;
7432 : ffff;
7433 : ffff;
7434 : ffff;
7435 : ffff;
7436 : ffff;
7437 : ffff;
7438 : ffff;
7439 : ffff;
7440 : ffff;
7441 : 3185;
7442 : 0000;
7443 : a4f3;
7444 : ffff;
7445 : ffff;
7446 : ffff;
7447 : ffff;
7448 : ffff;
7449 : ffff;
7450 : ffff;
7451 : ffff;
7452 : ffff;
7453 : e71c;
7454 : 9cf3;
7455 : ffff;
7456 : ffff;
7457 : 8c51;
7458 : 0000;
7459 : 0820;
7460 : 0820;
7461 : 0820;
7462 : 0021;
7463 : 0000;
7464 : dbeb;
7465 : fba7;
7466 : dba8;
7467 : dba8;
7468 : e3a7;
7469 : d3a8;
7470 : f389;
7471 : c3a8;
7472 : 0001;
7473 : 30c1;
7474 : fc8a;
7475 : db86;
7476 : e388;
7477 : ec09;
7478 : f42a;
7479 : cb27;
7480 : 69c5;
7481 : 0000;
7482 : 5b0d;
7483 : ffff;
7484 : ffff;
7485 : ffff;
7486 : ffff;
7487 : ffff;
7488 : ffff;
7489 : ffff;
7490 : ffff;
7491 : ffff;
7492 : ffff;
7493 : ffff;
7494 : ffff;
7495 : ffff;
7496 : ffff;
7497 : ffff;
7498 : ffff;
7499 : ffff;
7500 : ffff;
7501 : ffff;
7502 : ffff;
7503 : ffff;
7504 : ffff;
7505 : ffff;
7506 : ffff;
7507 : ffff;
7508 : ffff;
7509 : ffff;
7510 : ffff;
7511 : ffff;
7512 : ffff;
7513 : ffff;
7514 : ffff;
7515 : ffff;
7516 : ffff;
7517 : ffff;
7518 : ffff;
7519 : ffff;
7520 : ffff;
7521 : ffff;
7522 : ffff;
7523 : ffff;
7524 : ffff;
7525 : ffff;
7526 : ffff;
7527 : ffff;
7528 : ffff;
7529 : ffff;
7530 : ffff;
7531 : ffff;
7532 : ffff;
7533 : ffff;
7534 : ffff;
7535 : ffff;
7536 : ffff;
7537 : ffff;
7538 : ffff;
7539 : f7be;
7540 : 0000;
7541 : 2965;
7542 : ffff;
7543 : ffff;
7544 : ffff;
7545 : ffff;
7546 : ffff;
7547 : ffff;
7548 : ffff;
7549 : ffff;
7550 : ffff;
7551 : ffff;
7552 : ffff;
7553 : c618;
7554 : ffff;
7555 : ffff;
7556 : ffff;
7557 : 0000;
7558 : 0800;
7559 : 0820;
7560 : 0820;
7561 : 0820;
7562 : 0820;
7563 : 0020;
7564 : 0000;
7565 : 8aa8;
7566 : ec09;
7567 : eba7;
7568 : eba8;
7569 : f408;
7570 : ec4c;
7571 : 0000;
7572 : 0000;
7573 : d3c9;
7574 : f3e7;
7575 : f428;
7576 : fc4b;
7577 : 40c1;
7578 : 1967;
7579 : 5b2d;
7580 : a535;
7581 : ffff;
7582 : ffff;
7583 : ffff;
7584 : ffff;
7585 : ffff;
7586 : ffff;
7587 : ffff;
7588 : ffff;
7589 : ffff;
7590 : ffff;
7591 : ffff;
7592 : ffff;
7593 : ffff;
7594 : ffff;
7595 : ffff;
7596 : ffff;
7597 : ffff;
7598 : ffff;
7599 : ffff;
7600 : ffff;
7601 : ffff;
7602 : ffff;
7603 : ffff;
7604 : ffff;
7605 : ffff;
7606 : ffff;
7607 : ffff;
7608 : ffff;
7609 : ffff;
7610 : ffff;
7611 : ffff;
7612 : ffff;
7613 : ffff;
7614 : ffff;
7615 : ffff;
7616 : ffff;
7617 : ffff;
7618 : ffff;
7619 : ffff;
7620 : ffff;
7621 : ffff;
7622 : ffff;
7623 : ffff;
7624 : ffff;
7625 : ffff;
7626 : ffff;
7627 : ffff;
7628 : ffff;
7629 : ffff;
7630 : ffff;
7631 : ffff;
7632 : ffff;
7633 : ffff;
7634 : ffff;
7635 : ffff;
7636 : ffff;
7637 : ffff;
7638 : e6fc;
7639 : 0000;
7640 : a514;
7641 : ffff;
7642 : ffff;
7643 : ffff;
7644 : ffff;
7645 : ffff;
7646 : ffff;
7647 : ffff;
7648 : ffff;
7649 : ffff;
7650 : ffff;
7651 : ffff;
7652 : ffff;
7653 : ffff;
7654 : ffff;
7655 : ffff;
7656 : ffff;
7657 : 0000;
7658 : 0800;
7659 : 0820;
7660 : 0820;
7661 : 0820;
7662 : 0820;
7663 : 0820;
7664 : 0000;
7665 : 0000;
7666 : 426a;
7667 : bcb2;
7668 : 82ca;
7669 : 5964;
7670 : 0800;
7671 : 0021;
7672 : 0021;
7673 : 1861;
7674 : 7a46;
7675 : 5143;
7676 : 0000;
7677 : 738e;
7678 : ffff;
7679 : ffff;
7680 : ffff;
7681 : ffff;
7682 : ffff;
7683 : ffff;
7684 : ffff;
7685 : ffff;
7686 : ffff;
7687 : ffff;
7688 : ffff;
7689 : ffff;
7690 : ffff;
7691 : ffff;
7692 : ffff;
7693 : ffff;
7694 : ffff;
7695 : ffff;
7696 : ffff;
7697 : ffff;
7698 : ffff;
7699 : ffff;
7700 : ffff;
7701 : ffff;
7702 : ffff;
7703 : ffff;
7704 : ffff;
7705 : ffff;
7706 : ffff;
7707 : ffff;
7708 : ffff;
7709 : ffff;
7710 : ffff;
7711 : ffff;
7712 : ffff;
7713 : ffff;
7714 : ffff;
7715 : ffff;
7716 : ffff;
7717 : ffff;
7718 : ffff;
7719 : ffff;
7720 : ffff;
7721 : ffff;
7722 : ffff;
7723 : ffff;
7724 : ffff;
7725 : ffff;
7726 : ffff;
7727 : ffff;
7728 : ffff;
7729 : ffff;
7730 : ffff;
7731 : ffff;
7732 : ffff;
7733 : ffff;
7734 : ffff;
7735 : ffff;
7736 : ffff;
7737 : c659;
7738 : 0000;
7739 : e6fc;
7740 : ffff;
7741 : ffff;
7742 : ffff;
7743 : ffff;
7744 : ffff;
7745 : ffff;
7746 : ffff;
7747 : ffff;
7748 : ffff;
7749 : ffff;
7750 : ffff;
7751 : ffff;
7752 : ffff;
7753 : ffff;
7754 : ffff;
7755 : ffff;
7756 : ffff;
7757 : a534;
7758 : 0000;
7759 : 0820;
7760 : 0820;
7761 : 0820;
7762 : 0820;
7763 : 0000;
7764 : 10c2;
7765 : e71c;
7766 : ffff;
7767 : ffff;
7768 : d6db;
7769 : 0000;
7770 : 0800;
7771 : 1020;
7772 : 1801;
7773 : 0001;
7774 : 0000;
7775 : 0000;
7776 : 39e7;
7777 : ffff;
7778 : ffff;
7779 : ffff;
7780 : ffff;
7781 : ffff;
7782 : ffff;
7783 : ffff;
7784 : ffff;
7785 : ffff;
7786 : ffff;
7787 : ffff;
7788 : ffff;
7789 : ffff;
7790 : ffff;
7791 : ffff;
7792 : ffff;
7793 : ffff;
7794 : ffff;
7795 : ffff;
7796 : ffff;
7797 : ffff;
7798 : ffff;
7799 : ffff;
7800 : ffff;
7801 : ffff;
7802 : ffff;
7803 : ffff;
7804 : ffff;
7805 : ffff;
7806 : ffff;
7807 : ffff;
7808 : ffff;
7809 : ffff;
7810 : ffff;
7811 : ffff;
7812 : ffff;
7813 : ffff;
7814 : ffff;
7815 : ffff;
7816 : ffff;
7817 : ffff;
7818 : ffff;
7819 : ffff;
7820 : ffff;
7821 : ffff;
7822 : ffff;
7823 : ffff;
7824 : ffff;
7825 : ffff;
7826 : ffff;
7827 : ffff;
7828 : ffff;
7829 : ffff;
7830 : ffff;
7831 : ffff;
7832 : ffff;
7833 : ffff;
7834 : ffff;
7835 : ffff;
7836 : d6ba;
7837 : 0000;
7838 : e71c;
7839 : ffff;
7840 : ffff;
7841 : ffff;
7842 : ffff;
7843 : ffff;
7844 : ffff;
7845 : ffff;
7846 : ffff;
7847 : ffff;
7848 : ffff;
7849 : ffff;
7850 : ffff;
7851 : ffff;
7852 : ffff;
7853 : ffff;
7854 : ffff;
7855 : ffff;
7856 : ffff;
7857 : ffff;
7858 : 5acb;
7859 : 0000;
7860 : 0000;
7861 : 0800;
7862 : 0000;
7863 : ad75;
7864 : ffff;
7865 : ffff;
7866 : ffff;
7867 : f7df;
7868 : 0000;
7869 : 0821;
7870 : 0821;
7871 : 0820;
7872 : 0040;
7873 : 1020;
7874 : 0800;
7875 : 1082;
7876 : ffff;
7877 : ffff;
7878 : ffff;
7879 : ffff;
7880 : ffff;
7881 : ffff;
7882 : ffff;
7883 : ffff;
7884 : ffff;
7885 : ffff;
7886 : ffff;
7887 : ffff;
7888 : ffff;
7889 : ffff;
7890 : ffff;
7891 : ffff;
7892 : ffff;
7893 : ffff;
7894 : ffff;
7895 : ffff;
7896 : ffff;
7897 : ffff;
7898 : ffff;
7899 : ffff;
7900 : ffff;
7901 : ffff;
7902 : ffff;
7903 : ffff;
7904 : ffff;
7905 : ffff;
7906 : ffff;
7907 : ffff;
7908 : ffff;
7909 : ffff;
7910 : ffff;
7911 : ffff;
7912 : ffff;
7913 : ffff;
7914 : ffff;
7915 : ffff;
7916 : ffff;
7917 : ffff;
7918 : ffff;
7919 : ffff;
7920 : ffff;
7921 : ffff;
7922 : ffff;
7923 : ffff;
7924 : ffff;
7925 : ffff;
7926 : ffff;
7927 : ffff;
7928 : ffff;
7929 : ffff;
7930 : ffff;
7931 : ffff;
7932 : ffff;
7933 : ffff;
7934 : ffff;
7935 : ffff;
7936 : 0000;
7937 : ad75;
7938 : ffff;
7939 : ffff;
7940 : ffff;
7941 : ffff;
7942 : ffff;
7943 : ffff;
7944 : ffff;
7945 : ffff;
7946 : ffff;
7947 : ffff;
7948 : ffff;
7949 : ffff;
7950 : ffff;
7951 : ffff;
7952 : ffff;
7953 : ffff;
7954 : ffff;
7955 : ffff;
7956 : ffff;
7957 : ffdf;
7958 : ffff;
7959 : ffff;
7960 : ffff;
7961 : 0000;
7962 : 5aeb;
7963 : ffff;
7964 : ffff;
7965 : f79e;
7966 : ce79;
7967 : 0861;
7968 : 0820;
7969 : 0820;
7970 : 0820;
7971 : 0820;
7972 : 0820;
7973 : 0800;
7974 : 0000;
7975 : ffff;
7976 : ffff;
7977 : ffff;
7978 : ffff;
7979 : ffff;
7980 : ffff;
7981 : ffff;
7982 : ffff;
7983 : ffff;
7984 : ffff;
7985 : ffff;
7986 : ffff;
7987 : ffff;
7988 : ffff;
7989 : ffff;
7990 : ffff;
7991 : ffff;
7992 : ffff;
7993 : ffff;
7994 : ffff;
7995 : ffff;
7996 : ffff;
7997 : ffff;
7998 : ffff;
7999 : ffff;
8000 : ffff;
8001 : ffff;
8002 : ffff;
8003 : ffff;
8004 : ffff;
8005 : ffff;
8006 : ffff;
8007 : ffff;
8008 : ffff;
8009 : ffff;
8010 : ffff;
8011 : ffff;
8012 : ffff;
8013 : ffff;
8014 : ffff;
8015 : ffff;
8016 : ffff;
8017 : ffff;
8018 : ffff;
8019 : ffff;
8020 : ffff;
8021 : ffff;
8022 : ffff;
8023 : ffff;
8024 : ffff;
8025 : ffff;
8026 : ffff;
8027 : ffff;
8028 : ffff;
8029 : ffff;
8030 : ffff;
8031 : ffff;
8032 : ffff;
8033 : ffff;
8034 : ffff;
8035 : 39e7;
8036 : 39a6;
8037 : ffff;
8038 : ffff;
8039 : ffff;
8040 : ffff;
8041 : ffff;
8042 : ffff;
8043 : ffff;
8044 : ffff;
8045 : ffff;
8046 : ffff;
8047 : ffff;
8048 : ffff;
8049 : ffff;
8050 : ffff;
8051 : ffff;
8052 : ffff;
8053 : ffff;
8054 : ffff;
8055 : ffff;
8056 : ffff;
8057 : ffff;
8058 : ffff;
8059 : ffff;
8060 : 4a69;
8061 : 0000;
8062 : ffff;
8063 : ad75;
8064 : 0000;
8065 : 0000;
8066 : 0000;
8067 : 0800;
8068 : 0800;
8069 : 0820;
8070 : 0820;
8071 : 0820;
8072 : 0820;
8073 : 0000;
8074 : f77e;
8075 : ffff;
8076 : ffff;
8077 : ffff;
8078 : ffff;
8079 : ffff;
8080 : ffff;
8081 : ffff;
8082 : ffff;
8083 : ffff;
8084 : ffff;
8085 : ffff;
8086 : ffff;
8087 : ffff;
8088 : ffff;
8089 : ffff;
8090 : ffff;
8091 : ffff;
8092 : ffff;
8093 : ffff;
8094 : ffff;
8095 : ffff;
8096 : ffff;
8097 : ffff;
8098 : ffff;
8099 : ffff;
8100 : ffff;
8101 : ffff;
8102 : ffff;
8103 : ffff;
8104 : ffff;
8105 : ffff;
8106 : ffff;
8107 : ffff;
8108 : ffff;
8109 : ffff;
8110 : ffff;
8111 : ffff;
8112 : ffff;
8113 : ffff;
8114 : ffff;
8115 : ffff;
8116 : ffff;
8117 : ffff;
8118 : ffff;
8119 : ffff;
8120 : ffff;
8121 : ffff;
8122 : ffff;
8123 : ffff;
8124 : ffff;
8125 : ffff;
8126 : ffff;
8127 : ffff;
8128 : ffff;
8129 : ffff;
8130 : ffff;
8131 : ffff;
8132 : ffff;
8133 : ffff;
8134 : ef5d;
8135 : 0000;
8136 : ffff;
8137 : ffff;
8138 : ffff;
8139 : ffff;
8140 : ffff;
8141 : ffff;
8142 : ffff;
8143 : ffff;
8144 : ffff;
8145 : ffff;
8146 : ffff;
8147 : ffff;
8148 : ffff;
8149 : ffff;
8150 : ffff;
8151 : ffff;
8152 : ffff;
8153 : ffff;
8154 : ffff;
8155 : ffff;
8156 : ffff;
8157 : ffff;
8158 : ce79;
8159 : 0861;
8160 : 3186;
8161 : ffff;
8162 : 5acb;
8163 : 0000;
8164 : 528a;
8165 : ffff;
8166 : 0000;
8167 : 0820;
8168 : 0820;
8169 : 0820;
8170 : 0820;
8171 : 0820;
8172 : 0000;
8173 : 3165;
8174 : ffff;
8175 : ffff;
8176 : ffff;
8177 : ffff;
8178 : e73c;
8179 : bdd7;
8180 : 9cd3;
8181 : 8c51;
8182 : 8430;
8183 : 9cd3;
8184 : c638;
8185 : ffff;
8186 : ffff;
8187 : ffff;
8188 : ffff;
8189 : ffff;
8190 : ffff;
8191 : ffff;
8192 : ffff;
8193 : ffff;
8194 : ffff;
8195 : ffff;
8196 : ffff;
8197 : ffff;
8198 : ffff;
8199 : ffff;
8200 : ffff;
8201 : ffff;
8202 : ffff;
8203 : ffff;
8204 : ffff;
8205 : ffff;
8206 : ffff;
8207 : ffff;
8208 : ffff;
8209 : ffff;
8210 : ffff;
8211 : ffff;
8212 : ffff;
8213 : ffff;
8214 : ffff;
8215 : ffff;
8216 : ffff;
8217 : ffff;
8218 : ffff;
8219 : ffff;
8220 : ffff;
8221 : ffff;
8222 : ffff;
8223 : ffff;
8224 : ffff;
8225 : ffff;
8226 : ffff;
8227 : ffff;
8228 : ffff;
8229 : ffff;
8230 : ffff;
8231 : ffff;
8232 : ffff;
8233 : ffff;
8234 : 31a6;
8235 : 6b6d;
8236 : ffff;
8237 : ffff;
8238 : ffff;
8239 : ffff;
8240 : ffff;
8241 : ffff;
8242 : ffff;
8243 : ffff;
8244 : ffff;
8245 : ffff;
8246 : ffff;
8247 : ffff;
8248 : ffff;
8249 : ffff;
8250 : ffff;
8251 : ffff;
8252 : ffff;
8253 : ffff;
8254 : ffff;
8255 : e71c;
8256 : ad75;
8257 : 0841;
8258 : 0000;
8259 : d69a;
8260 : ffff;
8261 : ad34;
8262 : 0000;
8263 : ef7d;
8264 : ffff;
8265 : 9cd3;
8266 : 0000;
8267 : 0820;
8268 : 0820;
8269 : 0820;
8270 : 0820;
8271 : 0000;
8272 : 39c6;
8273 : 0000;
8274 : 528a;
8275 : 10a2;
8276 : 2104;
8277 : 52aa;
8278 : 630c;
8279 : 83cf;
8280 : 9492;
8281 : 9cd3;
8282 : 9cd3;
8283 : 8c51;
8284 : 6b6d;
8285 : 52aa;
8286 : 18a3;
8287 : 9cf3;
8288 : ffff;
8289 : ffff;
8290 : ffff;
8291 : ffff;
8292 : ffff;
8293 : ffff;
8294 : ffff;
8295 : ffff;
8296 : ffff;
8297 : ffff;
8298 : ffff;
8299 : ffff;
8300 : ffff;
8301 : ffff;
8302 : ffff;
8303 : ffff;
8304 : ffff;
8305 : ffff;
8306 : ffff;
8307 : ffff;
8308 : ffff;
8309 : ffff;
8310 : ffff;
8311 : ffff;
8312 : ffff;
8313 : ffff;
8314 : ffff;
8315 : ffff;
8316 : ffff;
8317 : ffff;
8318 : ffff;
8319 : ffff;
8320 : ffff;
8321 : ffff;
8322 : ffff;
8323 : ffff;
8324 : ffff;
8325 : ffff;
8326 : ffff;
8327 : ffff;
8328 : ffff;
8329 : ffff;
8330 : ffff;
8331 : ffff;
8332 : ffff;
8333 : ffff;
8334 : 0000;
8335 : ffff;
8336 : ffff;
8337 : ffff;
8338 : ffff;
8339 : ffff;
8340 : ffff;
8341 : ffff;
8342 : ffff;
8343 : ffff;
8344 : ffff;
8345 : ffff;
8346 : ffff;
8347 : ffff;
8348 : ffff;
8349 : ffff;
8350 : ffff;
8351 : ffff;
8352 : ffff;
8353 : ffff;
8354 : ffff;
8355 : ffff;
8356 : ce58;
8357 : 0000;
8358 : ffff;
8359 : ffff;
8360 : 2104;
8361 : 0000;
8362 : 3186;
8363 : ffff;
8364 : ffff;
8365 : 6b4d;
8366 : 0000;
8367 : 0820;
8368 : 0820;
8369 : 0820;
8370 : 0820;
8371 : 0000;
8372 : ffff;
8373 : ad55;
8374 : ef7d;
8375 : ffff;
8376 : ffff;
8377 : ffff;
8378 : ffff;
8379 : ffff;
8380 : ffff;
8381 : ffff;
8382 : ffff;
8383 : ffff;
8384 : ffff;
8385 : ffff;
8386 : ffff;
8387 : 7bcf;
8388 : 18e3;
8389 : ffff;
8390 : ffff;
8391 : ffff;
8392 : ffff;
8393 : ffff;
8394 : ffff;
8395 : ffff;
8396 : ffff;
8397 : ffff;
8398 : ffff;
8399 : ffff;
8400 : ffff;
8401 : ffff;
8402 : ffff;
8403 : ffff;
8404 : ffff;
8405 : ffff;
8406 : ffff;
8407 : ffff;
8408 : ffff;
8409 : ffff;
8410 : ffff;
8411 : ffff;
8412 : ffff;
8413 : ffff;
8414 : ffff;
8415 : ffff;
8416 : ffff;
8417 : ffff;
8418 : ffff;
8419 : ffff;
8420 : ffff;
8421 : ffff;
8422 : ffff;
8423 : ffff;
8424 : ffff;
8425 : ffff;
8426 : ffff;
8427 : ffff;
8428 : ffff;
8429 : ffff;
8430 : ffff;
8431 : ffff;
8432 : ffff;
8433 : 9491;
8434 : 0861;
8435 : ffff;
8436 : ffff;
8437 : ffff;
8438 : ffff;
8439 : ffff;
8440 : ffff;
8441 : ffff;
8442 : ffff;
8443 : ffff;
8444 : ffff;
8445 : ffff;
8446 : ffff;
8447 : ffff;
8448 : ffff;
8449 : ffff;
8450 : ffff;
8451 : ffff;
8452 : ffff;
8453 : ffff;
8454 : ffff;
8455 : ffff;
8456 : 0000;
8457 : 8410;
8458 : ffff;
8459 : 0000;
8460 : a534;
8461 : ffff;
8462 : e73c;
8463 : 18c3;
8464 : ffff;
8465 : ffff;
8466 : 0000;
8467 : 0000;
8468 : 0820;
8469 : 0000;
8470 : 0000;
8471 : c638;
8472 : ffff;
8473 : a513;
8474 : ffff;
8475 : ffff;
8476 : ffff;
8477 : ffff;
8478 : ffff;
8479 : ffff;
8480 : ffff;
8481 : ffff;
8482 : ffff;
8483 : ffff;
8484 : ffff;
8485 : ffff;
8486 : ffff;
8487 : ffff;
8488 : 8c30;
8489 : 7bcf;
8490 : ffff;
8491 : ffff;
8492 : ffff;
8493 : ffff;
8494 : ffff;
8495 : ffff;
8496 : ffff;
8497 : ffff;
8498 : ffff;
8499 : ffff;
8500 : ffff;
8501 : ffff;
8502 : ffff;
8503 : ffff;
8504 : ffff;
8505 : ffff;
8506 : ffff;
8507 : ffff;
8508 : ffff;
8509 : ffff;
8510 : ffff;
8511 : ffff;
8512 : ffff;
8513 : ffff;
8514 : ffff;
8515 : ffff;
8516 : ffff;
8517 : ffff;
8518 : ffff;
8519 : ffff;
8520 : ffff;
8521 : ffff;
8522 : ffff;
8523 : ffff;
8524 : ffff;
8525 : ffff;
8526 : ffff;
8527 : ffff;
8528 : ffff;
8529 : ffff;
8530 : ffff;
8531 : ffff;
8532 : ffff;
8533 : 4a49;
8534 : 6b6d;
8535 : ffff;
8536 : ffff;
8537 : ffff;
8538 : ffff;
8539 : ffff;
8540 : ffff;
8541 : ffff;
8542 : ffff;
8543 : ffff;
8544 : ffff;
8545 : ffff;
8546 : ffff;
8547 : ffff;
8548 : ffff;
8549 : ffff;
8550 : ffff;
8551 : ffff;
8552 : ffff;
8553 : ffff;
8554 : ffff;
8555 : d6ba;
8556 : 0000;
8557 : ffff;
8558 : 0000;
8559 : ef7d;
8560 : ffff;
8561 : ffff;
8562 : ffff;
8563 : ffff;
8564 : 6b4d;
8565 : ce59;
8566 : ffff;
8567 : 52aa;
8568 : 0000;
8569 : 10a2;
8570 : bdf7;
8571 : ffff;
8572 : be17;
8573 : ce58;
8574 : f79e;
8575 : ffff;
8576 : ffff;
8577 : ffff;
8578 : ffff;
8579 : ffff;
8580 : ffff;
8581 : ffff;
8582 : ffff;
8583 : ffff;
8584 : ffff;
8585 : ffff;
8586 : ffff;
8587 : ffff;
8588 : ffff;
8589 : 0000;
8590 : ffff;
8591 : ffff;
8592 : ffff;
8593 : ffff;
8594 : ffff;
8595 : ffff;
8596 : ffff;
8597 : ffff;
8598 : ffff;
8599 : ffff;
8600 : ffff;
8601 : ffff;
8602 : ffff;
8603 : ffff;
8604 : ffff;
8605 : ffff;
8606 : ffff;
8607 : ffff;
8608 : ffff;
8609 : ffff;
8610 : ffff;
8611 : ffff;
8612 : ffff;
8613 : ffff;
8614 : ffff;
8615 : ffff;
8616 : ffff;
8617 : ffff;
8618 : ffff;
8619 : ffff;
8620 : ffff;
8621 : ffff;
8622 : ffff;
8623 : ffff;
8624 : ffff;
8625 : ffff;
8626 : ffff;
8627 : ffff;
8628 : ffff;
8629 : ffff;
8630 : ffff;
8631 : ffff;
8632 : ffff;
8633 : 0861;
8634 : 9492;
8635 : ffff;
8636 : ffff;
8637 : ffff;
8638 : ffff;
8639 : ffff;
8640 : ffff;
8641 : ffff;
8642 : ffff;
8643 : ffff;
8644 : ffff;
8645 : ffff;
8646 : ffff;
8647 : ffff;
8648 : ffff;
8649 : ffff;
8650 : ffff;
8651 : ffff;
8652 : ffff;
8653 : ffff;
8654 : ffff;
8655 : 7bae;
8656 : 62eb;
8657 : 94b2;
8658 : a514;
8659 : ffff;
8660 : ffff;
8661 : ffff;
8662 : ffff;
8663 : ffff;
8664 : ffff;
8665 : ffff;
8666 : ffff;
8667 : ffff;
8668 : ffff;
8669 : ffff;
8670 : 5aeb;
8671 : 0000;
8672 : 5acb;
8673 : defb;
8674 : ffff;
8675 : ffff;
8676 : ffff;
8677 : ffff;
8678 : ffff;
8679 : ffff;
8680 : ffff;
8681 : ffff;
8682 : ffff;
8683 : ffff;
8684 : ffff;
8685 : ffff;
8686 : ffff;
8687 : ffff;
8688 : ffff;
8689 : 738e;
8690 : ce79;
8691 : ffff;
8692 : ffff;
8693 : ffff;
8694 : ffff;
8695 : ffff;
8696 : ffff;
8697 : ffff;
8698 : ffff;
8699 : ffff;
8700 : ffff;
8701 : ffff;
8702 : ffff;
8703 : ffff;
8704 : ffff;
8705 : ffff;
8706 : ffff;
8707 : ffff;
8708 : ffff;
8709 : ffff;
8710 : ffff;
8711 : ffff;
8712 : ffff;
8713 : ffff;
8714 : ffff;
8715 : ffff;
8716 : ffff;
8717 : ffff;
8718 : ffff;
8719 : ffff;
8720 : ffff;
8721 : ffff;
8722 : ffff;
8723 : ffff;
8724 : ffff;
8725 : ffff;
8726 : ffff;
8727 : ffff;
8728 : ffff;
8729 : ffff;
8730 : ffff;
8731 : ffff;
8732 : ffff;
8733 : 0000;
8734 : a514;
8735 : ffff;
8736 : ffff;
8737 : ffff;
8738 : ffff;
8739 : ffff;
8740 : ffff;
8741 : ffff;
8742 : ffff;
8743 : d6ba;
8744 : 6b2c;
8745 : 2945;
8746 : 0881;
8747 : 2144;
8748 : 6b4d;
8749 : c618;
8750 : ffff;
8751 : ffff;
8752 : ffff;
8753 : ffff;
8754 : ffff;
8755 : 630c;
8756 : b576;
8757 : 39a6;
8758 : ffff;
8759 : ffff;
8760 : ffff;
8761 : ffff;
8762 : ffff;
8763 : ffff;
8764 : ffff;
8765 : ffff;
8766 : ffff;
8767 : ffff;
8768 : 9492;
8769 : 0000;
8770 : 31a6;
8771 : ffff;
8772 : ffff;
8773 : ffff;
8774 : ffff;
8775 : ffff;
8776 : ffff;
8777 : ffff;
8778 : ffff;
8779 : ffff;
8780 : ffff;
8781 : ffff;
8782 : ffff;
8783 : ffff;
8784 : ffff;
8785 : ffff;
8786 : ffff;
8787 : ffff;
8788 : ffff;
8789 : c618;
8790 : 9492;
8791 : ffff;
8792 : ffff;
8793 : ffff;
8794 : ffff;
8795 : ffff;
8796 : ffff;
8797 : ffff;
8798 : ffff;
8799 : ffff;
8800 : ffff;
8801 : ffff;
8802 : ffff;
8803 : ffff;
8804 : ffff;
8805 : ffff;
8806 : ffff;
8807 : ffff;
8808 : ffff;
8809 : ffff;
8810 : ffff;
8811 : ffff;
8812 : ffff;
8813 : ffff;
8814 : ffff;
8815 : ffff;
8816 : ffff;
8817 : ffff;
8818 : ffff;
8819 : ffff;
8820 : ffff;
8821 : ffff;
8822 : ffff;
8823 : ffff;
8824 : ffff;
8825 : ffff;
8826 : ffff;
8827 : ffff;
8828 : ffff;
8829 : ffff;
8830 : ffff;
8831 : ffff;
8832 : ffff;
8833 : 0861;
8834 : 94b2;
8835 : ffff;
8836 : ffff;
8837 : ffff;
8838 : ffff;
8839 : ffff;
8840 : ffff;
8841 : ffff;
8842 : 9cd3;
8843 : 5acb;
8844 : 630c;
8845 : 4a69;
8846 : 3186;
8847 : 0820;
8848 : 0000;
8849 : 0000;
8850 : 0000;
8851 : b5b6;
8852 : ffff;
8853 : ffff;
8854 : ffff;
8855 : a514;
8856 : 7bef;
8857 : 4a49;
8858 : ffff;
8859 : ffff;
8860 : ffff;
8861 : ffff;
8862 : ffff;
8863 : ffff;
8864 : ffff;
8865 : ffff;
8866 : ffff;
8867 : 9cb2;
8868 : 0000;
8869 : bdd6;
8870 : ffff;
8871 : ffff;
8872 : ffff;
8873 : ffff;
8874 : ffff;
8875 : ffff;
8876 : ffff;
8877 : ffff;
8878 : ffff;
8879 : ffff;
8880 : ffff;
8881 : ffff;
8882 : ffff;
8883 : ffff;
8884 : ffff;
8885 : ffff;
8886 : ffff;
8887 : ffff;
8888 : ffff;
8889 : c638;
8890 : 8c51;
8891 : ffff;
8892 : ffff;
8893 : ffff;
8894 : ffff;
8895 : ffff;
8896 : ffff;
8897 : ffff;
8898 : ffff;
8899 : ffff;
8900 : ffff;
8901 : ffff;
8902 : ffff;
8903 : ffff;
8904 : ffff;
8905 : ffff;
8906 : ffff;
8907 : ffff;
8908 : ffff;
8909 : ffff;
8910 : ffff;
8911 : ffff;
8912 : ffff;
8913 : ffff;
8914 : ffff;
8915 : ffff;
8916 : ffff;
8917 : ffff;
8918 : ffff;
8919 : ffff;
8920 : ffff;
8921 : ffff;
8922 : ffff;
8923 : ffff;
8924 : ffff;
8925 : ffff;
8926 : ffff;
8927 : ffff;
8928 : ffff;
8929 : ffff;
8930 : ffff;
8931 : ffff;
8932 : ffff;
8933 : 528a;
8934 : 6b4d;
8935 : ffff;
8936 : ffff;
8937 : ffff;
8938 : ffff;
8939 : ffff;
8940 : ffff;
8941 : ffff;
8942 : ffff;
8943 : ffff;
8944 : ffff;
8945 : ffff;
8946 : ffff;
8947 : ffff;
8948 : ffff;
8949 : ffff;
8950 : ad55;
8951 : 4208;
8952 : 18e3;
8953 : ffff;
8954 : ffff;
8955 : ef7d;
8956 : 39c7;
8957 : 4a28;
8958 : ffff;
8959 : ffff;
8960 : ffff;
8961 : ffff;
8962 : ffff;
8963 : ffff;
8964 : ffff;
8965 : ffff;
8966 : ffbe;
8967 : 0000;
8968 : ffdf;
8969 : ffff;
8970 : ffff;
8971 : ffff;
8972 : ffff;
8973 : ffff;
8974 : ffff;
8975 : ffff;
8976 : ffff;
8977 : ffff;
8978 : ffff;
8979 : ffff;
8980 : ffff;
8981 : ffff;
8982 : ffff;
8983 : ffff;
8984 : ffff;
8985 : ffff;
8986 : ffff;
8987 : ffff;
8988 : ffff;
8989 : 7bcf;
8990 : b5b6;
8991 : ffff;
8992 : ffff;
8993 : ffff;
8994 : ffff;
8995 : ffff;
8996 : ffff;
8997 : ffff;
8998 : ffff;
8999 : ffff;
9000 : ffff;
9001 : ffff;
9002 : ffff;
9003 : ffff;
9004 : ffff;
9005 : ffff;
9006 : ffff;
9007 : ffff;
9008 : ffff;
9009 : ffff;
9010 : ffff;
9011 : ffff;
9012 : ffff;
9013 : ffff;
9014 : ffff;
9015 : ffff;
9016 : ffff;
9017 : ffff;
9018 : ffff;
9019 : ffff;
9020 : ffff;
9021 : ffff;
9022 : ffff;
9023 : ffff;
9024 : ffff;
9025 : ffff;
9026 : ffff;
9027 : ffff;
9028 : ffff;
9029 : ffff;
9030 : ffff;
9031 : ffff;
9032 : ffff;
9033 : b5b6;
9034 : 0000;
9035 : ffff;
9036 : ffff;
9037 : ffff;
9038 : ffff;
9039 : ffff;
9040 : ffff;
9041 : ffff;
9042 : ffff;
9043 : ffff;
9044 : ffff;
9045 : ffff;
9046 : ffff;
9047 : ffff;
9048 : ffff;
9049 : ffff;
9050 : ffff;
9051 : ffff;
9052 : ffff;
9053 : 9cd3;
9054 : ffff;
9055 : ffff;
9056 : 0000;
9057 : 738e;
9058 : ffbe;
9059 : ffff;
9060 : ffff;
9061 : ffff;
9062 : ffff;
9063 : ffff;
9064 : ffff;
9065 : ffff;
9066 : 8410;
9067 : ffff;
9068 : ffff;
9069 : ffff;
9070 : ffff;
9071 : ffff;
9072 : ffff;
9073 : ffff;
9074 : ffff;
9075 : ffff;
9076 : ffff;
9077 : ffff;
9078 : ffff;
9079 : ffff;
9080 : ffff;
9081 : ffff;
9082 : ffff;
9083 : ffff;
9084 : ffff;
9085 : ffff;
9086 : ffff;
9087 : ffff;
9088 : ffff;
9089 : 0000;
9090 : ffff;
9091 : ffff;
9092 : ffff;
9093 : ffff;
9094 : ffff;
9095 : ffff;
9096 : ffff;
9097 : ffff;
9098 : ffff;
9099 : ffff;
9100 : ffff;
9101 : ffff;
9102 : ffff;
9103 : ffff;
9104 : ffff;
9105 : ffff;
9106 : ffff;
9107 : ffff;
9108 : ffff;
9109 : ffff;
9110 : ffff;
9111 : ffff;
9112 : ffff;
9113 : ffff;
9114 : ffff;
9115 : ffff;
9116 : ffff;
9117 : ffff;
9118 : ffff;
9119 : ffff;
9120 : ffff;
9121 : ffff;
9122 : ffff;
9123 : ffff;
9124 : ffff;
9125 : ffff;
9126 : ffff;
9127 : ffff;
9128 : ffff;
9129 : ffff;
9130 : ffff;
9131 : ffff;
9132 : ffff;
9133 : ffff;
9134 : 0000;
9135 : d679;
9136 : ffff;
9137 : ffff;
9138 : ffff;
9139 : ffff;
9140 : ffff;
9141 : ffff;
9142 : ffff;
9143 : ffff;
9144 : ffff;
9145 : ffff;
9146 : ffff;
9147 : ffff;
9148 : ffff;
9149 : ffff;
9150 : ffff;
9151 : ffff;
9152 : ffff;
9153 : ffff;
9154 : ffff;
9155 : ffff;
9156 : 0000;
9157 : ef7d;
9158 : 41e7;
9159 : ffff;
9160 : ffff;
9161 : ffff;
9162 : ffff;
9163 : ffff;
9164 : ffff;
9165 : ffff;
9166 : ffff;
9167 : ffff;
9168 : ffff;
9169 : ffff;
9170 : ffff;
9171 : ffff;
9172 : ffff;
9173 : ffff;
9174 : ffff;
9175 : ffff;
9176 : ffff;
9177 : ffff;
9178 : ffff;
9179 : ffff;
9180 : ffff;
9181 : ffff;
9182 : ffff;
9183 : ffff;
9184 : ffff;
9185 : ffff;
9186 : ffff;
9187 : ffff;
9188 : e73c;
9189 : 1082;
9190 : ffff;
9191 : ffff;
9192 : ffff;
9193 : ffff;
9194 : ffff;
9195 : ffff;
9196 : ffff;
9197 : ffff;
9198 : ffff;
9199 : ffff;
9200 : ffff;
9201 : ffff;
9202 : ffff;
9203 : ffff;
9204 : ffff;
9205 : ffff;
9206 : ffff;
9207 : ffff;
9208 : ffff;
9209 : ffff;
9210 : ffff;
9211 : ffff;
9212 : ffff;
9213 : ffff;
9214 : ffff;
9215 : ffff;
9216 : ffff;
9217 : ffff;
9218 : ffff;
9219 : ffff;
9220 : ffff;
9221 : ffff;
9222 : ffff;
9223 : ffff;
9224 : ffff;
9225 : ffff;
9226 : ffff;
9227 : ffff;
9228 : ffff;
9229 : ffff;
9230 : ffff;
9231 : ffff;
9232 : ffff;
9233 : ffff;
9234 : dedb;
9235 : 0000;
9236 : ffff;
9237 : ffff;
9238 : ffff;
9239 : ffff;
9240 : ffff;
9241 : ffff;
9242 : ffff;
9243 : ffff;
9244 : ffff;
9245 : ffff;
9246 : ffff;
9247 : ffff;
9248 : ffff;
9249 : ffff;
9250 : ffff;
9251 : ffff;
9252 : ffff;
9253 : ffff;
9254 : ffff;
9255 : ffff;
9256 : 0000;
9257 : ffff;
9258 : 0000;
9259 : e71c;
9260 : ffff;
9261 : ffff;
9262 : ffff;
9263 : ffff;
9264 : ffff;
9265 : ffff;
9266 : ffff;
9267 : ffff;
9268 : ffff;
9269 : ffff;
9270 : ffff;
9271 : ffff;
9272 : ffff;
9273 : ffff;
9274 : ffff;
9275 : ffff;
9276 : ffff;
9277 : ffff;
9278 : ffff;
9279 : ffff;
9280 : ffff;
9281 : ffff;
9282 : ffff;
9283 : ffff;
9284 : ffff;
9285 : ffff;
9286 : ffff;
9287 : ffff;
9288 : 0000;
9289 : d69a;
9290 : ffff;
9291 : ffff;
9292 : ffff;
9293 : ffff;
9294 : ffff;
9295 : ffff;
9296 : ffff;
9297 : ffff;
9298 : ffff;
9299 : ffff;
9300 : ffff;
9301 : ffff;
9302 : ffff;
9303 : ffff;
9304 : ffff;
9305 : ffff;
9306 : ffff;
9307 : ffff;
9308 : ffff;
9309 : ffff;
9310 : ffff;
9311 : ffff;
9312 : ffff;
9313 : ffff;
9314 : ffff;
9315 : ffff;
9316 : ffff;
9317 : ffff;
9318 : ffff;
9319 : ffff;
9320 : ffff;
9321 : ffff;
9322 : ffff;
9323 : ffff;
9324 : ffff;
9325 : ffff;
9326 : ffff;
9327 : ffff;
9328 : ffff;
9329 : ffff;
9330 : ffff;
9331 : ffff;
9332 : ffff;
9333 : ffff;
9334 : ffff;
9335 : 94b2;
9336 : 0861;
9337 : ffff;
9338 : ffff;
9339 : ffff;
9340 : ffff;
9341 : ffff;
9342 : ffff;
9343 : ffff;
9344 : ffff;
9345 : ffff;
9346 : ffff;
9347 : ffff;
9348 : ffff;
9349 : ffff;
9350 : ffff;
9351 : ffff;
9352 : ffff;
9353 : ffff;
9354 : ffff;
9355 : 9cf3;
9356 : 632c;
9357 : ffff;
9358 : ffdf;
9359 : 0000;
9360 : ffff;
9361 : ffff;
9362 : ffff;
9363 : ffff;
9364 : ffff;
9365 : ffff;
9366 : ffff;
9367 : ffff;
9368 : ffff;
9369 : ffff;
9370 : ffff;
9371 : ffff;
9372 : ffff;
9373 : ffff;
9374 : ffff;
9375 : ffff;
9376 : ffff;
9377 : ffff;
9378 : ffff;
9379 : ffff;
9380 : ffff;
9381 : ffff;
9382 : ffff;
9383 : ffff;
9384 : ffff;
9385 : ffff;
9386 : ffff;
9387 : 6b6d;
9388 : 3186;
9389 : ffff;
9390 : ffff;
9391 : ffff;
9392 : ffff;
9393 : ffff;
9394 : ffff;
9395 : ffff;
9396 : ffff;
9397 : ffff;
9398 : ffff;
9399 : ffff;
9400 : ffff;
9401 : ffff;
9402 : ffff;
9403 : ffff;
9404 : ffff;
9405 : ffff;
9406 : ffff;
9407 : ffff;
9408 : ffff;
9409 : ffff;
9410 : ffff;
9411 : ffff;
9412 : ffff;
9413 : ffff;
9414 : ffff;
9415 : ffff;
9416 : ffff;
9417 : ffff;
9418 : ffff;
9419 : ffff;
9420 : ffff;
9421 : ffff;
9422 : ffff;
9423 : ffff;
9424 : ffff;
9425 : ffff;
9426 : ffff;
9427 : ffff;
9428 : ffff;
9429 : ffff;
9430 : ffff;
9431 : ffff;
9432 : ffff;
9433 : ffff;
9434 : ffff;
9435 : ffff;
9436 : a534;
9437 : 0861;
9438 : ffff;
9439 : ffff;
9440 : ffff;
9441 : ffff;
9442 : ffff;
9443 : ffff;
9444 : ffff;
9445 : ffff;
9446 : ffff;
9447 : ffff;
9448 : ffff;
9449 : ffff;
9450 : ffff;
9451 : ffff;
9452 : ffff;
9453 : ffff;
9454 : ffff;
9455 : 0000;
9456 : f7be;
9457 : ffff;
9458 : ffff;
9459 : d69a;
9460 : 0000;
9461 : ffff;
9462 : ffff;
9463 : ffff;
9464 : ffff;
9465 : ffff;
9466 : ffff;
9467 : ffff;
9468 : ffff;
9469 : ffff;
9470 : ffff;
9471 : ffff;
9472 : ffff;
9473 : ffff;
9474 : ffff;
9475 : ffff;
9476 : ffff;
9477 : ffff;
9478 : ffff;
9479 : ffff;
9480 : ffff;
9481 : ffff;
9482 : ffff;
9483 : ffff;
9484 : ffff;
9485 : ffff;
9486 : a534;
9487 : 0000;
9488 : ffff;
9489 : ffff;
9490 : ffff;
9491 : ffff;
9492 : ffff;
9493 : ffff;
9494 : ffff;
9495 : ffff;
9496 : ffff;
9497 : ffff;
9498 : ffff;
9499 : ffff;
9500 : ffff;
9501 : ffff;
9502 : ffff;
9503 : ffff;
9504 : ffff;
9505 : ffff;
9506 : ffff;
9507 : ffff;
9508 : ffff;
9509 : ffff;
9510 : ffff;
9511 : ffff;
9512 : ffff;
9513 : ffff;
9514 : ffff;
9515 : ffff;
9516 : ffff;
9517 : ffff;
9518 : ffff;
9519 : ffff;
9520 : ffff;
9521 : ffff;
9522 : ffff;
9523 : ffff;
9524 : ffff;
9525 : ffff;
9526 : ffff;
9527 : ffff;
9528 : ffff;
9529 : ffff;
9530 : ffff;
9531 : ffff;
9532 : ffff;
9533 : ffff;
9534 : ffff;
9535 : ffff;
9536 : ffff;
9537 : e73c;
9538 : 0861;
9539 : bdd7;
9540 : ffff;
9541 : ffff;
9542 : ffff;
9543 : ffff;
9544 : ffff;
9545 : ffff;
9546 : ffff;
9547 : ffff;
9548 : ffff;
9549 : ffff;
9550 : ffff;
9551 : ffff;
9552 : ffff;
9553 : ffdf;
9554 : 0000;
9555 : ad55;
9556 : ffff;
9557 : ffff;
9558 : ffff;
9559 : ffff;
9560 : e6fb;
9561 : 0000;
9562 : d6ba;
9563 : ffff;
9564 : ffff;
9565 : ffff;
9566 : ffff;
9567 : ffff;
9568 : ffff;
9569 : ffff;
9570 : ffff;
9571 : ffff;
9572 : ffff;
9573 : ffff;
9574 : ffff;
9575 : ffff;
9576 : ffff;
9577 : ffff;
9578 : ffff;
9579 : ffff;
9580 : ffff;
9581 : ffff;
9582 : ffff;
9583 : ffff;
9584 : ffff;
9585 : 736e;
9586 : 0000;
9587 : ffff;
9588 : ffff;
9589 : ffff;
9590 : ffff;
9591 : ffff;
9592 : ffff;
9593 : ffff;
9594 : ffff;
9595 : ffff;
9596 : ffff;
9597 : ffff;
9598 : ffff;
9599 : ffff;
9600 : ffff;
9601 : ffff;
9602 : ffff;
9603 : ffff;
9604 : ffff;
9605 : ffff;
9606 : ffff;
9607 : ffff;
9608 : ffff;
9609 : ffff;
9610 : ffff;
9611 : ffff;
9612 : ffff;
9613 : ffff;
9614 : ffff;
9615 : ffff;
9616 : ffff;
9617 : ffff;
9618 : ffff;
9619 : ffff;
9620 : ffff;
9621 : ffff;
9622 : ffff;
9623 : ffff;
9624 : ffff;
9625 : ffff;
9626 : ffff;
9627 : ffff;
9628 : ffff;
9629 : ffff;
9630 : ffff;
9631 : ffff;
9632 : ffff;
9633 : ffff;
9634 : ffff;
9635 : ffff;
9636 : ffff;
9637 : ffdf;
9638 : ffff;
9639 : 8c51;
9640 : 18c3;
9641 : 94b2;
9642 : ffff;
9643 : ffff;
9644 : ffff;
9645 : ffff;
9646 : ffff;
9647 : ffff;
9648 : ffff;
9649 : ffff;
9650 : ffff;
9651 : ffff;
9652 : 6b4d;
9653 : 0000;
9654 : d679;
9655 : ffff;
9656 : ffff;
9657 : ffff;
9658 : ffff;
9659 : ffff;
9660 : ffff;
9661 : ffff;
9662 : 0841;
9663 : 39c7;
9664 : ffff;
9665 : ffff;
9666 : ffff;
9667 : ffff;
9668 : ffff;
9669 : ffff;
9670 : ffff;
9671 : ffff;
9672 : ffff;
9673 : ffff;
9674 : ffff;
9675 : ffff;
9676 : ffff;
9677 : ffff;
9678 : ffff;
9679 : ffff;
9680 : ffff;
9681 : ffff;
9682 : ffff;
9683 : ffff;
9684 : 0000;
9685 : 528a;
9686 : ffff;
9687 : ffff;
9688 : ffff;
9689 : ffff;
9690 : ffff;
9691 : ffff;
9692 : ffff;
9693 : ffff;
9694 : ffff;
9695 : ffff;
9696 : ffff;
9697 : ffff;
9698 : ffff;
9699 : ffff;
9700 : ffff;
9701 : ffff;
9702 : ffff;
9703 : ffff;
9704 : ffff;
9705 : ffff;
9706 : ffff;
9707 : ffff;
9708 : ffff;
9709 : ffff;
9710 : ffff;
9711 : ffff;
9712 : ffff;
9713 : ffff;
9714 : ffff;
9715 : ffff;
9716 : ffff;
9717 : ffff;
9718 : ffff;
9719 : ffff;
9720 : ffff;
9721 : ffff;
9722 : ffff;
9723 : ffff;
9724 : ffff;
9725 : ffff;
9726 : ffff;
9727 : ffff;
9728 : ffff;
9729 : ffff;
9730 : ffff;
9731 : ffff;
9732 : ffff;
9733 : ffff;
9734 : ffff;
9735 : ffff;
9736 : ffff;
9737 : ffff;
9738 : ffff;
9739 : ffff;
9740 : ffff;
9741 : 9cf3;
9742 : 2104;
9743 : 10a2;
9744 : 5b0c;
9745 : 7bcf;
9746 : a4f4;
9747 : a514;
9748 : 8410;
9749 : 632c;
9750 : 0881;
9751 : 0000;
9752 : 7bef;
9753 : ffff;
9754 : ffff;
9755 : ffff;
9756 : ffff;
9757 : ffff;
9758 : ffff;
9759 : ffff;
9760 : ffff;
9761 : ffff;
9762 : ffff;
9763 : b5b6;
9764 : 0000;
9765 : 4228;
9766 : ef5d;
9767 : ffff;
9768 : ffff;
9769 : ffff;
9770 : ffff;
9771 : ffff;
9772 : ffff;
9773 : ffff;
9774 : ffff;
9775 : ffff;
9776 : ffff;
9777 : ffff;
9778 : ffff;
9779 : ffff;
9780 : ffff;
9781 : ffff;
9782 : 5acb;
9783 : 0000;
9784 : dedb;
9785 : ffff;
9786 : ffff;
9787 : ffff;
9788 : ffff;
9789 : ffff;
9790 : ffff;
9791 : ffff;
9792 : ffff;
9793 : ffff;
9794 : ffff;
9795 : ffff;
9796 : ffff;
9797 : ffff;
9798 : ffff;
9799 : ffff;
9800 : ffff;
9801 : ffff;
9802 : ffff;
9803 : ffff;
9804 : ffff;
9805 : ffff;
9806 : ffff;
9807 : ffff;
9808 : ffff;
9809 : ffff;
9810 : ffff;
9811 : ffff;
9812 : ffff;
9813 : ffff;
9814 : ffff;
9815 : ffff;
9816 : ffff;
9817 : ffff;
9818 : ffff;
9819 : ffff;
9820 : ffff;
9821 : ffff;
9822 : ffff;
9823 : ffff;
9824 : ffff;
9825 : ffff;
9826 : ffff;
9827 : ffff;
9828 : ffff;
9829 : ffff;
9830 : ffff;
9831 : ffff;
9832 : ffff;
9833 : ffff;
9834 : ffff;
9835 : ffff;
9836 : ffff;
9837 : ffff;
9838 : ffff;
9839 : ffff;
9840 : ffff;
9841 : ffff;
9842 : ffff;
9843 : ffff;
9844 : d679;
9845 : 8c51;
9846 : 6b4d;
9847 : 6b4d;
9848 : 738e;
9849 : a514;
9850 : ffdf;
9851 : ffff;
9852 : ffff;
9853 : ffff;
9854 : ffff;
9855 : ffff;
9856 : ffff;
9857 : ffff;
9858 : ffff;
9859 : ffff;
9860 : ffff;
9861 : ffff;
9862 : ffff;
9863 : ffff;
9864 : ffff;
9865 : c638;
9866 : 31a6;
9867 : 0000;
9868 : 5aeb;
9869 : ad75;
9870 : ffff;
9871 : ffff;
9872 : ffff;
9873 : ffff;
9874 : ffff;
9875 : ffff;
9876 : ffff;
9877 : ffff;
9878 : ffff;
9879 : bdd7;
9880 : 39c7;
9881 : 2104;
9882 : bdd7;
9883 : ffff;
9884 : ffff;
9885 : ffff;
9886 : ffff;
9887 : ffff;
9888 : ffff;
9889 : ffff;
9890 : ffff;
9891 : ffff;
9892 : ffff;
9893 : ffff;
9894 : ffff;
9895 : ffff;
9896 : ffff;
9897 : ffff;
9898 : ffff;
9899 : ffff;
9900 : ffff;
9901 : ffff;
9902 : ffff;
9903 : ffff;
9904 : ffff;
9905 : ffff;
9906 : ffff;
9907 : ffff;
9908 : ffff;
9909 : ffff;
9910 : ffff;
9911 : ffff;
9912 : ffff;
9913 : ffff;
9914 : ffff;
9915 : ffff;
9916 : ffff;
9917 : ffff;
9918 : ffff;
9919 : ffff;
9920 : ffff;
9921 : ffff;
9922 : ffff;
9923 : ffff;
9924 : ffff;
9925 : ffff;
9926 : ffff;
9927 : ffff;
9928 : ffff;
9929 : ffff;
9930 : ffff;
9931 : ffff;
9932 : ffff;
9933 : ffff;
9934 : ffff;
9935 : ffff;
9936 : ffff;
9937 : ffff;
9938 : ffff;
9939 : ffff;
9940 : ffff;
9941 : ffff;
9942 : ffff;
9943 : ffff;
9944 : ffff;
9945 : ffff;
9946 : ffff;
9947 : ffff;
9948 : ffff;
9949 : ffff;
9950 : ffff;
9951 : ffff;
9952 : ffff;
9953 : ffff;
9954 : ffff;
9955 : ffff;
9956 : ffff;
9957 : ffff;
9958 : ffff;
9959 : ffff;
9960 : ffff;
9961 : ffff;
9962 : ffff;
9963 : ffff;
9964 : ffff;
9965 : ffff;
9966 : ffff;
9967 : ffff;
9968 : c638;
9969 : 73ae;
9970 : 4a49;
9971 : 18c2;
9972 : 18a2;
9973 : 18c3;
9974 : 2104;
9975 : 2944;
9976 : 3186;
9977 : 39c7;
9978 : 6b4d;
9979 : a534;
9980 : ffff;
9981 : ffff;
9982 : ffff;
9983 : ffff;
9984 : ffff;
9985 : ffff;
9986 : ffff;
9987 : ffff;
9988 : ffff;
9989 : ffff;
9990 : ffff;
9991 : ffff;
9992 : ffff;
9993 : ffff;
9994 : ffff;
9995 : ffff;
9996 : ffff;
9997 : ffff;
9998 : ffff;
9999 : ffff;

END;