-- Copyright (C) 2015-Endless, CrazyBird Corporation
-- Thank you for use CrazyBird's design tools

DEPTH = 10000;
WIDTH = 24;
ADDRESS_RADIX = UNS;
DATA_RADIX = HEX;

CONTENT BEGIN

0 : ffffff;
1 : ffffff;
2 : ffffff;
3 : ffffff;
4 : ffffff;
5 : ffffff;
6 : ffffff;
7 : ffffff;
8 : ffffff;
9 : ffffff;
10 : ffffff;
11 : ffffff;
12 : ffffff;
13 : ffffff;
14 : ffffff;
15 : ffffff;
16 : ffffff;
17 : ffffff;
18 : ffffff;
19 : ffffff;
20 : ffffff;
21 : ffffff;
22 : ffffff;
23 : ffffff;
24 : ffffff;
25 : ffffff;
26 : ffffff;
27 : ffffff;
28 : ffffff;
29 : ffffff;
30 : ffffff;
31 : ffffff;
32 : ffffff;
33 : ffffff;
34 : ffffff;
35 : ffffff;
36 : ffffff;
37 : ffffff;
38 : ffffff;
39 : ffffff;
40 : ffffff;
41 : ffffff;
42 : ffffff;
43 : ffffff;
44 : ffffff;
45 : ffffff;
46 : ffffff;
47 : ffffff;
48 : ffffff;
49 : ffffff;
50 : ffffff;
51 : ffffff;
52 : ffffff;
53 : ffffff;
54 : ffffff;
55 : ffffff;
56 : ffffff;
57 : ffffff;
58 : ffffff;
59 : ffffff;
60 : ffffff;
61 : ffffff;
62 : ffffff;
63 : ffffff;
64 : ffffff;
65 : ffffff;
66 : ffffff;
67 : ffffff;
68 : ffffff;
69 : ffffff;
70 : ffffff;
71 : ffffff;
72 : ffffff;
73 : ffffff;
74 : ffffff;
75 : ffffff;
76 : ffffff;
77 : ffffff;
78 : ffffff;
79 : ffffff;
80 : ffffff;
81 : ffffff;
82 : ffffff;
83 : ffffff;
84 : ffffff;
85 : ffffff;
86 : ffffff;
87 : ffffff;
88 : ffffff;
89 : ffffff;
90 : ffffff;
91 : ffffff;
92 : ffffff;
93 : ffffff;
94 : ffffff;
95 : ffffff;
96 : ffffff;
97 : ffffff;
98 : ffffff;
99 : ffffff;
100 : ffffff;
101 : ffffff;
102 : ffffff;
103 : ffffff;
104 : ffffff;
105 : ffffff;
106 : ffffff;
107 : ffffff;
108 : ffffff;
109 : ffffff;
110 : ffffff;
111 : ffffff;
112 : ffffff;
113 : ffffff;
114 : ffffff;
115 : ffffff;
116 : ffffff;
117 : ffffff;
118 : ffffff;
119 : ffffff;
120 : ffffff;
121 : ffffff;
122 : ffffff;
123 : ffffff;
124 : ffffff;
125 : ffffff;
126 : ffffff;
127 : ffffff;
128 : ffffff;
129 : ffffff;
130 : ffffff;
131 : ffffff;
132 : ffffff;
133 : ffffff;
134 : ffffff;
135 : ffffff;
136 : ffffff;
137 : ffffff;
138 : ffffff;
139 : ffffff;
140 : ffffff;
141 : ffffff;
142 : ffffff;
143 : ffffff;
144 : ffffff;
145 : ffffff;
146 : ffffff;
147 : ffffff;
148 : ffffff;
149 : ffffff;
150 : ffffff;
151 : ffffff;
152 : ffffff;
153 : ffffff;
154 : ffffff;
155 : ffffff;
156 : ffffff;
157 : ffffff;
158 : ffffff;
159 : ffffff;
160 : ffffff;
161 : ffffff;
162 : ffffff;
163 : ffffff;
164 : ffffff;
165 : ffffff;
166 : ffffff;
167 : ffffff;
168 : ffffff;
169 : ffffff;
170 : ffffff;
171 : ffffff;
172 : ffffff;
173 : ffffff;
174 : ffffff;
175 : ffffff;
176 : ffffff;
177 : ffffff;
178 : ffffff;
179 : ffffff;
180 : ffffff;
181 : ffffff;
182 : ffffff;
183 : ffffff;
184 : ffffff;
185 : ffffff;
186 : ffffff;
187 : ffffff;
188 : ffffff;
189 : ffffff;
190 : ffffff;
191 : ffffff;
192 : ffffff;
193 : ffffff;
194 : ffffff;
195 : ffffff;
196 : ffffff;
197 : ffffff;
198 : ffffff;
199 : ffffff;
200 : ffffff;
201 : ffffff;
202 : ffffff;
203 : ffffff;
204 : ffffff;
205 : ffffff;
206 : ffffff;
207 : ffffff;
208 : ffffff;
209 : ffffff;
210 : ffffff;
211 : ffffff;
212 : ffffff;
213 : ffffff;
214 : ffffff;
215 : ffffff;
216 : ffffff;
217 : ffffff;
218 : ffffff;
219 : ffffff;
220 : ffffff;
221 : ffffff;
222 : ffffff;
223 : ffffff;
224 : ffffff;
225 : ffffff;
226 : ffffff;
227 : ffffff;
228 : ffffff;
229 : ffffff;
230 : ffffff;
231 : ffffff;
232 : ffffff;
233 : ffffff;
234 : ffffff;
235 : ffffff;
236 : ffffff;
237 : ffffff;
238 : ffffff;
239 : ffffff;
240 : ffffff;
241 : ffffff;
242 : ffffff;
243 : ffffff;
244 : ffffff;
245 : ffffff;
246 : ffffff;
247 : ffffff;
248 : ffffff;
249 : ffffff;
250 : ffffff;
251 : ffffff;
252 : ffffff;
253 : ffffff;
254 : ffffff;
255 : ffffff;
256 : ffffff;
257 : ffffff;
258 : ffffff;
259 : ffffff;
260 : ffffff;
261 : ffffff;
262 : ffffff;
263 : ffffff;
264 : ffffff;
265 : ffffff;
266 : ffffff;
267 : ffffff;
268 : ffffff;
269 : ffffff;
270 : ffffff;
271 : ffffff;
272 : ffffff;
273 : ffffff;
274 : ffffff;
275 : ffffff;
276 : ffffff;
277 : ffffff;
278 : ffffff;
279 : ffffff;
280 : ffffff;
281 : ffffff;
282 : ffffff;
283 : ffffff;
284 : ffffff;
285 : ffffff;
286 : ffffff;
287 : ffffff;
288 : ffffff;
289 : ffffff;
290 : ffffff;
291 : ffffff;
292 : ffffff;
293 : ffffff;
294 : ffffff;
295 : ffffff;
296 : ffffff;
297 : ffffff;
298 : ffffff;
299 : ffffff;
300 : ffffff;
301 : ffffff;
302 : ffffff;
303 : ffffff;
304 : ffffff;
305 : ffffff;
306 : ffffff;
307 : ffffff;
308 : ffffff;
309 : ffffff;
310 : ffffff;
311 : ffffff;
312 : ffffff;
313 : ffffff;
314 : ffffff;
315 : ffffff;
316 : ffffff;
317 : ffffff;
318 : ffffff;
319 : ffffff;
320 : ffffff;
321 : ffffff;
322 : ffffff;
323 : ffffff;
324 : ffffff;
325 : ffffff;
326 : ffffff;
327 : ffffff;
328 : ffffff;
329 : ffffff;
330 : ffffff;
331 : ffffff;
332 : ffffff;
333 : ffffff;
334 : ffffff;
335 : ffffff;
336 : ffffff;
337 : ffffff;
338 : ffffff;
339 : ffffff;
340 : ffffff;
341 : ffffff;
342 : ffffff;
343 : ffffff;
344 : ffffff;
345 : ffffff;
346 : ffffff;
347 : ffffff;
348 : ffffff;
349 : ffffff;
350 : ffffff;
351 : ffffff;
352 : ffffff;
353 : ffffff;
354 : ffffff;
355 : ffffff;
356 : ffffff;
357 : ffffff;
358 : ffffff;
359 : ffffff;
360 : ffffff;
361 : ffffff;
362 : ffffff;
363 : ffffff;
364 : ffffff;
365 : ffffff;
366 : ffffff;
367 : ffffff;
368 : ffffff;
369 : ffffff;
370 : ffffff;
371 : ffffff;
372 : ffffff;
373 : ffffff;
374 : ffffff;
375 : ffffff;
376 : ffffff;
377 : ffffff;
378 : ffffff;
379 : ffffff;
380 : ffffff;
381 : ffffff;
382 : ffffff;
383 : ffffff;
384 : ffffff;
385 : ffffff;
386 : ffffff;
387 : ffffff;
388 : ffffff;
389 : ffffff;
390 : ffffff;
391 : ffffff;
392 : ffffff;
393 : ffffff;
394 : ffffff;
395 : ffffff;
396 : ffffff;
397 : ffffff;
398 : ffffff;
399 : ffffff;
400 : ffffff;
401 : ffffff;
402 : ffffff;
403 : ffffff;
404 : ffffff;
405 : ffffff;
406 : ffffff;
407 : ffffff;
408 : ffffff;
409 : ffffff;
410 : ffffff;
411 : ffffff;
412 : ffffff;
413 : ffffff;
414 : ffffff;
415 : ffffff;
416 : ffffff;
417 : ffffff;
418 : ffffff;
419 : ffffff;
420 : ffffff;
421 : ffffff;
422 : ffffff;
423 : ffffff;
424 : ffffff;
425 : ffffff;
426 : ffffff;
427 : ffffff;
428 : ffffff;
429 : ffffff;
430 : ffffff;
431 : ffffff;
432 : ffffff;
433 : ffffff;
434 : ffffff;
435 : ffffff;
436 : ffffff;
437 : ffffff;
438 : ffffff;
439 : ffffff;
440 : ffffff;
441 : ffffff;
442 : ffffff;
443 : ffffff;
444 : ffffff;
445 : ffffff;
446 : ffffff;
447 : ffffff;
448 : ffffff;
449 : ffffff;
450 : ffffff;
451 : ffffff;
452 : ffffff;
453 : ffffff;
454 : ffffff;
455 : ffffff;
456 : ffffff;
457 : ffffff;
458 : ffffff;
459 : ffffff;
460 : ffffff;
461 : ffffff;
462 : ffffff;
463 : ffffff;
464 : ffffff;
465 : ffffff;
466 : ffffff;
467 : ffffff;
468 : ffffff;
469 : ffffff;
470 : ffffff;
471 : ffffff;
472 : ffffff;
473 : ffffff;
474 : ffffff;
475 : ffffff;
476 : ffffff;
477 : ffffff;
478 : ffffff;
479 : ffffff;
480 : ffffff;
481 : ffffff;
482 : ffffff;
483 : ffffff;
484 : ffffff;
485 : ffffff;
486 : ffffff;
487 : ffffff;
488 : ffffff;
489 : ffffff;
490 : ffffff;
491 : ffffff;
492 : ffffff;
493 : ffffff;
494 : ffffff;
495 : ffffff;
496 : ffffff;
497 : ffffff;
498 : ffffff;
499 : ffffff;
500 : ffffff;
501 : ffffff;
502 : ffffff;
503 : ffffff;
504 : ffffff;
505 : ffffff;
506 : ffffff;
507 : ffffff;
508 : ffffff;
509 : ffffff;
510 : ffffff;
511 : ffffff;
512 : ffffff;
513 : ffffff;
514 : ffffff;
515 : ffffff;
516 : ffffff;
517 : ffffff;
518 : ffffff;
519 : ffffff;
520 : ffffff;
521 : ffffff;
522 : ffffff;
523 : ffffff;
524 : ffffff;
525 : ffffff;
526 : ffffff;
527 : ffffff;
528 : ffffff;
529 : ffffff;
530 : ffffff;
531 : ffffff;
532 : ffffff;
533 : ffffff;
534 : ffffff;
535 : ffffff;
536 : ffffff;
537 : ffffff;
538 : ffffff;
539 : ffffff;
540 : ffffff;
541 : ffffff;
542 : ffffff;
543 : ffffff;
544 : ffffff;
545 : ffffff;
546 : ffffff;
547 : ffffff;
548 : ffffff;
549 : ffffff;
550 : ffffff;
551 : ffffff;
552 : ffffff;
553 : ffffff;
554 : ffffff;
555 : ffffff;
556 : ffffff;
557 : ffffff;
558 : ffffff;
559 : ffffff;
560 : ffffff;
561 : ffffff;
562 : ffffff;
563 : ffffff;
564 : ffffff;
565 : ffffff;
566 : ffffff;
567 : ffffff;
568 : ffffff;
569 : ffffff;
570 : ffffff;
571 : ffffff;
572 : ffffff;
573 : ffffff;
574 : ffffff;
575 : ffffff;
576 : ffffff;
577 : ffffff;
578 : ffffff;
579 : ffffff;
580 : ffffff;
581 : ffffff;
582 : ffffff;
583 : ffffff;
584 : ffffff;
585 : ffffff;
586 : ffffff;
587 : ffffff;
588 : ffffff;
589 : ffffff;
590 : ffffff;
591 : ffffff;
592 : ffffff;
593 : ffffff;
594 : ffffff;
595 : ffffff;
596 : ffffff;
597 : ffffff;
598 : ffffff;
599 : ffffff;
600 : ffffff;
601 : ffffff;
602 : ffffff;
603 : ffffff;
604 : ffffff;
605 : ffffff;
606 : ffffff;
607 : ffffff;
608 : ffffff;
609 : ffffff;
610 : ffffff;
611 : ffffff;
612 : ffffff;
613 : ffffff;
614 : ffffff;
615 : ffffff;
616 : ffffff;
617 : ffffff;
618 : ffffff;
619 : ffffff;
620 : ffffff;
621 : ffffff;
622 : ffffff;
623 : ffffff;
624 : ffffff;
625 : ffffff;
626 : ffffff;
627 : ffffff;
628 : ffffff;
629 : ffffff;
630 : ffffff;
631 : ffffff;
632 : ffffff;
633 : ffffff;
634 : ffffff;
635 : ffffff;
636 : ffffff;
637 : ffffff;
638 : ffffff;
639 : ffffff;
640 : ffffff;
641 : ffffff;
642 : ffffff;
643 : ffffff;
644 : ffffff;
645 : ffffff;
646 : ffffff;
647 : ffffff;
648 : ffffff;
649 : ffffff;
650 : ffffff;
651 : ffffff;
652 : ffffff;
653 : ffffff;
654 : ffffff;
655 : ffffff;
656 : ffffff;
657 : ffffff;
658 : ffffff;
659 : ffffff;
660 : ffffff;
661 : ffffff;
662 : ffffff;
663 : ffffff;
664 : ffffff;
665 : ffffff;
666 : ffffff;
667 : ffffff;
668 : ffffff;
669 : ffffff;
670 : ffffff;
671 : ffffff;
672 : ffffff;
673 : ffffff;
674 : ffffff;
675 : ffffff;
676 : ffffff;
677 : ffffff;
678 : ffffff;
679 : ffffff;
680 : ffffff;
681 : ffffff;
682 : ffffff;
683 : ffffff;
684 : ffffff;
685 : ffffff;
686 : ffffff;
687 : ffffff;
688 : ffffff;
689 : ffffff;
690 : ffffff;
691 : ffffff;
692 : ffffff;
693 : ffffff;
694 : ffffff;
695 : ffffff;
696 : ffffff;
697 : ffffff;
698 : ffffff;
699 : ffffff;
700 : ffffff;
701 : ffffff;
702 : ffffff;
703 : ffffff;
704 : ffffff;
705 : ffffff;
706 : ffffff;
707 : ffffff;
708 : ffffff;
709 : ffffff;
710 : ffffff;
711 : ffffff;
712 : ffffff;
713 : ffffff;
714 : ffffff;
715 : ffffff;
716 : ffffff;
717 : ffffff;
718 : ffffff;
719 : ffffff;
720 : ffffff;
721 : ffffff;
722 : ffffff;
723 : ffffff;
724 : ffffff;
725 : ffffff;
726 : ffffff;
727 : ffffff;
728 : ffffff;
729 : ffffff;
730 : ffffff;
731 : ffffff;
732 : ffffff;
733 : ffffff;
734 : ffffff;
735 : ffffff;
736 : ffffff;
737 : ffffff;
738 : ffffff;
739 : ffffff;
740 : ffffff;
741 : ffffff;
742 : ffffff;
743 : ffffff;
744 : ffffff;
745 : ffffff;
746 : ffffff;
747 : ffffff;
748 : ffffff;
749 : ffffff;
750 : ffffff;
751 : ffffff;
752 : ffffff;
753 : ffffff;
754 : ffffff;
755 : ffffff;
756 : ffffff;
757 : ffffff;
758 : ffffff;
759 : ffffff;
760 : ffffff;
761 : ffffff;
762 : ffffff;
763 : ffffff;
764 : ffffff;
765 : ffffff;
766 : ffffff;
767 : ffffff;
768 : ffffff;
769 : ffffff;
770 : ffffff;
771 : ffffff;
772 : ffffff;
773 : ffffff;
774 : ffffff;
775 : ffffff;
776 : ffffff;
777 : ffffff;
778 : ffffff;
779 : ffffff;
780 : ffffff;
781 : ffffff;
782 : ffffff;
783 : ffffff;
784 : ffffff;
785 : ffffff;
786 : ffffff;
787 : ffffff;
788 : ffffff;
789 : ffffff;
790 : ffffff;
791 : ffffff;
792 : ffffff;
793 : ffffff;
794 : ffffff;
795 : ffffff;
796 : ffffff;
797 : ffffff;
798 : ffffff;
799 : ffffff;
800 : ffffff;
801 : ffffff;
802 : ffffff;
803 : ffffff;
804 : ffffff;
805 : ffffff;
806 : ffffff;
807 : ffffff;
808 : ffffff;
809 : ffffff;
810 : ffffff;
811 : ffffff;
812 : ffffff;
813 : ffffff;
814 : ffffff;
815 : ffffff;
816 : ffffff;
817 : ffffff;
818 : ffffff;
819 : ffffff;
820 : ffffff;
821 : ffffff;
822 : ffffff;
823 : ffffff;
824 : ffffff;
825 : ffffff;
826 : ffffff;
827 : ffffff;
828 : ffffff;
829 : ffffff;
830 : ffffff;
831 : ffffff;
832 : ffffff;
833 : ffffff;
834 : ffffff;
835 : ffffff;
836 : ffffff;
837 : ffffff;
838 : ffffff;
839 : ffffff;
840 : ffffff;
841 : ffffff;
842 : ffffff;
843 : ffffff;
844 : ffffff;
845 : ffffff;
846 : ffffff;
847 : ffffff;
848 : ffffff;
849 : ffffff;
850 : ffffff;
851 : ffffff;
852 : ffffff;
853 : ffffff;
854 : ffffff;
855 : ffffff;
856 : ffffff;
857 : ffffff;
858 : ffffff;
859 : ffffff;
860 : ffffff;
861 : ffffff;
862 : ffffff;
863 : ffffff;
864 : ffffff;
865 : ffffff;
866 : ffffff;
867 : ffffff;
868 : ffffff;
869 : ffffff;
870 : ffffff;
871 : ffffff;
872 : ffffff;
873 : ffffff;
874 : ffffff;
875 : ffffff;
876 : ffffff;
877 : ffffff;
878 : ffffff;
879 : ffffff;
880 : ffffff;
881 : ffffff;
882 : ffffff;
883 : ffffff;
884 : ffffff;
885 : ffffff;
886 : ffffff;
887 : ffffff;
888 : ffffff;
889 : ffffff;
890 : ffffff;
891 : ffffff;
892 : ffffff;
893 : ffffff;
894 : ffffff;
895 : ffffff;
896 : ffffff;
897 : ffffff;
898 : ffffff;
899 : ffffff;
900 : ffffff;
901 : ffffff;
902 : ffffff;
903 : ffffff;
904 : ffffff;
905 : ffffff;
906 : ffffff;
907 : ffffff;
908 : ffffff;
909 : ffffff;
910 : ffffff;
911 : ffffff;
912 : ffffff;
913 : ffffff;
914 : ffffff;
915 : ffffff;
916 : ffffff;
917 : ffffff;
918 : ffffff;
919 : ffffff;
920 : ffffff;
921 : ffffff;
922 : ffffff;
923 : ffffff;
924 : ffffff;
925 : ffffff;
926 : ffffff;
927 : ffffff;
928 : ffffff;
929 : ffffff;
930 : ffffff;
931 : ffffff;
932 : ffffff;
933 : ffffff;
934 : ffffff;
935 : ffffff;
936 : ffffff;
937 : ffffff;
938 : ffffff;
939 : ffffff;
940 : ffffff;
941 : ffffff;
942 : ffffff;
943 : ffffff;
944 : ffffff;
945 : f2f5f5;
946 : d6d7d6;
947 : c4c0be;
948 : b7b2b0;
949 : aaa3a0;
950 : afaaa6;
951 : b9b7b5;
952 : d8dcdc;
953 : ffffff;
954 : ffffff;
955 : ffffff;
956 : ffffff;
957 : ffffff;
958 : ffffff;
959 : ffffff;
960 : ffffff;
961 : ffffff;
962 : ffffff;
963 : ffffff;
964 : ffffff;
965 : ffffff;
966 : ffffff;
967 : ffffff;
968 : ffffff;
969 : ffffff;
970 : ffffff;
971 : ffffff;
972 : ffffff;
973 : ffffff;
974 : ffffff;
975 : ffffff;
976 : ffffff;
977 : ffffff;
978 : ffffff;
979 : ffffff;
980 : ffffff;
981 : ffffff;
982 : ffffff;
983 : ffffff;
984 : ffffff;
985 : ffffff;
986 : ffffff;
987 : ffffff;
988 : ffffff;
989 : ffffff;
990 : ffffff;
991 : ffffff;
992 : ffffff;
993 : ffffff;
994 : ffffff;
995 : ffffff;
996 : ffffff;
997 : ffffff;
998 : ffffff;
999 : ffffff;
1000 : ffffff;
1001 : ffffff;
1002 : ffffff;
1003 : ffffff;
1004 : ffffff;
1005 : ffffff;
1006 : ffffff;
1007 : ffffff;
1008 : ffffff;
1009 : ffffff;
1010 : ffffff;
1011 : ffffff;
1012 : ffffff;
1013 : ffffff;
1014 : ffffff;
1015 : ffffff;
1016 : ffffff;
1017 : ffffff;
1018 : ffffff;
1019 : ffffff;
1020 : ffffff;
1021 : ffffff;
1022 : ffffff;
1023 : ffffff;
1024 : ffffff;
1025 : ffffff;
1026 : ffffff;
1027 : ffffff;
1028 : ffffff;
1029 : ffffff;
1030 : ffffff;
1031 : ffffff;
1032 : ffffff;
1033 : ffffff;
1034 : ffffff;
1035 : ffffff;
1036 : ffffff;
1037 : ffffff;
1038 : ffffff;
1039 : ffffff;
1040 : ffffff;
1041 : ececec;
1042 : b4b1b0;
1043 : 685f5b;
1044 : 413531;
1045 : 402d2a;
1046 : 483430;
1047 : 4d3835;
1048 : 43322f;
1049 : 3a2926;
1050 : 362420;
1051 : 33201b;
1052 : 352018;
1053 : 32201b;
1054 : 4f433f;
1055 : 928d8b;
1056 : b9b7b7;
1057 : f7f5f4;
1058 : ffffff;
1059 : ffffff;
1060 : ffffff;
1061 : ffffff;
1062 : ffffff;
1063 : ffffff;
1064 : ffffff;
1065 : ffffff;
1066 : ffffff;
1067 : ffffff;
1068 : ffffff;
1069 : ffffff;
1070 : ffffff;
1071 : ffffff;
1072 : ffffff;
1073 : ffffff;
1074 : ffffff;
1075 : ffffff;
1076 : ffffff;
1077 : ffffff;
1078 : ffffff;
1079 : ffffff;
1080 : ffffff;
1081 : ffffff;
1082 : ffffff;
1083 : ffffff;
1084 : ffffff;
1085 : ffffff;
1086 : ffffff;
1087 : ffffff;
1088 : ffffff;
1089 : ffffff;
1090 : ffffff;
1091 : ffffff;
1092 : ffffff;
1093 : ffffff;
1094 : ffffff;
1095 : ffffff;
1096 : ffffff;
1097 : ffffff;
1098 : ffffff;
1099 : ffffff;
1100 : ffffff;
1101 : ffffff;
1102 : ffffff;
1103 : ffffff;
1104 : ffffff;
1105 : ffffff;
1106 : ffffff;
1107 : ffffff;
1108 : ffffff;
1109 : ffffff;
1110 : ffffff;
1111 : ffffff;
1112 : ffffff;
1113 : ffffff;
1114 : ffffff;
1115 : ffffff;
1116 : ffffff;
1117 : ffffff;
1118 : ffffff;
1119 : ffffff;
1120 : ffffff;
1121 : ffffff;
1122 : ffffff;
1123 : ffffff;
1124 : ffffff;
1125 : ffffff;
1126 : ffffff;
1127 : ffffff;
1128 : ffffff;
1129 : ffffff;
1130 : ffffff;
1131 : ffffff;
1132 : ffffff;
1133 : ffffff;
1134 : ffffff;
1135 : ffffff;
1136 : ffffff;
1137 : ffffff;
1138 : ffffff;
1139 : cecdcb;
1140 : 605551;
1141 : 45312d;
1142 : 462f2b;
1143 : 493330;
1144 : 453330;
1145 : 423634;
1146 : 423737;
1147 : 403635;
1148 : 443937;
1149 : 433635;
1150 : 3a302f;
1151 : 352927;
1152 : 322725;
1153 : 2d2321;
1154 : 2f2522;
1155 : 2c211c;
1156 : 261914;
1157 : 4a4340;
1158 : 9b9796;
1159 : fafbfc;
1160 : ffffff;
1161 : ffffff;
1162 : ffffff;
1163 : ffffff;
1164 : ffffff;
1165 : ffffff;
1166 : ffffff;
1167 : ffffff;
1168 : ffffff;
1169 : ffffff;
1170 : ffffff;
1171 : ffffff;
1172 : ffffff;
1173 : ffffff;
1174 : ffffff;
1175 : ffffff;
1176 : ffffff;
1177 : ffffff;
1178 : ffffff;
1179 : ffffff;
1180 : ffffff;
1181 : ffffff;
1182 : ffffff;
1183 : ffffff;
1184 : ffffff;
1185 : ffffff;
1186 : ffffff;
1187 : ffffff;
1188 : ffffff;
1189 : ffffff;
1190 : ffffff;
1191 : ffffff;
1192 : ffffff;
1193 : ffffff;
1194 : ffffff;
1195 : ffffff;
1196 : ffffff;
1197 : ffffff;
1198 : ffffff;
1199 : ffffff;
1200 : ffffff;
1201 : ffffff;
1202 : ffffff;
1203 : ffffff;
1204 : ffffff;
1205 : ffffff;
1206 : ffffff;
1207 : ffffff;
1208 : ffffff;
1209 : ffffff;
1210 : ffffff;
1211 : ffffff;
1212 : ffffff;
1213 : ffffff;
1214 : ffffff;
1215 : ffffff;
1216 : ffffff;
1217 : ffffff;
1218 : ffffff;
1219 : ffffff;
1220 : ffffff;
1221 : ffffff;
1222 : ffffff;
1223 : ffffff;
1224 : ffffff;
1225 : ffffff;
1226 : ffffff;
1227 : ffffff;
1228 : ffffff;
1229 : ffffff;
1230 : ffffff;
1231 : ffffff;
1232 : ffffff;
1233 : ffffff;
1234 : ffffff;
1235 : ffffff;
1236 : ffffff;
1237 : d1d2d0;
1238 : 5f524e;
1239 : 442f2c;
1240 : 534140;
1241 : 594847;
1242 : 4b3e3e;
1243 : 413939;
1244 : 413736;
1245 : 3d3031;
1246 : 41322f;
1247 : 41312e;
1248 : 3c2a26;
1249 : 372825;
1250 : 362a26;
1251 : 372a28;
1252 : 312523;
1253 : 352927;
1254 : 2f2421;
1255 : 322422;
1256 : 2e2422;
1257 : 30231f;
1258 : 34251e;
1259 : 302723;
1260 : bbbbbb;
1261 : ffffff;
1262 : ffffff;
1263 : ffffff;
1264 : ffffff;
1265 : ffffff;
1266 : ffffff;
1267 : ffffff;
1268 : ffffff;
1269 : ffffff;
1270 : ffffff;
1271 : ffffff;
1272 : ffffff;
1273 : ffffff;
1274 : ffffff;
1275 : ffffff;
1276 : ffffff;
1277 : ffffff;
1278 : ffffff;
1279 : ffffff;
1280 : ffffff;
1281 : ffffff;
1282 : ffffff;
1283 : ffffff;
1284 : ffffff;
1285 : ffffff;
1286 : ffffff;
1287 : ffffff;
1288 : ffffff;
1289 : ffffff;
1290 : ffffff;
1291 : ffffff;
1292 : ffffff;
1293 : ffffff;
1294 : ffffff;
1295 : ffffff;
1296 : ffffff;
1297 : ffffff;
1298 : ffffff;
1299 : ffffff;
1300 : ffffff;
1301 : ffffff;
1302 : ffffff;
1303 : ffffff;
1304 : ffffff;
1305 : ffffff;
1306 : ffffff;
1307 : ffffff;
1308 : ffffff;
1309 : ffffff;
1310 : ffffff;
1311 : ffffff;
1312 : ffffff;
1313 : ffffff;
1314 : ffffff;
1315 : ffffff;
1316 : ffffff;
1317 : ffffff;
1318 : ffffff;
1319 : ffffff;
1320 : ffffff;
1321 : ffffff;
1322 : ffffff;
1323 : ffffff;
1324 : ffffff;
1325 : ffffff;
1326 : ffffff;
1327 : ffffff;
1328 : ffffff;
1329 : ffffff;
1330 : ffffff;
1331 : ffffff;
1332 : ffffff;
1333 : ffffff;
1334 : ffffff;
1335 : ffffff;
1336 : 8f8682;
1337 : 59423f;
1338 : 63504f;
1339 : 574644;
1340 : 453c3b;
1341 : 3b3130;
1342 : 443635;
1343 : 433332;
1344 : 56413e;
1345 : 634b48;
1346 : 564443;
1347 : 4b3a38;
1348 : 403231;
1349 : 362c2a;
1350 : 302523;
1351 : 302420;
1352 : 322623;
1353 : 352a26;
1354 : 3b2e2b;
1355 : 3a2c29;
1356 : 362b26;
1357 : 312824;
1358 : 42332d;
1359 : 42312c;
1360 : 1d120f;
1361 : 756b67;
1362 : f4f7f7;
1363 : ffffff;
1364 : ffffff;
1365 : ffffff;
1366 : ffffff;
1367 : ffffff;
1368 : ffffff;
1369 : ffffff;
1370 : ffffff;
1371 : ffffff;
1372 : ffffff;
1373 : ffffff;
1374 : ffffff;
1375 : ffffff;
1376 : ffffff;
1377 : ffffff;
1378 : ffffff;
1379 : ffffff;
1380 : ffffff;
1381 : ffffff;
1382 : ffffff;
1383 : ffffff;
1384 : ffffff;
1385 : ffffff;
1386 : ffffff;
1387 : ffffff;
1388 : ffffff;
1389 : ffffff;
1390 : ffffff;
1391 : ffffff;
1392 : ffffff;
1393 : ffffff;
1394 : ffffff;
1395 : ffffff;
1396 : ffffff;
1397 : ffffff;
1398 : ffffff;
1399 : ffffff;
1400 : ffffff;
1401 : ffffff;
1402 : ffffff;
1403 : ffffff;
1404 : ffffff;
1405 : ffffff;
1406 : ffffff;
1407 : ffffff;
1408 : ffffff;
1409 : ffffff;
1410 : ffffff;
1411 : ffffff;
1412 : ffffff;
1413 : ffffff;
1414 : ffffff;
1415 : ffffff;
1416 : ffffff;
1417 : ffffff;
1418 : ffffff;
1419 : ffffff;
1420 : ffffff;
1421 : ffffff;
1422 : ffffff;
1423 : ffffff;
1424 : ffffff;
1425 : ffffff;
1426 : ffffff;
1427 : ffffff;
1428 : ffffff;
1429 : ffffff;
1430 : ffffff;
1431 : ffffff;
1432 : ffffff;
1433 : ffffff;
1434 : f1f1f0;
1435 : 735f58;
1436 : 5c4746;
1437 : 5e4c4a;
1438 : 4f413f;
1439 : 4c3f3e;
1440 : 5a4542;
1441 : 65514f;
1442 : 695554;
1443 : 675756;
1444 : 504544;
1445 : 322f2e;
1446 : 27211f;
1447 : 211c1c;
1448 : 161413;
1449 : 110e0d;
1450 : 151110;
1451 : 181412;
1452 : 181412;
1453 : 181614;
1454 : 161411;
1455 : 1b1816;
1456 : 1c1a17;
1457 : 251f1d;
1458 : 2c2220;
1459 : 40332d;
1460 : 3f302b;
1461 : 4b3a36;
1462 : 513d39;
1463 : d5d3d2;
1464 : ffffff;
1465 : ffffff;
1466 : ffffff;
1467 : ffffff;
1468 : ffffff;
1469 : ffffff;
1470 : ffffff;
1471 : ffffff;
1472 : ffffff;
1473 : ffffff;
1474 : ffffff;
1475 : ffffff;
1476 : ffffff;
1477 : ffffff;
1478 : ffffff;
1479 : ffffff;
1480 : ffffff;
1481 : ffffff;
1482 : ffffff;
1483 : ffffff;
1484 : ffffff;
1485 : ffffff;
1486 : ffffff;
1487 : ffffff;
1488 : ffffff;
1489 : ffffff;
1490 : ffffff;
1491 : ffffff;
1492 : ffffff;
1493 : ffffff;
1494 : ffffff;
1495 : ffffff;
1496 : ffffff;
1497 : ffffff;
1498 : ffffff;
1499 : ffffff;
1500 : ffffff;
1501 : ffffff;
1502 : ffffff;
1503 : ffffff;
1504 : ffffff;
1505 : ffffff;
1506 : ffffff;
1507 : ffffff;
1508 : ffffff;
1509 : ffffff;
1510 : ffffff;
1511 : ffffff;
1512 : ffffff;
1513 : ffffff;
1514 : ffffff;
1515 : ffffff;
1516 : ffffff;
1517 : ffffff;
1518 : ffffff;
1519 : ffffff;
1520 : ffffff;
1521 : ffffff;
1522 : ffffff;
1523 : ffffff;
1524 : ffffff;
1525 : ffffff;
1526 : ffffff;
1527 : ffffff;
1528 : ffffff;
1529 : ffffff;
1530 : ffffff;
1531 : ffffff;
1532 : ffffff;
1533 : e8e8e8;
1534 : 715b53;
1535 : 5d4844;
1536 : 615250;
1537 : 534443;
1538 : 624f4e;
1539 : 6b5a5a;
1540 : 685a5c;
1541 : 4b4345;
1542 : 3e3535;
1543 : 272120;
1544 : 231c1a;
1545 : 1e1715;
1546 : 14100f;
1547 : 1d1715;
1548 : 241d1a;
1549 : 261e1c;
1550 : 1e1a18;
1551 : 1b1614;
1552 : 1b1613;
1553 : 1c1613;
1554 : 1f1a17;
1555 : 1e1a17;
1556 : 201b19;
1557 : 241e1b;
1558 : 2a2320;
1559 : 382b29;
1560 : 3d302c;
1561 : 332927;
1562 : 4e4543;
1563 : 614f4d;
1564 : d2cece;
1565 : ffffff;
1566 : ffffff;
1567 : ffffff;
1568 : ffffff;
1569 : ffffff;
1570 : ffffff;
1571 : ffffff;
1572 : ffffff;
1573 : ffffff;
1574 : ffffff;
1575 : ffffff;
1576 : ffffff;
1577 : ffffff;
1578 : ffffff;
1579 : ffffff;
1580 : ffffff;
1581 : ffffff;
1582 : ffffff;
1583 : ffffff;
1584 : ffffff;
1585 : ffffff;
1586 : ffffff;
1587 : ffffff;
1588 : ffffff;
1589 : ffffff;
1590 : ffffff;
1591 : ffffff;
1592 : ffffff;
1593 : ffffff;
1594 : ffffff;
1595 : ffffff;
1596 : ffffff;
1597 : ffffff;
1598 : ffffff;
1599 : ffffff;
1600 : ffffff;
1601 : ffffff;
1602 : ffffff;
1603 : ffffff;
1604 : ffffff;
1605 : ffffff;
1606 : ffffff;
1607 : ffffff;
1608 : ffffff;
1609 : ffffff;
1610 : ffffff;
1611 : ffffff;
1612 : ffffff;
1613 : ffffff;
1614 : ffffff;
1615 : ffffff;
1616 : ffffff;
1617 : ffffff;
1618 : ffffff;
1619 : ffffff;
1620 : ffffff;
1621 : ffffff;
1622 : ffffff;
1623 : ffffff;
1624 : ffffff;
1625 : ffffff;
1626 : ffffff;
1627 : ffffff;
1628 : ffffff;
1629 : ffffff;
1630 : ffffff;
1631 : ffffff;
1632 : fafcfd;
1633 : 6b5249;
1634 : 614a45;
1635 : 665756;
1636 : 614f4f;
1637 : 675859;
1638 : 655554;
1639 : 4d4444;
1640 : 372f2f;
1641 : 3a2e2d;
1642 : 27211f;
1643 : 312928;
1644 : 191614;
1645 : 171412;
1646 : 27201d;
1647 : 251f1c;
1648 : 231b19;
1649 : 1c1817;
1650 : 171311;
1651 : 1f1917;
1652 : 342924;
1653 : 231e1c;
1654 : 1b1816;
1655 : 241d1a;
1656 : 221a17;
1657 : 241b18;
1658 : 352c2a;
1659 : 3b312e;
1660 : 312624;
1661 : 1d1716;
1662 : 251916;
1663 : 474242;
1664 : 61504d;
1665 : cac7c5;
1666 : ffffff;
1667 : ffffff;
1668 : ffffff;
1669 : ffffff;
1670 : ffffff;
1671 : ffffff;
1672 : ffffff;
1673 : ffffff;
1674 : ffffff;
1675 : ffffff;
1676 : ffffff;
1677 : ffffff;
1678 : ffffff;
1679 : ffffff;
1680 : ffffff;
1681 : ffffff;
1682 : ffffff;
1683 : ffffff;
1684 : ffffff;
1685 : ffffff;
1686 : ffffff;
1687 : ffffff;
1688 : ffffff;
1689 : ffffff;
1690 : ffffff;
1691 : ffffff;
1692 : ffffff;
1693 : ffffff;
1694 : ffffff;
1695 : ffffff;
1696 : ffffff;
1697 : ffffff;
1698 : ffffff;
1699 : ffffff;
1700 : ffffff;
1701 : ffffff;
1702 : ffffff;
1703 : ffffff;
1704 : ffffff;
1705 : ffffff;
1706 : ffffff;
1707 : ffffff;
1708 : ffffff;
1709 : ffffff;
1710 : ffffff;
1711 : ffffff;
1712 : ffffff;
1713 : ffffff;
1714 : ffffff;
1715 : ffffff;
1716 : ffffff;
1717 : ffffff;
1718 : ffffff;
1719 : ffffff;
1720 : ffffff;
1721 : ffffff;
1722 : ffffff;
1723 : ffffff;
1724 : ffffff;
1725 : ffffff;
1726 : ffffff;
1727 : ffffff;
1728 : ffffff;
1729 : ffffff;
1730 : ffffff;
1731 : ffffff;
1732 : 765c52;
1733 : 6c5350;
1734 : 685857;
1735 : 604f4c;
1736 : 51413e;
1737 : 4c3c3a;
1738 : 554b4d;
1739 : 4d4142;
1740 : 2d2523;
1741 : 2c2524;
1742 : 272322;
1743 : 13100e;
1744 : 211a1a;
1745 : 362926;
1746 : 2d2321;
1747 : 1c1917;
1748 : 141210;
1749 : 131110;
1750 : 1c1713;
1751 : 1b1714;
1752 : 141211;
1753 : 1e1b18;
1754 : 1b1716;
1755 : 201a18;
1756 : 2b2420;
1757 : 332d2b;
1758 : 2c2321;
1759 : 382924;
1760 : 2f221e;
1761 : 332520;
1762 : 433632;
1763 : 2d211e;
1764 : 554c4c;
1765 : 584643;
1766 : cac8c7;
1767 : ffffff;
1768 : ffffff;
1769 : ffffff;
1770 : ffffff;
1771 : ffffff;
1772 : ffffff;
1773 : ffffff;
1774 : ffffff;
1775 : ffffff;
1776 : ffffff;
1777 : ffffff;
1778 : ffffff;
1779 : ffffff;
1780 : ffffff;
1781 : ffffff;
1782 : ffffff;
1783 : ffffff;
1784 : ffffff;
1785 : ffffff;
1786 : ffffff;
1787 : ffffff;
1788 : ffffff;
1789 : ffffff;
1790 : ffffff;
1791 : ffffff;
1792 : ffffff;
1793 : ffffff;
1794 : ffffff;
1795 : ffffff;
1796 : ffffff;
1797 : ffffff;
1798 : ffffff;
1799 : ffffff;
1800 : ffffff;
1801 : ffffff;
1802 : ffffff;
1803 : ffffff;
1804 : ffffff;
1805 : ffffff;
1806 : ffffff;
1807 : ffffff;
1808 : ffffff;
1809 : ffffff;
1810 : ffffff;
1811 : ffffff;
1812 : ffffff;
1813 : ffffff;
1814 : ffffff;
1815 : ffffff;
1816 : ffffff;
1817 : ffffff;
1818 : ffffff;
1819 : ffffff;
1820 : ffffff;
1821 : ffffff;
1822 : ffffff;
1823 : ffffff;
1824 : ffffff;
1825 : ffffff;
1826 : ffffff;
1827 : ffffff;
1828 : ffffff;
1829 : ffffff;
1830 : ffffff;
1831 : 948780;
1832 : 6a504b;
1833 : 6a5856;
1834 : 54443f;
1835 : 392a25;
1836 : 3b2e2c;
1837 : 5f5657;
1838 : 4e4547;
1839 : 2a2220;
1840 : 3b3435;
1841 : 2a2728;
1842 : 191413;
1843 : 3e3030;
1844 : 493b3b;
1845 : 302c2c;
1846 : 171516;
1847 : 161110;
1848 : 1e1815;
1849 : 231c1a;
1850 : 1e1917;
1851 : 1d1918;
1852 : 1b1815;
1853 : 1d1816;
1854 : 201b19;
1855 : 1f1b19;
1856 : 2a2421;
1857 : 322422;
1858 : 2a201e;
1859 : 352824;
1860 : 3c2c27;
1861 : 44322c;
1862 : 43302b;
1863 : 625453;
1864 : 443533;
1865 : 4a4040;
1866 : 503e39;
1867 : eceded;
1868 : ffffff;
1869 : ffffff;
1870 : ffffff;
1871 : ffffff;
1872 : ffffff;
1873 : ffffff;
1874 : ffffff;
1875 : ffffff;
1876 : ffffff;
1877 : ffffff;
1878 : ffffff;
1879 : ffffff;
1880 : ffffff;
1881 : ffffff;
1882 : ffffff;
1883 : ffffff;
1884 : ffffff;
1885 : ffffff;
1886 : ffffff;
1887 : ffffff;
1888 : ffffff;
1889 : ffffff;
1890 : ffffff;
1891 : ffffff;
1892 : ffffff;
1893 : ffffff;
1894 : ffffff;
1895 : ffffff;
1896 : ffffff;
1897 : ffffff;
1898 : ffffff;
1899 : ffffff;
1900 : ffffff;
1901 : ffffff;
1902 : ffffff;
1903 : ffffff;
1904 : ffffff;
1905 : ffffff;
1906 : ffffff;
1907 : ffffff;
1908 : ffffff;
1909 : ffffff;
1910 : ffffff;
1911 : ffffff;
1912 : ffffff;
1913 : ffffff;
1914 : ffffff;
1915 : ffffff;
1916 : ffffff;
1917 : ffffff;
1918 : ffffff;
1919 : ffffff;
1920 : ffffff;
1921 : ffffff;
1922 : ffffff;
1923 : ffffff;
1924 : ffffff;
1925 : ffffff;
1926 : ffffff;
1927 : ffffff;
1928 : ffffff;
1929 : ffffff;
1930 : c8c4c1;
1931 : 5f4239;
1932 : 695652;
1933 : 46352f;
1934 : 2d201d;
1935 : 332928;
1936 : 5a4e50;
1937 : 4e4344;
1938 : 44393a;
1939 : 4b4548;
1940 : 242222;
1941 : 241b1a;
1942 : 584a4a;
1943 : 4e474a;
1944 : 3a3636;
1945 : 2b2222;
1946 : 291f1c;
1947 : 211b19;
1948 : 241d1a;
1949 : 191615;
1950 : 1b1615;
1951 : 231b18;
1952 : 1a1513;
1953 : 1c1714;
1954 : 1a1514;
1955 : 1e1916;
1956 : 271e1b;
1957 : 2f2320;
1958 : 322422;
1959 : 352623;
1960 : 45322a;
1961 : 342622;
1962 : 55423d;
1963 : 5f4b45;
1964 : 746565;
1965 : 4d4141;
1966 : 3d3331;
1967 : 52423b;
1968 : ffffff;
1969 : ffffff;
1970 : ffffff;
1971 : ffffff;
1972 : ffffff;
1973 : ffffff;
1974 : ffffff;
1975 : ffffff;
1976 : ffffff;
1977 : ffffff;
1978 : ffffff;
1979 : ffffff;
1980 : ffffff;
1981 : ffffff;
1982 : ffffff;
1983 : ffffff;
1984 : ffffff;
1985 : ffffff;
1986 : ffffff;
1987 : ffffff;
1988 : ffffff;
1989 : ffffff;
1990 : ffffff;
1991 : ffffff;
1992 : ffffff;
1993 : ffffff;
1994 : ffffff;
1995 : ffffff;
1996 : ffffff;
1997 : ffffff;
1998 : ffffff;
1999 : ffffff;
2000 : ffffff;
2001 : ffffff;
2002 : ffffff;
2003 : ffffff;
2004 : ffffff;
2005 : ffffff;
2006 : ffffff;
2007 : ffffff;
2008 : ffffff;
2009 : ffffff;
2010 : ffffff;
2011 : ffffff;
2012 : ffffff;
2013 : ffffff;
2014 : ffffff;
2015 : ffffff;
2016 : ffffff;
2017 : ffffff;
2018 : ffffff;
2019 : ffffff;
2020 : ffffff;
2021 : ffffff;
2022 : ffffff;
2023 : ffffff;
2024 : ffffff;
2025 : ffffff;
2026 : ffffff;
2027 : ffffff;
2028 : ffffff;
2029 : fcffff;
2030 : 614639;
2031 : 624d49;
2032 : 3e2f2a;
2033 : 281d1a;
2034 : 261e1d;
2035 : 584b4b;
2036 : 594949;
2037 : 4d3f40;
2038 : 454345;
2039 : 2b2627;
2040 : 3b2e2d;
2041 : 635455;
2042 : 4b4649;
2043 : 4a4243;
2044 : 2c2525;
2045 : 1e1513;
2046 : 2c211f;
2047 : 221c1a;
2048 : 1f1917;
2049 : 1e1916;
2050 : 1e1715;
2051 : 1c1715;
2052 : 1c1714;
2053 : 1a1614;
2054 : 1c1814;
2055 : 201816;
2056 : 271c1a;
2057 : 372521;
2058 : 342522;
2059 : 3a2825;
2060 : 44312b;
2061 : 503b36;
2062 : 352420;
2063 : 6a5a58;
2064 : 75605b;
2065 : 736767;
2066 : 534646;
2067 : 2e211d;
2068 : 7f7470;
2069 : ffffff;
2070 : ffffff;
2071 : ffffff;
2072 : ffffff;
2073 : ffffff;
2074 : ffffff;
2075 : ffffff;
2076 : ffffff;
2077 : ffffff;
2078 : ffffff;
2079 : ffffff;
2080 : ffffff;
2081 : ffffff;
2082 : ffffff;
2083 : ffffff;
2084 : ffffff;
2085 : ffffff;
2086 : ffffff;
2087 : ffffff;
2088 : ffffff;
2089 : ffffff;
2090 : ffffff;
2091 : ffffff;
2092 : ffffff;
2093 : ffffff;
2094 : ffffff;
2095 : ffffff;
2096 : ffffff;
2097 : ffffff;
2098 : ffffff;
2099 : ffffff;
2100 : ffffff;
2101 : ffffff;
2102 : ffffff;
2103 : ffffff;
2104 : ffffff;
2105 : ffffff;
2106 : ffffff;
2107 : ffffff;
2108 : ffffff;
2109 : ffffff;
2110 : ffffff;
2111 : ffffff;
2112 : ffffff;
2113 : ffffff;
2114 : ffffff;
2115 : ffffff;
2116 : ffffff;
2117 : ffffff;
2118 : ffffff;
2119 : ffffff;
2120 : ffffff;
2121 : ffffff;
2122 : ffffff;
2123 : ffffff;
2124 : ffffff;
2125 : ffffff;
2126 : ffffff;
2127 : ffffff;
2128 : ffffff;
2129 : 95857d;
2130 : 64463c;
2131 : 3a2c24;
2132 : 2a1f1d;
2133 : 1f1817;
2134 : 5c4c4a;
2135 : 594b4a;
2136 : 5c4d4e;
2137 : 3f3b3d;
2138 : 373133;
2139 : 4d3e3d;
2140 : 54484a;
2141 : 443e40;
2142 : 51484a;
2143 : 24201f;
2144 : 221817;
2145 : 3a2a27;
2146 : 312523;
2147 : 1e1916;
2148 : 27201e;
2149 : 251d1a;
2150 : 221a18;
2151 : 181412;
2152 : 1f1714;
2153 : 1f1916;
2154 : 1d1613;
2155 : 2d1e1a;
2156 : 2b1d1b;
2157 : 422c27;
2158 : 472b25;
2159 : 3c2822;
2160 : 47322c;
2161 : 523f3a;
2162 : 4f3b35;
2163 : 4f3d38;
2164 : 705f5c;
2165 : 6e5c5a;
2166 : 706566;
2167 : 423533;
2168 : 2c1c15;
2169 : dbdad9;
2170 : ffffff;
2171 : ffffff;
2172 : ffffff;
2173 : ffffff;
2174 : ffffff;
2175 : ffffff;
2176 : ffffff;
2177 : ffffff;
2178 : ffffff;
2179 : ffffff;
2180 : ffffff;
2181 : ffffff;
2182 : ffffff;
2183 : ffffff;
2184 : ffffff;
2185 : ffffff;
2186 : ffffff;
2187 : ffffff;
2188 : ffffff;
2189 : ffffff;
2190 : ffffff;
2191 : ffffff;
2192 : ffffff;
2193 : ffffff;
2194 : ffffff;
2195 : ffffff;
2196 : ffffff;
2197 : ffffff;
2198 : ffffff;
2199 : ffffff;
2200 : ffffff;
2201 : ffffff;
2202 : ffffff;
2203 : ffffff;
2204 : ffffff;
2205 : ffffff;
2206 : ffffff;
2207 : ffffff;
2208 : ffffff;
2209 : ffffff;
2210 : ffffff;
2211 : ffffff;
2212 : ffffff;
2213 : ffffff;
2214 : ffffff;
2215 : ffffff;
2216 : ffffff;
2217 : ffffff;
2218 : ffffff;
2219 : ffffff;
2220 : ffffff;
2221 : ffffff;
2222 : ffffff;
2223 : ffffff;
2224 : ffffff;
2225 : ffffff;
2226 : ffffff;
2227 : ffffff;
2228 : dedddb;
2229 : 674538;
2230 : 3f312b;
2231 : 281e1b;
2232 : 221b19;
2233 : 544343;
2234 : 534747;
2235 : 675656;
2236 : 3f393a;
2237 : 2b2728;
2238 : 5c5355;
2239 : 483f41;
2240 : 4f484c;
2241 : 433f41;
2242 : 2e2829;
2243 : 271917;
2244 : 412d2c;
2245 : 352725;
2246 : 332a29;
2247 : 2b2423;
2248 : 271e1c;
2249 : 1f1917;
2250 : 1f1716;
2251 : 231817;
2252 : 1e1917;
2253 : 241816;
2254 : 251916;
2255 : 3a231e;
2256 : 271b19;
2257 : 5a3a30;
2258 : 5c382c;
2259 : 4c3129;
2260 : 51352f;
2261 : 58433f;
2262 : 584644;
2263 : 604a45;
2264 : 5c4c4b;
2265 : 56443f;
2266 : 463835;
2267 : 645758;
2268 : 241613;
2269 : 665952;
2270 : ffffff;
2271 : ffffff;
2272 : ffffff;
2273 : ffffff;
2274 : ffffff;
2275 : ffffff;
2276 : ffffff;
2277 : ffffff;
2278 : ffffff;
2279 : ffffff;
2280 : ffffff;
2281 : ffffff;
2282 : ffffff;
2283 : ffffff;
2284 : ffffff;
2285 : ffffff;
2286 : ffffff;
2287 : ffffff;
2288 : ffffff;
2289 : ffffff;
2290 : ffffff;
2291 : ffffff;
2292 : ffffff;
2293 : ffffff;
2294 : ffffff;
2295 : ffffff;
2296 : ffffff;
2297 : ffffff;
2298 : ffffff;
2299 : ffffff;
2300 : ffffff;
2301 : ffffff;
2302 : ffffff;
2303 : ffffff;
2304 : ffffff;
2305 : ffffff;
2306 : ffffff;
2307 : ffffff;
2308 : ffffff;
2309 : ffffff;
2310 : ffffff;
2311 : ffffff;
2312 : ffffff;
2313 : ffffff;
2314 : ffffff;
2315 : ffffff;
2316 : ffffff;
2317 : ffffff;
2318 : ffffff;
2319 : ffffff;
2320 : ffffff;
2321 : ffffff;
2322 : ffffff;
2323 : ffffff;
2324 : ffffff;
2325 : ffffff;
2326 : ffffff;
2327 : ffffff;
2328 : 846d62;
2329 : 4d382e;
2330 : 251a16;
2331 : 271e1c;
2332 : 3f2f2e;
2333 : 584b4b;
2334 : 5c4d4c;
2335 : 423939;
2336 : 2a2524;
2337 : 50484a;
2338 : 433839;
2339 : 484043;
2340 : 2d2a2a;
2341 : 3a3233;
2342 : 3e2d2d;
2343 : 533d3a;
2344 : 4e3c39;
2345 : 443a3a;
2346 : 302524;
2347 : 322828;
2348 : 271d1b;
2349 : 2d1e1d;
2350 : 2c1e1b;
2351 : 1f1917;
2352 : 2c1b18;
2353 : 351f1c;
2354 : 39201d;
2355 : 3f2924;
2356 : 351e18;
2357 : 693f35;
2358 : 7b4d3f;
2359 : 66433b;
2360 : 5f443e;
2361 : 67504d;
2362 : 594746;
2363 : 604e4b;
2364 : 544441;
2365 : 3f2d29;
2366 : 503b32;
2367 : 3b3230;
2368 : 473532;
2369 : 271811;
2370 : e5e6e6;
2371 : ffffff;
2372 : ffffff;
2373 : ffffff;
2374 : ffffff;
2375 : ffffff;
2376 : ffffff;
2377 : ffffff;
2378 : ffffff;
2379 : ffffff;
2380 : ffffff;
2381 : ffffff;
2382 : ffffff;
2383 : ffffff;
2384 : ffffff;
2385 : ffffff;
2386 : ffffff;
2387 : ffffff;
2388 : ffffff;
2389 : ffffff;
2390 : ffffff;
2391 : ffffff;
2392 : ffffff;
2393 : ffffff;
2394 : ffffff;
2395 : ffffff;
2396 : ffffff;
2397 : ffffff;
2398 : ffffff;
2399 : ffffff;
2400 : ffffff;
2401 : ffffff;
2402 : ffffff;
2403 : ffffff;
2404 : ffffff;
2405 : ffffff;
2406 : ffffff;
2407 : ffffff;
2408 : ffffff;
2409 : ffffff;
2410 : ffffff;
2411 : ffffff;
2412 : ffffff;
2413 : ffffff;
2414 : ffffff;
2415 : ffffff;
2416 : ffffff;
2417 : ffffff;
2418 : ffffff;
2419 : ffffff;
2420 : ffffff;
2421 : ffffff;
2422 : ffffff;
2423 : ffffff;
2424 : ffffff;
2425 : ffffff;
2426 : ffffff;
2427 : d7d1cf;
2428 : 65483a;
2429 : 201613;
2430 : 3d2f2a;
2431 : 251d1b;
2432 : 64514f;
2433 : 4b3d3c;
2434 : 3c3331;
2435 : 1f1919;
2436 : 3d3435;
2437 : 3a3232;
2438 : 383233;
2439 : 221d1c;
2440 : 443b3c;
2441 : 4b3d3e;
2442 : 5a4747;
2443 : 5c4a49;
2444 : 4c4344;
2445 : 433b3c;
2446 : 403637;
2447 : 3a3130;
2448 : 453332;
2449 : 3c2827;
2450 : 2e201f;
2451 : 4a2924;
2452 : 472722;
2453 : 5c322a;
2454 : 513129;
2455 : 3a231e;
2456 : 64382f;
2457 : 814f40;
2458 : 9e6c5b;
2459 : 84574c;
2460 : 6b5350;
2461 : 68514d;
2462 : 6b5857;
2463 : 4b3d3b;
2464 : 624c46;
2465 : 3e2f2d;
2466 : 463229;
2467 : 3c2d29;
2468 : 362b28;
2469 : 301f1a;
2470 : 8d827b;
2471 : ffffff;
2472 : ffffff;
2473 : ffffff;
2474 : ffffff;
2475 : ffffff;
2476 : ffffff;
2477 : ffffff;
2478 : ffffff;
2479 : ffffff;
2480 : ffffff;
2481 : ffffff;
2482 : ffffff;
2483 : ffffff;
2484 : ffffff;
2485 : ffffff;
2486 : ffffff;
2487 : ffffff;
2488 : ffffff;
2489 : ffffff;
2490 : ffffff;
2491 : ffffff;
2492 : ffffff;
2493 : ffffff;
2494 : ffffff;
2495 : ffffff;
2496 : ffffff;
2497 : ffffff;
2498 : ffffff;
2499 : ffffff;
2500 : ffffff;
2501 : ffffff;
2502 : ffffff;
2503 : ffffff;
2504 : ffffff;
2505 : ffffff;
2506 : ffffff;
2507 : ffffff;
2508 : ffffff;
2509 : ffffff;
2510 : ffffff;
2511 : ffffff;
2512 : ffffff;
2513 : ffffff;
2514 : ffffff;
2515 : ffffff;
2516 : ffffff;
2517 : ffffff;
2518 : ffffff;
2519 : ffffff;
2520 : ffffff;
2521 : ffffff;
2522 : ffffff;
2523 : ffffff;
2524 : ffffff;
2525 : ffffff;
2526 : ffffff;
2527 : 9b877f;
2528 : 2e1f18;
2529 : 43302b;
2530 : 2c2625;
2531 : 433431;
2532 : 453736;
2533 : 443837;
2534 : 1e1b19;
2535 : 302221;
2536 : 3a3130;
2537 : 302929;
2538 : 231e1c;
2539 : 372f30;
2540 : 403638;
2541 : 554343;
2542 : 524242;
2543 : 53494b;
2544 : 4c4041;
2545 : 493d3e;
2546 : 4d4243;
2547 : 453738;
2548 : 422e2c;
2549 : 412e2d;
2550 : 66382f;
2551 : 5c302a;
2552 : 895447;
2553 : 623c34;
2554 : 4b2b27;
2555 : 69392f;
2556 : 945c4b;
2557 : a8715f;
2558 : ad7a68;
2559 : a27061;
2560 : 684945;
2561 : 644d49;
2562 : 685758;
2563 : 4e3d3c;
2564 : 5e4c49;
2565 : 433330;
2566 : 362622;
2567 : 3d2c27;
2568 : 3a2b26;
2569 : 362623;
2570 : 4e3d34;
2571 : ffffff;
2572 : ffffff;
2573 : ffffff;
2574 : ffffff;
2575 : ffffff;
2576 : ffffff;
2577 : ffffff;
2578 : ffffff;
2579 : ffffff;
2580 : ffffff;
2581 : ffffff;
2582 : ffffff;
2583 : ffffff;
2584 : ffffff;
2585 : ffffff;
2586 : ffffff;
2587 : ffffff;
2588 : ffffff;
2589 : ffffff;
2590 : ffffff;
2591 : ffffff;
2592 : ffffff;
2593 : ffffff;
2594 : ffffff;
2595 : ffffff;
2596 : ffffff;
2597 : ffffff;
2598 : ffffff;
2599 : ffffff;
2600 : ffffff;
2601 : ffffff;
2602 : ffffff;
2603 : ffffff;
2604 : ffffff;
2605 : ffffff;
2606 : ffffff;
2607 : ffffff;
2608 : ffffff;
2609 : ffffff;
2610 : ffffff;
2611 : ffffff;
2612 : ffffff;
2613 : ffffff;
2614 : ffffff;
2615 : ffffff;
2616 : ffffff;
2617 : ffffff;
2618 : ffffff;
2619 : ffffff;
2620 : ffffff;
2621 : ffffff;
2622 : ffffff;
2623 : ffffff;
2624 : ffffff;
2625 : ffffff;
2626 : ede8e8;
2627 : 655145;
2628 : 251815;
2629 : 463836;
2630 : 251e1b;
2631 : 564644;
2632 : 41322e;
2633 : 241c1b;
2634 : 221814;
2635 : 332724;
2636 : 2d2729;
2637 : 272321;
2638 : 312a2b;
2639 : 463b3c;
2640 : 473635;
2641 : 5b4644;
2642 : 4b4141;
2643 : 3f3738;
2644 : 53474a;
2645 : 504648;
2646 : 4f3a3a;
2647 : 564242;
2648 : 533c3b;
2649 : 8a5447;
2650 : 8a5b51;
2651 : a47060;
2652 : 6c473f;
2653 : 5e3a32;
2654 : 824c3f;
2655 : a16755;
2656 : be8871;
2657 : c38f78;
2658 : b8836f;
2659 : b17d6a;
2660 : 75463b;
2661 : 533d3b;
2662 : 51403e;
2663 : 5a4844;
2664 : 362a28;
2665 : 5f4c4a;
2666 : 302421;
2667 : 392723;
2668 : 3f302a;
2669 : 392a25;
2670 : 2f1a12;
2671 : f1f2f1;
2672 : ffffff;
2673 : ffffff;
2674 : ffffff;
2675 : ffffff;
2676 : ffffff;
2677 : ffffff;
2678 : ffffff;
2679 : ffffff;
2680 : ffffff;
2681 : ffffff;
2682 : ffffff;
2683 : ffffff;
2684 : ffffff;
2685 : ffffff;
2686 : ffffff;
2687 : ffffff;
2688 : ffffff;
2689 : ffffff;
2690 : ffffff;
2691 : ffffff;
2692 : ffffff;
2693 : ffffff;
2694 : ffffff;
2695 : ffffff;
2696 : ffffff;
2697 : ffffff;
2698 : ffffff;
2699 : ffffff;
2700 : ffffff;
2701 : ffffff;
2702 : ffffff;
2703 : ffffff;
2704 : ffffff;
2705 : ffffff;
2706 : ffffff;
2707 : ffffff;
2708 : ffffff;
2709 : ffffff;
2710 : ffffff;
2711 : ffffff;
2712 : ffffff;
2713 : ffffff;
2714 : ffffff;
2715 : ffffff;
2716 : ffffff;
2717 : ffffff;
2718 : ffffff;
2719 : ffffff;
2720 : ffffff;
2721 : ffffff;
2722 : ffffff;
2723 : ffffff;
2724 : ffffff;
2725 : ffffff;
2726 : baaea8;
2727 : 2e1d15;
2728 : 42302c;
2729 : 342d2c;
2730 : 362a29;
2731 : 423230;
2732 : 3f3331;
2733 : 191512;
2734 : 33211e;
2735 : 292221;
2736 : 2c2827;
2737 : 3a2f2f;
2738 : 443b3c;
2739 : 3c2f2e;
2740 : 684f4c;
2741 : 4c3e3b;
2742 : 452e2b;
2743 : 443738;
2744 : 494040;
2745 : 412420;
2746 : 5f4646;
2747 : 6c504e;
2748 : 9a6357;
2749 : 9f766e;
2750 : a5776c;
2751 : 896158;
2752 : 754b45;
2753 : a46757;
2754 : bf826b;
2755 : d7a489;
2756 : d8a388;
2757 : d39e81;
2758 : c59179;
2759 : cb997e;
2760 : 915c4d;
2761 : 4c2e27;
2762 : 402d28;
2763 : 4f3c39;
2764 : 2d2120;
2765 : 513e38;
2766 : 392d2c;
2767 : 312421;
2768 : 2e2421;
2769 : 48362e;
2770 : 2a1a13;
2771 : c9c5c1;
2772 : ffffff;
2773 : ffffff;
2774 : ffffff;
2775 : ffffff;
2776 : ffffff;
2777 : ffffff;
2778 : ffffff;
2779 : ffffff;
2780 : ffffff;
2781 : ffffff;
2782 : ffffff;
2783 : ffffff;
2784 : ffffff;
2785 : ffffff;
2786 : ffffff;
2787 : ffffff;
2788 : ffffff;
2789 : ffffff;
2790 : ffffff;
2791 : ffffff;
2792 : ffffff;
2793 : ffffff;
2794 : ffffff;
2795 : ffffff;
2796 : ffffff;
2797 : ffffff;
2798 : ffffff;
2799 : ffffff;
2800 : ffffff;
2801 : ffffff;
2802 : ffffff;
2803 : ffffff;
2804 : ffffff;
2805 : ffffff;
2806 : ffffff;
2807 : ffffff;
2808 : ffffff;
2809 : ffffff;
2810 : ffffff;
2811 : ffffff;
2812 : ffffff;
2813 : ffffff;
2814 : ffffff;
2815 : ffffff;
2816 : ffffff;
2817 : ffffff;
2818 : ffffff;
2819 : ffffff;
2820 : ffffff;
2821 : ffffff;
2822 : ffffff;
2823 : ffffff;
2824 : ffffff;
2825 : ffffff;
2826 : 7e6e66;
2827 : 2b1c16;
2828 : 483731;
2829 : 211c1a;
2830 : 3e322e;
2831 : 483734;
2832 : 261f1d;
2833 : 231916;
2834 : 291f1c;
2835 : 272221;
2836 : 312a29;
2837 : 4a3c3a;
2838 : 362d2d;
2839 : 553f3b;
2840 : 433532;
2841 : 3b2623;
2842 : 433331;
2843 : 3f3435;
2844 : 422421;
2845 : 5b4342;
2846 : 705453;
2847 : 855d56;
2848 : 9f746c;
2849 : a77b71;
2850 : 8a605a;
2851 : 885248;
2852 : c3826f;
2853 : dda58f;
2854 : e8b39c;
2855 : e6b297;
2856 : e3ac91;
2857 : dba589;
2858 : d19b80;
2859 : cd997e;
2860 : bc846d;
2861 : 572f27;
2862 : 3c2622;
2863 : 3c2c29;
2864 : 3f2c27;
2865 : 2d211e;
2866 : 463530;
2867 : 29201f;
2868 : 2d221f;
2869 : 3b2b27;
2870 : 34251f;
2871 : 918984;
2872 : ffffff;
2873 : ffffff;
2874 : ffffff;
2875 : ffffff;
2876 : ffffff;
2877 : ffffff;
2878 : ffffff;
2879 : ffffff;
2880 : ffffff;
2881 : ffffff;
2882 : ffffff;
2883 : ffffff;
2884 : ffffff;
2885 : ffffff;
2886 : ffffff;
2887 : ffffff;
2888 : ffffff;
2889 : ffffff;
2890 : ffffff;
2891 : ffffff;
2892 : ffffff;
2893 : ffffff;
2894 : ffffff;
2895 : ffffff;
2896 : ffffff;
2897 : ffffff;
2898 : ffffff;
2899 : ffffff;
2900 : ffffff;
2901 : ffffff;
2902 : ffffff;
2903 : ffffff;
2904 : ffffff;
2905 : ffffff;
2906 : ffffff;
2907 : ffffff;
2908 : ffffff;
2909 : ffffff;
2910 : ffffff;
2911 : ffffff;
2912 : ffffff;
2913 : ffffff;
2914 : ffffff;
2915 : ffffff;
2916 : ffffff;
2917 : ffffff;
2918 : ffffff;
2919 : ffffff;
2920 : ffffff;
2921 : ffffff;
2922 : ffffff;
2923 : ffffff;
2924 : ffffff;
2925 : f0efee;
2926 : 62534c;
2927 : 352620;
2928 : 41322e;
2929 : 1e1816;
2930 : 41302b;
2931 : 382a26;
2932 : 1e1816;
2933 : 261b19;
2934 : 251d1c;
2935 : 241f1e;
2936 : 4d3a35;
2937 : 2e2828;
2938 : 412f2c;
2939 : 3b2e2b;
2940 : 362a28;
2941 : 412c28;
2942 : 2e2220;
2943 : 41221f;
2944 : 3f2b2a;
2945 : 674541;
2946 : 90615a;
2947 : a6786f;
2948 : 9b7067;
2949 : a77063;
2950 : d79e8d;
2951 : f0c1af;
2952 : f4c7b1;
2953 : f3c3a9;
2954 : eeba9e;
2955 : ebb599;
2956 : e5ae93;
2957 : dea78a;
2958 : d79f83;
2959 : cd977c;
2960 : c8957b;
2961 : 7f4c3d;
2962 : 3e2420;
2963 : 31201c;
2964 : 48332d;
2965 : 231917;
2966 : 412e29;
2967 : 231b19;
2968 : 372924;
2969 : 2c231e;
2970 : 402d25;
2971 : 5e554d;
2972 : ffffff;
2973 : ffffff;
2974 : ffffff;
2975 : ffffff;
2976 : ffffff;
2977 : ffffff;
2978 : ffffff;
2979 : ffffff;
2980 : ffffff;
2981 : ffffff;
2982 : ffffff;
2983 : ffffff;
2984 : ffffff;
2985 : ffffff;
2986 : ffffff;
2987 : ffffff;
2988 : ffffff;
2989 : ffffff;
2990 : ffffff;
2991 : ffffff;
2992 : ffffff;
2993 : ffffff;
2994 : ffffff;
2995 : ffffff;
2996 : ffffff;
2997 : ffffff;
2998 : ffffff;
2999 : ffffff;
3000 : ffffff;
3001 : ffffff;
3002 : ffffff;
3003 : ffffff;
3004 : ffffff;
3005 : ffffff;
3006 : ffffff;
3007 : ffffff;
3008 : ffffff;
3009 : ffffff;
3010 : ffffff;
3011 : ffffff;
3012 : ffffff;
3013 : ffffff;
3014 : ffffff;
3015 : ffffff;
3016 : ffffff;
3017 : ffffff;
3018 : ffffff;
3019 : ffffff;
3020 : ffffff;
3021 : ffffff;
3022 : ffffff;
3023 : ffffff;
3024 : ffffff;
3025 : e2dad7;
3026 : 423731;
3027 : 443028;
3028 : 342926;
3029 : 261d1b;
3030 : 372825;
3031 : 342722;
3032 : 1b1413;
3033 : 261d1a;
3034 : 261f1d;
3035 : 2f2320;
3036 : 322725;
3037 : 271f1e;
3038 : 45342e;
3039 : 2d2525;
3040 : 362321;
3041 : 201a1a;
3042 : 341816;
3043 : 3d2221;
3044 : 7b4941;
3045 : aa7266;
3046 : b78578;
3047 : d19f8f;
3048 : edbfad;
3049 : f9cfbe;
3050 : f8d1bb;
3051 : f5c8b3;
3052 : f4c4ad;
3053 : f2c0a5;
3054 : efb89d;
3055 : eab297;
3056 : e5ac90;
3057 : dda68a;
3058 : d79f83;
3059 : cd967a;
3060 : c48e75;
3061 : a56f5a;
3062 : 472721;
3063 : 301f1b;
3064 : 402b26;
3065 : 281d1a;
3066 : 392925;
3067 : 271e1c;
3068 : 2b211e;
3069 : 2f221e;
3070 : 3a2a24;
3071 : 3c2c25;
3072 : ffffff;
3073 : ffffff;
3074 : ffffff;
3075 : ffffff;
3076 : ffffff;
3077 : ffffff;
3078 : ffffff;
3079 : ffffff;
3080 : ffffff;
3081 : ffffff;
3082 : ffffff;
3083 : ffffff;
3084 : ffffff;
3085 : ffffff;
3086 : ffffff;
3087 : ffffff;
3088 : ffffff;
3089 : ffffff;
3090 : ffffff;
3091 : ffffff;
3092 : ffffff;
3093 : ffffff;
3094 : ffffff;
3095 : ffffff;
3096 : ffffff;
3097 : ffffff;
3098 : ffffff;
3099 : ffffff;
3100 : ffffff;
3101 : ffffff;
3102 : ffffff;
3103 : ffffff;
3104 : ffffff;
3105 : ffffff;
3106 : ffffff;
3107 : ffffff;
3108 : ffffff;
3109 : ffffff;
3110 : ffffff;
3111 : ffffff;
3112 : ffffff;
3113 : ffffff;
3114 : ffffff;
3115 : ffffff;
3116 : ffffff;
3117 : ffffff;
3118 : ffffff;
3119 : ffffff;
3120 : ffffff;
3121 : ffffff;
3122 : ffffff;
3123 : ffffff;
3124 : ffffff;
3125 : e5e1e0;
3126 : 2b1d18;
3127 : 49342c;
3128 : 2b2220;
3129 : 2b211d;
3130 : 3d2a25;
3131 : 261f1c;
3132 : 1a1513;
3133 : 261f1c;
3134 : 231b19;
3135 : 392623;
3136 : 2c2220;
3137 : 332422;
3138 : 302726;
3139 : 241b19;
3140 : 251919;
3141 : 522b25;
3142 : 7e5349;
3143 : d19584;
3144 : e9bcab;
3145 : e6bbac;
3146 : f6ccbc;
3147 : f5cebd;
3148 : f6ceba;
3149 : f6cbb7;
3150 : f5c8b5;
3151 : f3c3af;
3152 : f2c0aa;
3153 : f2c0a7;
3154 : efb99e;
3155 : e8b096;
3156 : e2ab8e;
3157 : dca488;
3158 : d49d80;
3159 : ca9278;
3160 : c08b71;
3161 : b17a64;
3162 : 633c32;
3163 : 38211d;
3164 : 362622;
3165 : 31211e;
3166 : 302521;
3167 : 2d221f;
3168 : 221b19;
3169 : 2f221e;
3170 : 2f231f;
3171 : 38251d;
3172 : f3f2f1;
3173 : ffffff;
3174 : ffffff;
3175 : ffffff;
3176 : ffffff;
3177 : ffffff;
3178 : ffffff;
3179 : ffffff;
3180 : ffffff;
3181 : ffffff;
3182 : ffffff;
3183 : ffffff;
3184 : ffffff;
3185 : ffffff;
3186 : ffffff;
3187 : ffffff;
3188 : ffffff;
3189 : ffffff;
3190 : ffffff;
3191 : ffffff;
3192 : ffffff;
3193 : ffffff;
3194 : ffffff;
3195 : ffffff;
3196 : ffffff;
3197 : ffffff;
3198 : ffffff;
3199 : ffffff;
3200 : ffffff;
3201 : ffffff;
3202 : ffffff;
3203 : ffffff;
3204 : ffffff;
3205 : ffffff;
3206 : ffffff;
3207 : ffffff;
3208 : ffffff;
3209 : ffffff;
3210 : ffffff;
3211 : ffffff;
3212 : ffffff;
3213 : ffffff;
3214 : ffffff;
3215 : ffffff;
3216 : ffffff;
3217 : ffffff;
3218 : ffffff;
3219 : ffffff;
3220 : ffffff;
3221 : ffffff;
3222 : ffffff;
3223 : ffffff;
3224 : ffffff;
3225 : ccc8c5;
3226 : 26140c;
3227 : 49332b;
3228 : 2d2422;
3229 : 352722;
3230 : 3d2e2a;
3231 : 171210;
3232 : 1f1916;
3233 : 2a2320;
3234 : 221918;
3235 : 452c26;
3236 : 251c19;
3237 : 45312d;
3238 : 231918;
3239 : 221615;
3240 : 824d41;
3241 : c99482;
3242 : f2bfa9;
3243 : f1c4af;
3244 : f1c1ae;
3245 : f2c5b2;
3246 : f3c6b3;
3247 : f3c9b7;
3248 : f5c9b6;
3249 : f5c9b5;
3250 : f4c4b1;
3251 : f1c1ab;
3252 : f1c0a9;
3253 : f0bda6;
3254 : ecb99f;
3255 : e6b097;
3256 : e1aa8f;
3257 : d9a387;
3258 : d29a7f;
3259 : cb9479;
3260 : c18b71;
3261 : b48069;
3262 : 764c3f;
3263 : 492b23;
3264 : 342421;
3265 : 37241f;
3266 : 2b2220;
3267 : 2e211f;
3268 : 241d1b;
3269 : 2d221e;
3270 : 2b201b;
3271 : 2e1e16;
3272 : e8e8e7;
3273 : ffffff;
3274 : ffffff;
3275 : ffffff;
3276 : ffffff;
3277 : ffffff;
3278 : ffffff;
3279 : ffffff;
3280 : ffffff;
3281 : ffffff;
3282 : ffffff;
3283 : ffffff;
3284 : ffffff;
3285 : ffffff;
3286 : ffffff;
3287 : ffffff;
3288 : ffffff;
3289 : ffffff;
3290 : ffffff;
3291 : ffffff;
3292 : ffffff;
3293 : ffffff;
3294 : ffffff;
3295 : ffffff;
3296 : ffffff;
3297 : ffffff;
3298 : ffffff;
3299 : ffffff;
3300 : ffffff;
3301 : ffffff;
3302 : ffffff;
3303 : ffffff;
3304 : ffffff;
3305 : ffffff;
3306 : ffffff;
3307 : ffffff;
3308 : ffffff;
3309 : ffffff;
3310 : ffffff;
3311 : ffffff;
3312 : ffffff;
3313 : ffffff;
3314 : ffffff;
3315 : ffffff;
3316 : ffffff;
3317 : ffffff;
3318 : ffffff;
3319 : ffffff;
3320 : ffffff;
3321 : ffffff;
3322 : ffffff;
3323 : ffffff;
3324 : ffffff;
3325 : c9c3c2;
3326 : 2b1810;
3327 : 47332b;
3328 : 241e1d;
3329 : 372720;
3330 : 342823;
3331 : 1b1714;
3332 : 2a201d;
3333 : 2f2a29;
3334 : 301f1b;
3335 : 3c2c27;
3336 : 321f1c;
3337 : 271f1e;
3338 : 1d100f;
3339 : 814738;
3340 : dfac95;
3341 : efc0a9;
3342 : ebbca6;
3343 : edbda8;
3344 : eebda9;
3345 : efbeab;
3346 : f1c0ad;
3347 : f1c4b1;
3348 : f1c3af;
3349 : f1c1ab;
3350 : efc0ab;
3351 : f0bea8;
3352 : f0bea8;
3353 : efbba3;
3354 : e9b59d;
3355 : e4ae95;
3356 : dea88d;
3357 : d8a386;
3358 : d0997d;
3359 : c99478;
3360 : c38b72;
3361 : bb876f;
3362 : 8b5c4c;
3363 : 663e32;
3364 : 332120;
3365 : 3e2a24;
3366 : 261e1b;
3367 : 31231f;
3368 : 221a17;
3369 : 2c221e;
3370 : 322420;
3371 : 2f1c15;
3372 : d6d7d6;
3373 : ffffff;
3374 : ffffff;
3375 : ffffff;
3376 : ffffff;
3377 : ffffff;
3378 : ffffff;
3379 : ffffff;
3380 : ffffff;
3381 : ffffff;
3382 : ffffff;
3383 : ffffff;
3384 : ffffff;
3385 : ffffff;
3386 : ffffff;
3387 : ffffff;
3388 : ffffff;
3389 : ffffff;
3390 : ffffff;
3391 : ffffff;
3392 : ffffff;
3393 : ffffff;
3394 : ffffff;
3395 : ffffff;
3396 : ffffff;
3397 : ffffff;
3398 : ffffff;
3399 : ffffff;
3400 : ffffff;
3401 : ffffff;
3402 : ffffff;
3403 : ffffff;
3404 : ffffff;
3405 : ffffff;
3406 : ffffff;
3407 : ffffff;
3408 : ffffff;
3409 : ffffff;
3410 : ffffff;
3411 : ffffff;
3412 : ffffff;
3413 : ffffff;
3414 : ffffff;
3415 : ffffff;
3416 : ffffff;
3417 : ffffff;
3418 : ffffff;
3419 : ffffff;
3420 : ffffff;
3421 : ffffff;
3422 : ffffff;
3423 : ffffff;
3424 : ffffff;
3425 : c8c5c2;
3426 : 2b1810;
3427 : 46312a;
3428 : 2a2321;
3429 : 372721;
3430 : 2d201e;
3431 : 1e1613;
3432 : 423433;
3433 : 282121;
3434 : 37221e;
3435 : 160f0e;
3436 : 201311;
3437 : 331715;
3438 : 996351;
3439 : dfaf98;
3440 : e8b9a3;
3441 : e9b8a2;
3442 : ecbca6;
3443 : ebbba5;
3444 : ecbba7;
3445 : eebea8;
3446 : ecbca6;
3447 : edbea8;
3448 : edbfaa;
3449 : ecbda7;
3450 : ecbca6;
3451 : edbca7;
3452 : ecbda5;
3453 : ebb79f;
3454 : e6af97;
3455 : dfa88e;
3456 : dba58a;
3457 : d59f83;
3458 : ce997d;
3459 : cb947a;
3460 : c79076;
3461 : bf8971;
3462 : 9f6d58;
3463 : 774c3e;
3464 : 3b231d;
3465 : 3e2a25;
3466 : 231916;
3467 : 291d1c;
3468 : 261c19;
3469 : 291f1d;
3470 : 3d2d27;
3471 : 2e1d16;
3472 : c8c6c5;
3473 : ffffff;
3474 : ffffff;
3475 : ffffff;
3476 : ffffff;
3477 : ffffff;
3478 : ffffff;
3479 : ffffff;
3480 : ffffff;
3481 : ffffff;
3482 : ffffff;
3483 : ffffff;
3484 : ffffff;
3485 : ffffff;
3486 : ffffff;
3487 : ffffff;
3488 : ffffff;
3489 : ffffff;
3490 : ffffff;
3491 : ffffff;
3492 : ffffff;
3493 : ffffff;
3494 : ffffff;
3495 : ffffff;
3496 : ffffff;
3497 : ffffff;
3498 : ffffff;
3499 : ffffff;
3500 : ffffff;
3501 : ffffff;
3502 : ffffff;
3503 : ffffff;
3504 : ffffff;
3505 : ffffff;
3506 : ffffff;
3507 : ffffff;
3508 : ffffff;
3509 : ffffff;
3510 : ffffff;
3511 : ffffff;
3512 : ffffff;
3513 : ffffff;
3514 : ffffff;
3515 : ffffff;
3516 : ffffff;
3517 : ffffff;
3518 : ffffff;
3519 : ffffff;
3520 : ffffff;
3521 : ffffff;
3522 : ffffff;
3523 : ffffff;
3524 : ffffff;
3525 : dad7d4;
3526 : 2f1d15;
3527 : 47322b;
3528 : 312725;
3529 : 43312b;
3530 : 261b17;
3531 : 3b2d2c;
3532 : 3e3232;
3533 : 312321;
3534 : 1e1210;
3535 : 6e4236;
3536 : 8b5748;
3537 : b7836d;
3538 : d3a588;
3539 : dbab93;
3540 : e5b49c;
3541 : e8b8a1;
3542 : e9b9a3;
3543 : eabaa4;
3544 : e9baa4;
3545 : ebbba5;
3546 : ebbca6;
3547 : eabda7;
3548 : eabca7;
3549 : e9bba4;
3550 : eabba4;
3551 : eabaa4;
3552 : e9b9a2;
3553 : e5b39d;
3554 : e1aa95;
3555 : d9a48b;
3556 : d8a289;
3557 : d39e85;
3558 : ce9b80;
3559 : cb967b;
3560 : c99177;
3561 : c08c73;
3562 : b47f66;
3563 : 7e5142;
3564 : 4e2f26;
3565 : 3b2722;
3566 : 2c1d1b;
3567 : 271c19;
3568 : 281e1c;
3569 : 221b18;
3570 : 352925;
3571 : 321f19;
3572 : bfbebc;
3573 : ffffff;
3574 : ffffff;
3575 : ffffff;
3576 : ffffff;
3577 : ffffff;
3578 : ffffff;
3579 : ffffff;
3580 : ffffff;
3581 : ffffff;
3582 : ffffff;
3583 : ffffff;
3584 : ffffff;
3585 : ffffff;
3586 : ffffff;
3587 : ffffff;
3588 : ffffff;
3589 : ffffff;
3590 : ffffff;
3591 : ffffff;
3592 : ffffff;
3593 : ffffff;
3594 : ffffff;
3595 : ffffff;
3596 : ffffff;
3597 : ffffff;
3598 : ffffff;
3599 : ffffff;
3600 : ffffff;
3601 : ffffff;
3602 : ffffff;
3603 : ffffff;
3604 : ffffff;
3605 : ffffff;
3606 : ffffff;
3607 : ffffff;
3608 : ffffff;
3609 : ffffff;
3610 : ffffff;
3611 : ffffff;
3612 : ffffff;
3613 : ffffff;
3614 : ffffff;
3615 : ffffff;
3616 : ffffff;
3617 : ffffff;
3618 : ffffff;
3619 : ffffff;
3620 : ffffff;
3621 : ffffff;
3622 : ffffff;
3623 : ffffff;
3624 : ffffff;
3625 : e8e6e4;
3626 : 291812;
3627 : 48332b;
3628 : 352824;
3629 : 49342e;
3630 : 322421;
3631 : 54413d;
3632 : 4f3835;
3633 : 3e2520;
3634 : 77473a;
3635 : c99b82;
3636 : c8987f;
3637 : d2a48c;
3638 : d4a38d;
3639 : d7a691;
3640 : deac97;
3641 : e5b39d;
3642 : e8b8a2;
3643 : e8b8a1;
3644 : e8b8a1;
3645 : e8b9a3;
3646 : e7b8a2;
3647 : e7baa4;
3648 : e6b8a2;
3649 : e8baa3;
3650 : e8b9a4;
3651 : e6b6a0;
3652 : e3b49e;
3653 : e0ad99;
3654 : dca893;
3655 : d8a592;
3656 : d7a591;
3657 : d4a28d;
3658 : cc9d84;
3659 : c8967d;
3660 : c79277;
3661 : c08d73;
3662 : b8846c;
3663 : 885947;
3664 : 5e3a2e;
3665 : 3a2420;
3666 : 39241f;
3667 : 221917;
3668 : 281d1b;
3669 : 251e1b;
3670 : 372a26;
3671 : 291915;
3672 : 9b9a98;
3673 : ffffff;
3674 : ffffff;
3675 : ffffff;
3676 : ffffff;
3677 : ffffff;
3678 : ffffff;
3679 : ffffff;
3680 : ffffff;
3681 : ffffff;
3682 : ffffff;
3683 : ffffff;
3684 : ffffff;
3685 : ffffff;
3686 : ffffff;
3687 : ffffff;
3688 : ffffff;
3689 : ffffff;
3690 : ffffff;
3691 : ffffff;
3692 : ffffff;
3693 : ffffff;
3694 : ffffff;
3695 : ffffff;
3696 : ffffff;
3697 : ffffff;
3698 : ffffff;
3699 : ffffff;
3700 : ffffff;
3701 : ffffff;
3702 : ffffff;
3703 : ffffff;
3704 : ffffff;
3705 : ffffff;
3706 : ffffff;
3707 : ffffff;
3708 : ffffff;
3709 : ffffff;
3710 : ffffff;
3711 : ffffff;
3712 : ffffff;
3713 : ffffff;
3714 : ffffff;
3715 : ffffff;
3716 : ffffff;
3717 : ffffff;
3718 : ffffff;
3719 : ffffff;
3720 : ffffff;
3721 : ffffff;
3722 : ffffff;
3723 : ffffff;
3724 : ffffff;
3725 : ffffff;
3726 : 322118;
3727 : 48362f;
3728 : 3c2923;
3729 : 46352f;
3730 : 4a3734;
3731 : 402b26;
3732 : 7d5646;
3733 : 6f4236;
3734 : c19279;
3735 : cea287;
3736 : c89d84;
3737 : c49a85;
3738 : c99e8a;
3739 : cc9f8c;
3740 : d8aa96;
3741 : e3b29d;
3742 : e7b8a2;
3743 : e6b69f;
3744 : e5b7a1;
3745 : e5b8a3;
3746 : e5b7a1;
3747 : e4b6a1;
3748 : e5b9a2;
3749 : e5b8a2;
3750 : e3b5a2;
3751 : e1b49f;
3752 : e0b29e;
3753 : e1b29e;
3754 : ddaf9b;
3755 : d0a28f;
3756 : c79b87;
3757 : be9180;
3758 : b28775;
3759 : b68976;
3760 : c5977f;
3761 : c08d72;
3762 : b6866d;
3763 : 8e5c49;
3764 : 8a5e4d;
3765 : 432a23;
3766 : 412a22;
3767 : 231917;
3768 : 291f1c;
3769 : 312623;
3770 : 342725;
3771 : 271b17;
3772 : 8e8a88;
3773 : ffffff;
3774 : ffffff;
3775 : ffffff;
3776 : ffffff;
3777 : ffffff;
3778 : ffffff;
3779 : ffffff;
3780 : ffffff;
3781 : ffffff;
3782 : ffffff;
3783 : ffffff;
3784 : ffffff;
3785 : ffffff;
3786 : ffffff;
3787 : ffffff;
3788 : ffffff;
3789 : ffffff;
3790 : ffffff;
3791 : ffffff;
3792 : ffffff;
3793 : ffffff;
3794 : ffffff;
3795 : ffffff;
3796 : ffffff;
3797 : ffffff;
3798 : ffffff;
3799 : ffffff;
3800 : ffffff;
3801 : ffffff;
3802 : ffffff;
3803 : ffffff;
3804 : ffffff;
3805 : ffffff;
3806 : ffffff;
3807 : ffffff;
3808 : ffffff;
3809 : ffffff;
3810 : ffffff;
3811 : ffffff;
3812 : ffffff;
3813 : ffffff;
3814 : ffffff;
3815 : ffffff;
3816 : ffffff;
3817 : ffffff;
3818 : ffffff;
3819 : ffffff;
3820 : ffffff;
3821 : ffffff;
3822 : ffffff;
3823 : ffffff;
3824 : ffffff;
3825 : ffffff;
3826 : 45352f;
3827 : 3c2e2a;
3828 : 432f27;
3829 : 3d2e2b;
3830 : 2c201d;
3831 : 593830;
3832 : a4745f;
3833 : ab7c68;
3834 : cea38a;
3835 : b38a75;
3836 : 966f62;
3837 : 986b5f;
3838 : 9c7065;
3839 : a6796c;
3840 : aa806f;
3841 : b98977;
3842 : c99883;
3843 : daaa96;
3844 : d9a894;
3845 : e1b29b;
3846 : e1b29e;
3847 : e2b39e;
3848 : e3b39f;
3849 : e4b6a1;
3850 : e2b39e;
3851 : daaa96;
3852 : d1a38f;
3853 : c39683;
3854 : b78a7a;
3855 : a97f6e;
3856 : 9d7167;
3857 : 996c61;
3858 : 916459;
3859 : 81554b;
3860 : 9a6e61;
3861 : b98d75;
3862 : b58770;
3863 : a7745d;
3864 : 946756;
3865 : 5e3d33;
3866 : 472e27;
3867 : 2d1f1b;
3868 : 1f1916;
3869 : 342a26;
3870 : 352927;
3871 : 1f1816;
3872 : 7b7472;
3873 : ffffff;
3874 : ffffff;
3875 : ffffff;
3876 : ffffff;
3877 : ffffff;
3878 : ffffff;
3879 : ffffff;
3880 : ffffff;
3881 : ffffff;
3882 : ffffff;
3883 : ffffff;
3884 : ffffff;
3885 : ffffff;
3886 : ffffff;
3887 : ffffff;
3888 : ffffff;
3889 : ffffff;
3890 : ffffff;
3891 : ffffff;
3892 : ffffff;
3893 : ffffff;
3894 : ffffff;
3895 : ffffff;
3896 : ffffff;
3897 : ffffff;
3898 : ffffff;
3899 : ffffff;
3900 : ffffff;
3901 : ffffff;
3902 : ffffff;
3903 : ffffff;
3904 : ffffff;
3905 : ffffff;
3906 : ffffff;
3907 : ffffff;
3908 : ffffff;
3909 : ffffff;
3910 : ffffff;
3911 : ffffff;
3912 : ffffff;
3913 : ffffff;
3914 : ffffff;
3915 : ffffff;
3916 : ffffff;
3917 : ffffff;
3918 : ffffff;
3919 : ffffff;
3920 : ffffff;
3921 : ffffff;
3922 : ffffff;
3923 : ffffff;
3924 : ffffff;
3925 : ffffff;
3926 : 51423b;
3927 : 443a37;
3928 : 433027;
3929 : 29221f;
3930 : 2e1c1a;
3931 : 8b6151;
3932 : b68c72;
3933 : c49b82;
3934 : ba937e;
3935 : 885b50;
3936 : 97695e;
3937 : b18577;
3938 : b98e80;
3939 : b18475;
3940 : af806d;
3941 : b38471;
3942 : bb8a75;
3943 : cfa18c;
3944 : d2a18d;
3945 : d8aa95;
3946 : e1b39e;
3947 : e2b49f;
3948 : e2b5a0;
3949 : e1b39f;
3950 : d9a994;
3951 : d3a590;
3952 : c69780;
3953 : b48471;
3954 : a77665;
3955 : a87969;
3956 : b28678;
3957 : ba9081;
3958 : b88c7b;
3959 : aa7c6f;
3960 : 8d5f53;
3961 : 916554;
3962 : b78e76;
3963 : b78a73;
3964 : 976855;
3965 : 734d41;
3966 : 5c3d32;
3967 : 352420;
3968 : 2b211e;
3969 : 3a2e2c;
3970 : 231917;
3971 : 060809;
3972 : 514843;
3973 : ffffff;
3974 : ffffff;
3975 : ffffff;
3976 : ffffff;
3977 : ffffff;
3978 : ffffff;
3979 : ffffff;
3980 : ffffff;
3981 : ffffff;
3982 : ffffff;
3983 : ffffff;
3984 : ffffff;
3985 : ffffff;
3986 : ffffff;
3987 : ffffff;
3988 : ffffff;
3989 : ffffff;
3990 : ffffff;
3991 : ffffff;
3992 : ffffff;
3993 : ffffff;
3994 : ffffff;
3995 : ffffff;
3996 : ffffff;
3997 : ffffff;
3998 : ffffff;
3999 : ffffff;
4000 : ffffff;
4001 : ffffff;
4002 : ffffff;
4003 : ffffff;
4004 : ffffff;
4005 : ffffff;
4006 : ffffff;
4007 : ffffff;
4008 : ffffff;
4009 : ffffff;
4010 : ffffff;
4011 : ffffff;
4012 : ffffff;
4013 : ffffff;
4014 : ffffff;
4015 : ffffff;
4016 : ffffff;
4017 : ffffff;
4018 : ffffff;
4019 : ffffff;
4020 : ffffff;
4021 : ffffff;
4022 : ffffff;
4023 : ffffff;
4024 : ffffff;
4025 : ffffff;
4026 : 7b665d;
4027 : 4f342b;
4028 : 493b36;
4029 : 251a18;
4030 : 634036;
4031 : b48a74;
4032 : c19d83;
4033 : cba28a;
4034 : c0967f;
4035 : c0957f;
4036 : cba090;
4037 : d3a796;
4038 : dfb19f;
4039 : e1b09f;
4040 : d5a592;
4041 : c5977f;
4042 : c2927a;
4043 : c7987f;
4044 : d0a38c;
4045 : d7a992;
4046 : dfb09c;
4047 : e1b29c;
4048 : ddae9b;
4049 : d7ac99;
4050 : d5a58f;
4051 : cb9d84;
4052 : c2957c;
4053 : bc8d76;
4054 : bf917b;
4055 : d3a694;
4056 : dfb3a1;
4057 : dcaf9d;
4058 : d2a493;
4059 : c59985;
4060 : b98d78;
4061 : af816d;
4062 : b28771;
4063 : bc937a;
4064 : ae836d;
4065 : 946552;
4066 : 5d3c31;
4067 : 402e28;
4068 : 322423;
4069 : 251c1a;
4070 : 472c25;
4071 : 553b32;
4072 : 2f2522;
4073 : ffffff;
4074 : ffffff;
4075 : ffffff;
4076 : ffffff;
4077 : ffffff;
4078 : ffffff;
4079 : ffffff;
4080 : ffffff;
4081 : ffffff;
4082 : ffffff;
4083 : ffffff;
4084 : ffffff;
4085 : ffffff;
4086 : ffffff;
4087 : ffffff;
4088 : ffffff;
4089 : ffffff;
4090 : ffffff;
4091 : ffffff;
4092 : ffffff;
4093 : ffffff;
4094 : ffffff;
4095 : ffffff;
4096 : ffffff;
4097 : ffffff;
4098 : ffffff;
4099 : ffffff;
4100 : ffffff;
4101 : ffffff;
4102 : ffffff;
4103 : ffffff;
4104 : ffffff;
4105 : ffffff;
4106 : ffffff;
4107 : ffffff;
4108 : ffffff;
4109 : ffffff;
4110 : ffffff;
4111 : ffffff;
4112 : ffffff;
4113 : ffffff;
4114 : ffffff;
4115 : ffffff;
4116 : ffffff;
4117 : ffffff;
4118 : ffffff;
4119 : ffffff;
4120 : ffffff;
4121 : ffffff;
4122 : ffffff;
4123 : ffffff;
4124 : ffffff;
4125 : ffffff;
4126 : ddbeac;
4127 : d3a68e;
4128 : 57433e;
4129 : 3a2720;
4130 : 916c5b;
4131 : c89e87;
4132 : cea38c;
4133 : cba28b;
4134 : c89e86;
4135 : d3a68f;
4136 : d8a994;
4137 : e0ae9a;
4138 : e3b09f;
4139 : e4b4a5;
4140 : e3b3a2;
4141 : d6a493;
4142 : cd9d88;
4143 : c79a82;
4144 : c7997f;
4145 : d3a68e;
4146 : dcac97;
4147 : ddad97;
4148 : d7ab97;
4149 : cda592;
4150 : cda089;
4151 : c4967c;
4152 : c3977e;
4153 : ca9b85;
4154 : d2a08c;
4155 : e3b3a0;
4156 : e6b7a5;
4157 : e2b09e;
4158 : d9a794;
4159 : d0a08a;
4160 : c4977f;
4161 : b78a74;
4162 : b48b74;
4163 : c19980;
4164 : bc9279;
4165 : b3856f;
4166 : 694539;
4167 : 4c332a;
4168 : 2a1d19;
4169 : 66423a;
4170 : cb957f;
4171 : d29e83;
4172 : 462d24;
4173 : fdfdfd;
4174 : ffffff;
4175 : ffffff;
4176 : ffffff;
4177 : ffffff;
4178 : ffffff;
4179 : ffffff;
4180 : ffffff;
4181 : ffffff;
4182 : ffffff;
4183 : ffffff;
4184 : ffffff;
4185 : ffffff;
4186 : ffffff;
4187 : ffffff;
4188 : ffffff;
4189 : ffffff;
4190 : ffffff;
4191 : ffffff;
4192 : ffffff;
4193 : ffffff;
4194 : ffffff;
4195 : ffffff;
4196 : ffffff;
4197 : ffffff;
4198 : ffffff;
4199 : ffffff;
4200 : ffffff;
4201 : ffffff;
4202 : ffffff;
4203 : ffffff;
4204 : ffffff;
4205 : ffffff;
4206 : ffffff;
4207 : ffffff;
4208 : ffffff;
4209 : ffffff;
4210 : ffffff;
4211 : ffffff;
4212 : ffffff;
4213 : ffffff;
4214 : ffffff;
4215 : ffffff;
4216 : ffffff;
4217 : ffffff;
4218 : ffffff;
4219 : ffffff;
4220 : ffffff;
4221 : ffffff;
4222 : ffffff;
4223 : ffffff;
4224 : ffffff;
4225 : ffffff;
4226 : d5b7a3;
4227 : b88367;
4228 : b98e79;
4229 : 573a2f;
4230 : aa8672;
4231 : d0a791;
4232 : d1a68f;
4233 : d2a891;
4234 : cb9f86;
4235 : d2a28a;
4236 : d8a992;
4237 : e0af98;
4238 : ce9e87;
4239 : b18a7a;
4240 : b18877;
4241 : d8a58f;
4242 : d3a18a;
4243 : cf9f8b;
4244 : cb9c82;
4245 : d2a189;
4246 : d9aa95;
4247 : ddaf9a;
4248 : d6a996;
4249 : c79e8c;
4250 : c69b80;
4251 : c5987d;
4252 : c99c87;
4253 : cfa18a;
4254 : d7a891;
4255 : ae8978;
4256 : a07d6e;
4257 : a67d6c;
4258 : cc9a85;
4259 : ca9c84;
4260 : bf8f78;
4261 : b88a72;
4262 : bb9179;
4263 : c59d84;
4264 : c2987e;
4265 : bb9078;
4266 : 865e50;
4267 : 573d32;
4268 : 573a30;
4269 : 9f6b5b;
4270 : 996957;
4271 : a5705e;
4272 : 452920;
4273 : f2f3f2;
4274 : ffffff;
4275 : ffffff;
4276 : ffffff;
4277 : ffffff;
4278 : ffffff;
4279 : ffffff;
4280 : ffffff;
4281 : ffffff;
4282 : ffffff;
4283 : ffffff;
4284 : ffffff;
4285 : ffffff;
4286 : ffffff;
4287 : ffffff;
4288 : ffffff;
4289 : ffffff;
4290 : ffffff;
4291 : ffffff;
4292 : ffffff;
4293 : ffffff;
4294 : ffffff;
4295 : ffffff;
4296 : ffffff;
4297 : ffffff;
4298 : ffffff;
4299 : ffffff;
4300 : ffffff;
4301 : ffffff;
4302 : ffffff;
4303 : ffffff;
4304 : ffffff;
4305 : ffffff;
4306 : ffffff;
4307 : ffffff;
4308 : ffffff;
4309 : ffffff;
4310 : ffffff;
4311 : ffffff;
4312 : ffffff;
4313 : ffffff;
4314 : ffffff;
4315 : ffffff;
4316 : ffffff;
4317 : ffffff;
4318 : ffffff;
4319 : ffffff;
4320 : ffffff;
4321 : ffffff;
4322 : ffffff;
4323 : ffffff;
4324 : ffffff;
4325 : ffffff;
4326 : e7d3c4;
4327 : 994f3c;
4328 : b2876f;
4329 : 956c5a;
4330 : ae8b78;
4331 : d6ae98;
4332 : d8ab94;
4333 : d6ab94;
4334 : d2a68e;
4335 : cc9d82;
4336 : b27861;
4337 : 61352f;
4338 : 534e54;
4339 : 0b0504;
4340 : 37383c;
4341 : 060303;
4342 : 8f6353;
4343 : d4a18b;
4344 : cc9d87;
4345 : d3a185;
4346 : ddac95;
4347 : e3b8a4;
4348 : dcb2a1;
4349 : d2a390;
4350 : c8997d;
4351 : c5977e;
4352 : cf9f89;
4353 : 9f7460;
4354 : 100807;
4355 : 293034;
4356 : 010000;
4357 : 524f56;
4358 : 4d2f30;
4359 : 9e6354;
4360 : b8826f;
4361 : c09379;
4362 : ca9f87;
4363 : cb9f89;
4364 : c79c83;
4365 : bc9178;
4366 : 926a5b;
4367 : 755143;
4368 : 875b49;
4369 : 9e715f;
4370 : 8d5a4d;
4371 : b48070;
4372 : 2e1710;
4373 : e9e9e8;
4374 : ffffff;
4375 : ffffff;
4376 : ffffff;
4377 : ffffff;
4378 : ffffff;
4379 : ffffff;
4380 : ffffff;
4381 : ffffff;
4382 : ffffff;
4383 : ffffff;
4384 : ffffff;
4385 : ffffff;
4386 : ffffff;
4387 : ffffff;
4388 : ffffff;
4389 : ffffff;
4390 : ffffff;
4391 : ffffff;
4392 : ffffff;
4393 : ffffff;
4394 : ffffff;
4395 : ffffff;
4396 : ffffff;
4397 : ffffff;
4398 : ffffff;
4399 : ffffff;
4400 : ffffff;
4401 : ffffff;
4402 : ffffff;
4403 : ffffff;
4404 : ffffff;
4405 : ffffff;
4406 : ffffff;
4407 : ffffff;
4408 : ffffff;
4409 : ffffff;
4410 : ffffff;
4411 : ffffff;
4412 : ffffff;
4413 : ffffff;
4414 : ffffff;
4415 : ffffff;
4416 : ffffff;
4417 : ffffff;
4418 : ffffff;
4419 : ffffff;
4420 : ffffff;
4421 : ffffff;
4422 : ffffff;
4423 : ffffff;
4424 : ffffff;
4425 : ffffff;
4426 : eee3dc;
4427 : be7f6a;
4428 : c09c84;
4429 : aa816a;
4430 : b38f7d;
4431 : d9b09c;
4432 : ddb199;
4433 : ddb299;
4434 : dbad94;
4435 : d2a086;
4436 : c5907f;
4437 : bb827a;
4438 : ccb6be;
4439 : 332020;
4440 : 3d302e;
4441 : 2c1615;
4442 : 868897;
4443 : c18f7a;
4444 : d6a490;
4445 : d6a38a;
4446 : e3b096;
4447 : eabfab;
4448 : e8bcaa;
4449 : d7a691;
4450 : cb9a81;
4451 : d2a28d;
4452 : c7957f;
4453 : 93909f;
4454 : 433033;
4455 : 4c4345;
4456 : 2c1413;
4457 : bda7af;
4458 : c28880;
4459 : c28c7d;
4460 : cd9884;
4461 : d3a58e;
4462 : d5a891;
4463 : d0a38a;
4464 : c89c83;
4465 : bf947c;
4466 : 92695b;
4467 : 8b5e4c;
4468 : a07563;
4469 : ab8371;
4470 : 9b6a5a;
4471 : a47666;
4472 : 1e100c;
4473 : ececed;
4474 : ffffff;
4475 : ffffff;
4476 : ffffff;
4477 : ffffff;
4478 : ffffff;
4479 : ffffff;
4480 : ffffff;
4481 : ffffff;
4482 : ffffff;
4483 : ffffff;
4484 : ffffff;
4485 : ffffff;
4486 : ffffff;
4487 : ffffff;
4488 : ffffff;
4489 : ffffff;
4490 : ffffff;
4491 : ffffff;
4492 : ffffff;
4493 : ffffff;
4494 : ffffff;
4495 : ffffff;
4496 : ffffff;
4497 : ffffff;
4498 : ffffff;
4499 : ffffff;
4500 : ffffff;
4501 : ffffff;
4502 : ffffff;
4503 : ffffff;
4504 : ffffff;
4505 : ffffff;
4506 : ffffff;
4507 : ffffff;
4508 : ffffff;
4509 : ffffff;
4510 : ffffff;
4511 : ffffff;
4512 : ffffff;
4513 : ffffff;
4514 : ffffff;
4515 : ffffff;
4516 : ffffff;
4517 : ffffff;
4518 : ffffff;
4519 : ffffff;
4520 : ffffff;
4521 : ffffff;
4522 : ffffff;
4523 : ffffff;
4524 : ffffff;
4525 : ffffff;
4526 : f2f4f6;
4527 : c89179;
4528 : cda088;
4529 : ac7b66;
4530 : b38d7b;
4531 : dbb49f;
4532 : deb39b;
4533 : e2b69b;
4534 : e4b89c;
4535 : e3b59a;
4536 : e9b89e;
4537 : ebb5a3;
4538 : e9b7ac;
4539 : d0a6a4;
4540 : ab837f;
4541 : bc928c;
4542 : cea89f;
4543 : d5a38a;
4544 : e0b19e;
4545 : dcaa92;
4546 : e8b498;
4547 : efc5b3;
4548 : ebc2b4;
4549 : daa691;
4550 : d2a086;
4551 : dbae9a;
4552 : d7a68b;
4553 : d0a497;
4554 : d7b3b1;
4555 : b9918e;
4556 : dbb0ae;
4557 : e6b5a9;
4558 : e2aa97;
4559 : e2ab95;
4560 : e4b29a;
4561 : e0b298;
4562 : d8aa91;
4563 : d2a48c;
4564 : c89c83;
4565 : c09a82;
4566 : 916b5b;
4567 : 85584c;
4568 : 986556;
4569 : bc9782;
4570 : c69681;
4571 : 5a3f38;
4572 : 2b1b17;
4573 : f5f7f7;
4574 : ffffff;
4575 : ffffff;
4576 : ffffff;
4577 : ffffff;
4578 : ffffff;
4579 : ffffff;
4580 : ffffff;
4581 : ffffff;
4582 : ffffff;
4583 : ffffff;
4584 : ffffff;
4585 : ffffff;
4586 : ffffff;
4587 : ffffff;
4588 : ffffff;
4589 : ffffff;
4590 : ffffff;
4591 : ffffff;
4592 : ffffff;
4593 : ffffff;
4594 : ffffff;
4595 : ffffff;
4596 : ffffff;
4597 : ffffff;
4598 : ffffff;
4599 : ffffff;
4600 : ffffff;
4601 : ffffff;
4602 : ffffff;
4603 : ffffff;
4604 : ffffff;
4605 : ffffff;
4606 : ffffff;
4607 : ffffff;
4608 : ffffff;
4609 : ffffff;
4610 : ffffff;
4611 : ffffff;
4612 : ffffff;
4613 : ffffff;
4614 : ffffff;
4615 : ffffff;
4616 : ffffff;
4617 : ffffff;
4618 : ffffff;
4619 : ffffff;
4620 : ffffff;
4621 : ffffff;
4622 : ffffff;
4623 : ffffff;
4624 : ffffff;
4625 : ffffff;
4626 : ffffff;
4627 : 9f8578;
4628 : dbae96;
4629 : b98977;
4630 : ae8776;
4631 : dbb6a2;
4632 : deb49c;
4633 : e3b79b;
4634 : e5b99b;
4635 : e3b49a;
4636 : e5b7a0;
4637 : eab9a3;
4638 : ebbaa7;
4639 : edbfb2;
4640 : edbcb0;
4641 : ecbdb0;
4642 : edbcad;
4643 : eec4b3;
4644 : e3b7a1;
4645 : e6b39c;
4646 : eeb89b;
4647 : f0c4b7;
4648 : efc7ba;
4649 : e4ae96;
4650 : dda88e;
4651 : ddaf9c;
4652 : eec2af;
4653 : ebbba9;
4654 : e8b5a8;
4655 : edbcaf;
4656 : ebbbac;
4657 : e6b3a1;
4658 : e5af9d;
4659 : e6b29e;
4660 : e4b39c;
4661 : dfae94;
4662 : d9aa8f;
4663 : d3a58c;
4664 : c89c84;
4665 : c09c88;
4666 : 8c6656;
4667 : 997065;
4668 : ab7c70;
4669 : c19886;
4670 : cf9d8a;
4671 : 120a0b;
4672 : 43322e;
4673 : ffffff;
4674 : ffffff;
4675 : ffffff;
4676 : ffffff;
4677 : ffffff;
4678 : ffffff;
4679 : ffffff;
4680 : ffffff;
4681 : ffffff;
4682 : ffffff;
4683 : ffffff;
4684 : ffffff;
4685 : ffffff;
4686 : ffffff;
4687 : ffffff;
4688 : ffffff;
4689 : ffffff;
4690 : ffffff;
4691 : ffffff;
4692 : ffffff;
4693 : ffffff;
4694 : ffffff;
4695 : ffffff;
4696 : ffffff;
4697 : ffffff;
4698 : ffffff;
4699 : ffffff;
4700 : ffffff;
4701 : ffffff;
4702 : ffffff;
4703 : ffffff;
4704 : ffffff;
4705 : ffffff;
4706 : ffffff;
4707 : ffffff;
4708 : ffffff;
4709 : ffffff;
4710 : ffffff;
4711 : ffffff;
4712 : ffffff;
4713 : ffffff;
4714 : ffffff;
4715 : ffffff;
4716 : ffffff;
4717 : ffffff;
4718 : ffffff;
4719 : ffffff;
4720 : ffffff;
4721 : ffffff;
4722 : ffffff;
4723 : ffffff;
4724 : ffffff;
4725 : ffffff;
4726 : ffffff;
4727 : aaa6a5;
4728 : d3a28d;
4729 : d3a792;
4730 : b18878;
4731 : d8b6a3;
4732 : dfb69d;
4733 : e3b69b;
4734 : e6ba9c;
4735 : e6b89e;
4736 : e5b9a3;
4737 : e7b9a3;
4738 : e5b4a2;
4739 : e7b7a6;
4740 : eabaaa;
4741 : eebeb0;
4742 : f2c9b9;
4743 : f1c6b3;
4744 : e9bba4;
4745 : eeb79c;
4746 : f1b99d;
4747 : f3cabc;
4748 : f2c9be;
4749 : e7b29a;
4750 : e5aa92;
4751 : e5b19b;
4752 : edc2ae;
4753 : f0c5b6;
4754 : efc2b3;
4755 : ecbbae;
4756 : ecb8a9;
4757 : ecb9a8;
4758 : edbaa8;
4759 : ebbca3;
4760 : e4b39c;
4761 : dfac94;
4762 : daab91;
4763 : d2a58c;
4764 : c79c84;
4765 : bc9c8a;
4766 : 8c6555;
4767 : a98072;
4768 : b68778;
4769 : d2a997;
4770 : 957163;
4771 : 171111;
4772 : 4c3e3a;
4773 : ffffff;
4774 : ffffff;
4775 : ffffff;
4776 : ffffff;
4777 : ffffff;
4778 : ffffff;
4779 : ffffff;
4780 : ffffff;
4781 : ffffff;
4782 : ffffff;
4783 : ffffff;
4784 : ffffff;
4785 : ffffff;
4786 : ffffff;
4787 : ffffff;
4788 : ffffff;
4789 : ffffff;
4790 : ffffff;
4791 : ffffff;
4792 : ffffff;
4793 : ffffff;
4794 : ffffff;
4795 : ffffff;
4796 : ffffff;
4797 : ffffff;
4798 : ffffff;
4799 : ffffff;
4800 : ffffff;
4801 : ffffff;
4802 : ffffff;
4803 : ffffff;
4804 : ffffff;
4805 : ffffff;
4806 : ffffff;
4807 : ffffff;
4808 : ffffff;
4809 : ffffff;
4810 : ffffff;
4811 : ffffff;
4812 : ffffff;
4813 : ffffff;
4814 : ffffff;
4815 : ffffff;
4816 : ffffff;
4817 : ffffff;
4818 : ffffff;
4819 : ffffff;
4820 : ffffff;
4821 : ffffff;
4822 : ffffff;
4823 : ffffff;
4824 : ffffff;
4825 : ffffff;
4826 : ffffff;
4827 : e0e2e3;
4828 : 997260;
4829 : e5baa4;
4830 : b98a76;
4831 : d5b5a4;
4832 : deb49d;
4833 : e4b89d;
4834 : e7ba9f;
4835 : eabca0;
4836 : ecbea6;
4837 : edc0ac;
4838 : efc4b2;
4839 : f0c8b7;
4840 : f2cbbb;
4841 : f5cdbc;
4842 : f5ccba;
4843 : f2c5b0;
4844 : eebba3;
4845 : f1b99b;
4846 : f1bca1;
4847 : f4cabb;
4848 : f3c8bd;
4849 : e9b7a0;
4850 : e8af96;
4851 : e9b198;
4852 : efc0a6;
4853 : f2c9b2;
4854 : f3cab8;
4855 : f3c8ba;
4856 : f3c6b7;
4857 : f1c3b5;
4858 : f2c4b1;
4859 : ecbda4;
4860 : e4b59a;
4861 : e1ab93;
4862 : dbac94;
4863 : d2a48c;
4864 : c69e88;
4865 : b59686;
4866 : 8d6250;
4867 : 9e6961;
4868 : c49485;
4869 : ddae9a;
4870 : 513b37;
4871 : 241818;
4872 : 5a4d4b;
4873 : ffffff;
4874 : ffffff;
4875 : ffffff;
4876 : ffffff;
4877 : ffffff;
4878 : ffffff;
4879 : ffffff;
4880 : ffffff;
4881 : ffffff;
4882 : ffffff;
4883 : ffffff;
4884 : ffffff;
4885 : ffffff;
4886 : ffffff;
4887 : ffffff;
4888 : ffffff;
4889 : ffffff;
4890 : ffffff;
4891 : ffffff;
4892 : ffffff;
4893 : ffffff;
4894 : ffffff;
4895 : ffffff;
4896 : ffffff;
4897 : ffffff;
4898 : ffffff;
4899 : ffffff;
4900 : ffffff;
4901 : ffffff;
4902 : ffffff;
4903 : ffffff;
4904 : ffffff;
4905 : ffffff;
4906 : ffffff;
4907 : ffffff;
4908 : ffffff;
4909 : ffffff;
4910 : ffffff;
4911 : ffffff;
4912 : ffffff;
4913 : ffffff;
4914 : ffffff;
4915 : ffffff;
4916 : ffffff;
4917 : ffffff;
4918 : ffffff;
4919 : ffffff;
4920 : ffffff;
4921 : ffffff;
4922 : ffffff;
4923 : ffffff;
4924 : ffffff;
4925 : ffffff;
4926 : ffffff;
4927 : ffffff;
4928 : 563c32;
4929 : eebea4;
4930 : c79a83;
4931 : ccad9b;
4932 : deb69e;
4933 : e4b99f;
4934 : e8bba0;
4935 : edbea2;
4936 : f2c2aa;
4937 : f4c9b3;
4938 : f5cdbb;
4939 : f6d2c1;
4940 : f8d2c2;
4941 : f8d1be;
4942 : f6ccba;
4943 : f3c4ac;
4944 : eeb9a0;
4945 : f0bc9c;
4946 : f2bb9f;
4947 : f4c7b6;
4948 : f2c5b5;
4949 : ecb9a3;
4950 : e7b29a;
4951 : e8b097;
4952 : efbca2;
4953 : f4c8b3;
4954 : f7cebb;
4955 : f7d0c0;
4956 : f8d0bf;
4957 : f5cbba;
4958 : f3c6b1;
4959 : efbfa6;
4960 : e8b69b;
4961 : e3b199;
4962 : dbac93;
4963 : d0a38b;
4964 : c6a08d;
4965 : a68778;
4966 : 8d5446;
4967 : b58a76;
4968 : cb9c87;
4969 : c19382;
4970 : 1d1819;
4971 : 241817;
4972 : 6c615f;
4973 : ffffff;
4974 : ffffff;
4975 : ffffff;
4976 : ffffff;
4977 : ffffff;
4978 : ffffff;
4979 : ffffff;
4980 : ffffff;
4981 : ffffff;
4982 : ffffff;
4983 : ffffff;
4984 : ffffff;
4985 : ffffff;
4986 : ffffff;
4987 : ffffff;
4988 : ffffff;
4989 : ffffff;
4990 : ffffff;
4991 : ffffff;
4992 : ffffff;
4993 : ffffff;
4994 : ffffff;
4995 : ffffff;
4996 : ffffff;
4997 : ffffff;
4998 : ffffff;
4999 : ffffff;
5000 : ffffff;
5001 : ffffff;
5002 : ffffff;
5003 : ffffff;
5004 : ffffff;
5005 : ffffff;
5006 : ffffff;
5007 : ffffff;
5008 : ffffff;
5009 : ffffff;
5010 : ffffff;
5011 : ffffff;
5012 : ffffff;
5013 : ffffff;
5014 : ffffff;
5015 : ffffff;
5016 : ffffff;
5017 : ffffff;
5018 : ffffff;
5019 : ffffff;
5020 : ffffff;
5021 : ffffff;
5022 : ffffff;
5023 : ffffff;
5024 : ffffff;
5025 : ffffff;
5026 : ffffff;
5027 : ffffff;
5028 : 6f635d;
5029 : a58475;
5030 : d8ac95;
5031 : d2b1a0;
5032 : dcb59e;
5033 : e4b99f;
5034 : eabda1;
5035 : f0c2a7;
5036 : f5c7ae;
5037 : f7ccb7;
5038 : fad4c1;
5039 : fbd5c6;
5040 : fad6c6;
5041 : f9d1bf;
5042 : f6ccb9;
5043 : f2c1a8;
5044 : e9b598;
5045 : ebb698;
5046 : f2bfa3;
5047 : f7cbb7;
5048 : f4c5b3;
5049 : eebaa1;
5050 : e7b29a;
5051 : e4ae93;
5052 : ebb99e;
5053 : f4c7b2;
5054 : f9d1c0;
5055 : fad5c5;
5056 : fad3c2;
5057 : f9cfbc;
5058 : f6c9b0;
5059 : f2c1a8;
5060 : ebb89f;
5061 : e3b39b;
5062 : daaa92;
5063 : cea087;
5064 : c3a08e;
5065 : 9e7969;
5066 : b58771;
5067 : b58d79;
5068 : dbac94;
5069 : 281c19;
5070 : 2c2728;
5071 : 1f120f;
5072 : 958e8d;
5073 : ffffff;
5074 : ffffff;
5075 : ffffff;
5076 : ffffff;
5077 : ffffff;
5078 : ffffff;
5079 : ffffff;
5080 : ffffff;
5081 : ffffff;
5082 : ffffff;
5083 : ffffff;
5084 : ffffff;
5085 : ffffff;
5086 : ffffff;
5087 : ffffff;
5088 : ffffff;
5089 : ffffff;
5090 : ffffff;
5091 : ffffff;
5092 : ffffff;
5093 : ffffff;
5094 : ffffff;
5095 : ffffff;
5096 : ffffff;
5097 : ffffff;
5098 : ffffff;
5099 : ffffff;
5100 : ffffff;
5101 : ffffff;
5102 : ffffff;
5103 : ffffff;
5104 : ffffff;
5105 : ffffff;
5106 : ffffff;
5107 : ffffff;
5108 : ffffff;
5109 : ffffff;
5110 : ffffff;
5111 : ffffff;
5112 : ffffff;
5113 : ffffff;
5114 : ffffff;
5115 : ffffff;
5116 : ffffff;
5117 : ffffff;
5118 : ffffff;
5119 : ffffff;
5120 : ffffff;
5121 : ffffff;
5122 : ffffff;
5123 : ffffff;
5124 : ffffff;
5125 : ffffff;
5126 : ffffff;
5127 : ffffff;
5128 : d6d2d0;
5129 : 331e18;
5130 : d4af9c;
5131 : d2b1a0;
5132 : dbb59f;
5133 : e3b79e;
5134 : eabba2;
5135 : f1c2a9;
5136 : f6c7b0;
5137 : faccb6;
5138 : fcd2bf;
5139 : fcd6c6;
5140 : fcd7c8;
5141 : fad3c1;
5142 : f6cab6;
5143 : ebbca5;
5144 : e1ae91;
5145 : e7b296;
5146 : f3c0a6;
5147 : f8cfbc;
5148 : f6c6b2;
5149 : efbca2;
5150 : e3ab94;
5151 : dba287;
5152 : e5b39c;
5153 : f3c4ae;
5154 : f9d0bf;
5155 : fad4c4;
5156 : fad5c6;
5157 : facfbb;
5158 : f7c9b2;
5159 : f4c2a9;
5160 : ecb99f;
5161 : e2b199;
5162 : d7a68f;
5163 : cc9f89;
5164 : bf9e8e;
5165 : a47d6a;
5166 : b38873;
5167 : c49a80;
5168 : 3c2c28;
5169 : 211d1e;
5170 : 2f2828;
5171 : 2c1f1d;
5172 : ccc9c9;
5173 : ffffff;
5174 : ffffff;
5175 : ffffff;
5176 : ffffff;
5177 : ffffff;
5178 : ffffff;
5179 : ffffff;
5180 : ffffff;
5181 : ffffff;
5182 : ffffff;
5183 : ffffff;
5184 : ffffff;
5185 : ffffff;
5186 : ffffff;
5187 : ffffff;
5188 : ffffff;
5189 : ffffff;
5190 : ffffff;
5191 : ffffff;
5192 : ffffff;
5193 : ffffff;
5194 : ffffff;
5195 : ffffff;
5196 : ffffff;
5197 : ffffff;
5198 : ffffff;
5199 : ffffff;
5200 : ffffff;
5201 : ffffff;
5202 : ffffff;
5203 : ffffff;
5204 : ffffff;
5205 : ffffff;
5206 : ffffff;
5207 : ffffff;
5208 : ffffff;
5209 : ffffff;
5210 : ffffff;
5211 : ffffff;
5212 : ffffff;
5213 : ffffff;
5214 : ffffff;
5215 : ffffff;
5216 : ffffff;
5217 : ffffff;
5218 : ffffff;
5219 : ffffff;
5220 : ffffff;
5221 : ffffff;
5222 : ffffff;
5223 : ffffff;
5224 : ffffff;
5225 : ffffff;
5226 : ffffff;
5227 : ffffff;
5228 : ffffff;
5229 : 543c33;
5230 : 796158;
5231 : e4bfab;
5232 : d8b4a0;
5233 : e1b39b;
5234 : e9bba1;
5235 : f0c0a9;
5236 : f6c9b2;
5237 : faccb8;
5238 : fcd1be;
5239 : fdd3c4;
5240 : fcd6c5;
5241 : fbd0bc;
5242 : f5c7b3;
5243 : e3b19a;
5244 : e2a78a;
5245 : e8ad93;
5246 : f3bda4;
5247 : f9cfbf;
5248 : f5caba;
5249 : eeb69d;
5250 : e2a58b;
5251 : dca188;
5252 : d8a287;
5253 : eec1ab;
5254 : f7cdb8;
5255 : fad2c3;
5256 : fbd0c1;
5257 : f9ceba;
5258 : f7c6b0;
5259 : f3bfa9;
5260 : ebbaa1;
5261 : e1b09a;
5262 : d4a58e;
5263 : ca9e89;
5264 : ba9b8a;
5265 : b98e77;
5266 : c8957c;
5267 : 3c2c26;
5268 : 191617;
5269 : 322b2b;
5270 : 292120;
5271 : 332320;
5272 : f8f9f9;
5273 : ffffff;
5274 : ffffff;
5275 : ffffff;
5276 : ffffff;
5277 : ffffff;
5278 : ffffff;
5279 : ffffff;
5280 : ffffff;
5281 : ffffff;
5282 : ffffff;
5283 : ffffff;
5284 : ffffff;
5285 : ffffff;
5286 : ffffff;
5287 : ffffff;
5288 : ffffff;
5289 : ffffff;
5290 : ffffff;
5291 : ffffff;
5292 : ffffff;
5293 : ffffff;
5294 : ffffff;
5295 : ffffff;
5296 : ffffff;
5297 : ffffff;
5298 : ffffff;
5299 : ffffff;
5300 : ffffff;
5301 : ffffff;
5302 : ffffff;
5303 : ffffff;
5304 : ffffff;
5305 : ffffff;
5306 : ffffff;
5307 : ffffff;
5308 : ffffff;
5309 : ffffff;
5310 : ffffff;
5311 : ffffff;
5312 : ffffff;
5313 : ffffff;
5314 : ffffff;
5315 : ffffff;
5316 : ffffff;
5317 : ffffff;
5318 : ffffff;
5319 : ffffff;
5320 : ffffff;
5321 : ffffff;
5322 : ffffff;
5323 : ffffff;
5324 : ffffff;
5325 : ffffff;
5326 : ffffff;
5327 : ffffff;
5328 : ffffff;
5329 : b6a9a4;
5330 : 341c12;
5331 : 99796e;
5332 : ddbba8;
5333 : deb29a;
5334 : e9b9a1;
5335 : f0bfa7;
5336 : f4c6b1;
5337 : f8c9b4;
5338 : facdbc;
5339 : fbd0bf;
5340 : fbd2c0;
5341 : f7ccb8;
5342 : f0c4ae;
5343 : e1aa8f;
5344 : f7c6ad;
5345 : f2bfa8;
5346 : edb89c;
5347 : f3c0ab;
5348 : f1bfa9;
5349 : e9b29a;
5350 : efbea5;
5351 : f4c4b1;
5352 : dfa58d;
5353 : dfaf95;
5354 : f4c8b3;
5355 : f7cfba;
5356 : fad0bf;
5357 : f8cbb7;
5358 : f6c5b0;
5359 : f1bea8;
5360 : e9b69f;
5361 : deac98;
5362 : d0a08b;
5363 : c89e8a;
5364 : c4a08d;
5365 : 4a342c;
5366 : 1d1310;
5367 : 1d191a;
5368 : 2a2524;
5369 : 342d2e;
5370 : 1b1413;
5371 : 60514f;
5372 : ffffff;
5373 : ffffff;
5374 : ffffff;
5375 : ffffff;
5376 : ffffff;
5377 : ffffff;
5378 : ffffff;
5379 : ffffff;
5380 : ffffff;
5381 : ffffff;
5382 : ffffff;
5383 : ffffff;
5384 : ffffff;
5385 : ffffff;
5386 : ffffff;
5387 : ffffff;
5388 : ffffff;
5389 : ffffff;
5390 : ffffff;
5391 : ffffff;
5392 : ffffff;
5393 : ffffff;
5394 : ffffff;
5395 : ffffff;
5396 : ffffff;
5397 : ffffff;
5398 : ffffff;
5399 : ffffff;
5400 : ffffff;
5401 : ffffff;
5402 : ffffff;
5403 : ffffff;
5404 : ffffff;
5405 : ffffff;
5406 : ffffff;
5407 : ffffff;
5408 : ffffff;
5409 : ffffff;
5410 : ffffff;
5411 : ffffff;
5412 : ffffff;
5413 : ffffff;
5414 : ffffff;
5415 : ffffff;
5416 : ffffff;
5417 : ffffff;
5418 : ffffff;
5419 : ffffff;
5420 : ffffff;
5421 : ffffff;
5422 : ffffff;
5423 : ffffff;
5424 : ffffff;
5425 : ffffff;
5426 : ffffff;
5427 : ffffff;
5428 : ffffff;
5429 : ffffff;
5430 : 614d40;
5431 : 2e1c18;
5432 : e9c7b4;
5433 : dbae98;
5434 : e4b49d;
5435 : ecbda6;
5436 : f1c0a9;
5437 : f5c2ac;
5438 : f8c9b4;
5439 : f8cdba;
5440 : f7cbb7;
5441 : f2c4b0;
5442 : ebbea9;
5443 : dda98f;
5444 : e1aa95;
5445 : d9a593;
5446 : e3ad99;
5447 : e4ab9a;
5448 : e3b19d;
5449 : dfac97;
5450 : c99a89;
5451 : b97d6e;
5452 : d7a289;
5453 : d09b83;
5454 : efc2ab;
5455 : f4c7b3;
5456 : f7cbb7;
5457 : f5c6b3;
5458 : f2beaa;
5459 : ecbaa3;
5460 : e4b49d;
5461 : d7a691;
5462 : cb9c86;
5463 : c59d88;
5464 : c59e8b;
5465 : 1c1613;
5466 : 1e1b1a;
5467 : 2b2322;
5468 : 31292a;
5469 : 2c2322;
5470 : 18100d;
5471 : b1a7a5;
5472 : ffffff;
5473 : ffffff;
5474 : ffffff;
5475 : ffffff;
5476 : ffffff;
5477 : ffffff;
5478 : ffffff;
5479 : ffffff;
5480 : ffffff;
5481 : ffffff;
5482 : ffffff;
5483 : ffffff;
5484 : ffffff;
5485 : ffffff;
5486 : ffffff;
5487 : ffffff;
5488 : ffffff;
5489 : ffffff;
5490 : ffffff;
5491 : ffffff;
5492 : ffffff;
5493 : ffffff;
5494 : ffffff;
5495 : ffffff;
5496 : ffffff;
5497 : ffffff;
5498 : ffffff;
5499 : ffffff;
5500 : ffffff;
5501 : ffffff;
5502 : ffffff;
5503 : ffffff;
5504 : ffffff;
5505 : ffffff;
5506 : ffffff;
5507 : ffffff;
5508 : ffffff;
5509 : ffffff;
5510 : ffffff;
5511 : ffffff;
5512 : ffffff;
5513 : ffffff;
5514 : ffffff;
5515 : ffffff;
5516 : ffffff;
5517 : ffffff;
5518 : ffffff;
5519 : ffffff;
5520 : ffffff;
5521 : ffffff;
5522 : ffffff;
5523 : ffffff;
5524 : ffffff;
5525 : ffffff;
5526 : ffffff;
5527 : ffffff;
5528 : ffffff;
5529 : ffffff;
5530 : f5f4f3;
5531 : 2b140b;
5532 : ddbdae;
5533 : d7ac98;
5534 : dead98;
5535 : e7b4a1;
5536 : ebbba3;
5537 : f0bca5;
5538 : f3c2ae;
5539 : f4c5b1;
5540 : f4c8b3;
5541 : ebbda9;
5542 : e9bca6;
5543 : ca987f;
5544 : b5816b;
5545 : a06857;
5546 : b17e6d;
5547 : c39586;
5548 : c4998b;
5549 : ae7d6e;
5550 : 996153;
5551 : b4836f;
5552 : b5806a;
5553 : d4a38c;
5554 : eabca4;
5555 : f0c2ab;
5556 : f4c6b1;
5557 : f1c1ab;
5558 : ebbba5;
5559 : e5b49e;
5560 : dcab97;
5561 : d19f8a;
5562 : c89c85;
5563 : c39d89;
5564 : be9885;
5565 : 15100f;
5566 : 282121;
5567 : 2c2424;
5568 : 2c2323;
5569 : 1f1a19;
5570 : 281914;
5571 : f7f6f6;
5572 : ffffff;
5573 : ffffff;
5574 : ffffff;
5575 : ffffff;
5576 : ffffff;
5577 : ffffff;
5578 : ffffff;
5579 : ffffff;
5580 : ffffff;
5581 : ffffff;
5582 : ffffff;
5583 : ffffff;
5584 : ffffff;
5585 : ffffff;
5586 : ffffff;
5587 : ffffff;
5588 : ffffff;
5589 : ffffff;
5590 : ffffff;
5591 : ffffff;
5592 : ffffff;
5593 : ffffff;
5594 : ffffff;
5595 : ffffff;
5596 : ffffff;
5597 : ffffff;
5598 : ffffff;
5599 : ffffff;
5600 : ffffff;
5601 : ffffff;
5602 : ffffff;
5603 : ffffff;
5604 : ffffff;
5605 : ffffff;
5606 : ffffff;
5607 : ffffff;
5608 : ffffff;
5609 : ffffff;
5610 : ffffff;
5611 : ffffff;
5612 : ffffff;
5613 : ffffff;
5614 : ffffff;
5615 : ffffff;
5616 : ffffff;
5617 : ffffff;
5618 : ffffff;
5619 : ffffff;
5620 : ffffff;
5621 : ffffff;
5622 : ffffff;
5623 : ffffff;
5624 : ffffff;
5625 : ffffff;
5626 : ffffff;
5627 : ffffff;
5628 : ffffff;
5629 : ffffff;
5630 : ffffff;
5631 : 938b86;
5632 : ac8c80;
5633 : d6ae9c;
5634 : d8a995;
5635 : e0ad9a;
5636 : e5b39f;
5637 : e7b7a1;
5638 : ebb9a2;
5639 : edbaa6;
5640 : ebbaa5;
5641 : e6b8a1;
5642 : e2b69e;
5643 : dcad95;
5644 : d7a58c;
5645 : e1b59d;
5646 : e1b8aa;
5647 : c39686;
5648 : bb8a78;
5649 : cfa195;
5650 : dcaf9b;
5651 : d5a28c;
5652 : d5a48d;
5653 : e1b19b;
5654 : e9bba2;
5655 : ebbba3;
5656 : eebca6;
5657 : e9baa3;
5658 : e3b29d;
5659 : ddac98;
5660 : d4a490;
5661 : cc9b87;
5662 : c49a87;
5663 : c59f8d;
5664 : 8f6f63;
5665 : 15100f;
5666 : 2f2726;
5667 : 2a2121;
5668 : 231b1a;
5669 : 181210;
5670 : 675854;
5671 : ffffff;
5672 : ffffff;
5673 : ffffff;
5674 : ffffff;
5675 : ffffff;
5676 : ffffff;
5677 : ffffff;
5678 : ffffff;
5679 : ffffff;
5680 : ffffff;
5681 : ffffff;
5682 : ffffff;
5683 : ffffff;
5684 : ffffff;
5685 : ffffff;
5686 : ffffff;
5687 : ffffff;
5688 : ffffff;
5689 : ffffff;
5690 : ffffff;
5691 : ffffff;
5692 : ffffff;
5693 : ffffff;
5694 : ffffff;
5695 : ffffff;
5696 : ffffff;
5697 : ffffff;
5698 : ffffff;
5699 : ffffff;
5700 : ffffff;
5701 : ffffff;
5702 : ffffff;
5703 : ffffff;
5704 : ffffff;
5705 : ffffff;
5706 : ffffff;
5707 : ffffff;
5708 : ffffff;
5709 : ffffff;
5710 : ffffff;
5711 : ffffff;
5712 : ffffff;
5713 : ffffff;
5714 : ffffff;
5715 : ffffff;
5716 : ffffff;
5717 : ffffff;
5718 : ffffff;
5719 : ffffff;
5720 : ffffff;
5721 : ffffff;
5722 : ffffff;
5723 : ffffff;
5724 : ffffff;
5725 : ffffff;
5726 : ffffff;
5727 : ffffff;
5728 : ffffff;
5729 : ffffff;
5730 : ffffff;
5731 : f2f4f4;
5732 : 8a6f65;
5733 : d3ac9b;
5734 : d2a695;
5735 : d9aa96;
5736 : ddad9a;
5737 : e0af9c;
5738 : e1ad9a;
5739 : e3ae9b;
5740 : e1af9b;
5741 : d7a48e;
5742 : d8a891;
5743 : e2b49e;
5744 : e6baa1;
5745 : e7baa3;
5746 : ebc0ab;
5747 : e9bca9;
5748 : e8bda8;
5749 : e9bca6;
5750 : e3b59f;
5751 : e0b29c;
5752 : e0b29c;
5753 : e0af99;
5754 : e3b39c;
5755 : e5b49c;
5756 : e4b39c;
5757 : e1ae98;
5758 : dbab98;
5759 : d5a591;
5760 : d0a18d;
5761 : c79b88;
5762 : c29989;
5763 : cba692;
5764 : 4d3832;
5765 : 1a1512;
5766 : 302728;
5767 : 251d1c;
5768 : 131110;
5769 : 20100f;
5770 : d6d1cf;
5771 : ffffff;
5772 : ffffff;
5773 : ffffff;
5774 : ffffff;
5775 : ffffff;
5776 : ffffff;
5777 : ffffff;
5778 : ffffff;
5779 : ffffff;
5780 : ffffff;
5781 : ffffff;
5782 : ffffff;
5783 : ffffff;
5784 : ffffff;
5785 : ffffff;
5786 : ffffff;
5787 : ffffff;
5788 : ffffff;
5789 : ffffff;
5790 : ffffff;
5791 : ffffff;
5792 : ffffff;
5793 : ffffff;
5794 : ffffff;
5795 : ffffff;
5796 : ffffff;
5797 : ffffff;
5798 : ffffff;
5799 : ffffff;
5800 : ffffff;
5801 : ffffff;
5802 : ffffff;
5803 : ffffff;
5804 : ffffff;
5805 : ffffff;
5806 : ffffff;
5807 : ffffff;
5808 : ffffff;
5809 : ffffff;
5810 : ffffff;
5811 : ffffff;
5812 : ffffff;
5813 : ffffff;
5814 : ffffff;
5815 : ffffff;
5816 : ffffff;
5817 : ffffff;
5818 : ffffff;
5819 : ffffff;
5820 : ffffff;
5821 : ffffff;
5822 : ffffff;
5823 : ffffff;
5824 : ffffff;
5825 : ffffff;
5826 : ffffff;
5827 : ffffff;
5828 : ffffff;
5829 : ffffff;
5830 : ffffff;
5831 : ffffff;
5832 : ecebea;
5833 : cfad9e;
5834 : cea392;
5835 : d4a795;
5836 : d9a997;
5837 : dbaa97;
5838 : d9a794;
5839 : d7a590;
5840 : d09f8a;
5841 : ca9b83;
5842 : d2a48e;
5843 : daaa96;
5844 : dcb099;
5845 : e0b49e;
5846 : e7baa5;
5847 : ebbca5;
5848 : ebbca5;
5849 : e8baa4;
5850 : e0b3a0;
5851 : daad9a;
5852 : d6a693;
5853 : d4a58f;
5854 : d4a691;
5855 : d6a590;
5856 : d8a792;
5857 : d8a894;
5858 : d6a693;
5859 : d2a390;
5860 : cc9e8c;
5861 : c49a88;
5862 : c29b8a;
5863 : c8a592;
5864 : 110909;
5865 : 271e1e;
5866 : 2e2423;
5867 : 12110f;
5868 : 180f0e;
5869 : 897e7c;
5870 : ffffff;
5871 : ffffff;
5872 : ffffff;
5873 : ffffff;
5874 : ffffff;
5875 : ffffff;
5876 : ffffff;
5877 : ffffff;
5878 : ffffff;
5879 : ffffff;
5880 : ffffff;
5881 : ffffff;
5882 : ffffff;
5883 : ffffff;
5884 : ffffff;
5885 : ffffff;
5886 : ffffff;
5887 : ffffff;
5888 : ffffff;
5889 : ffffff;
5890 : ffffff;
5891 : ffffff;
5892 : ffffff;
5893 : ffffff;
5894 : ffffff;
5895 : ffffff;
5896 : ffffff;
5897 : ffffff;
5898 : ffffff;
5899 : ffffff;
5900 : ffffff;
5901 : ffffff;
5902 : ffffff;
5903 : ffffff;
5904 : ffffff;
5905 : ffffff;
5906 : ffffff;
5907 : ffffff;
5908 : ffffff;
5909 : ffffff;
5910 : ffffff;
5911 : ffffff;
5912 : ffffff;
5913 : ffffff;
5914 : ffffff;
5915 : ffffff;
5916 : ffffff;
5917 : ffffff;
5918 : ffffff;
5919 : ffffff;
5920 : ffffff;
5921 : ffffff;
5922 : ffffff;
5923 : ffffff;
5924 : ffffff;
5925 : ffffff;
5926 : ffffff;
5927 : ffffff;
5928 : ffffff;
5929 : ffffff;
5930 : ffffff;
5931 : ffffff;
5932 : ffffff;
5933 : ebe1de;
5934 : c89c8a;
5935 : d0a292;
5936 : d4a593;
5937 : d8a896;
5938 : d9aa97;
5939 : d5a591;
5940 : c9997f;
5941 : b17c67;
5942 : a47463;
5943 : bd9380;
5944 : cea48f;
5945 : d2a48e;
5946 : d4a18e;
5947 : dda594;
5948 : e6b29f;
5949 : d79d8d;
5950 : cb9886;
5951 : c49582;
5952 : c09481;
5953 : a17366;
5954 : a87865;
5955 : c4957d;
5956 : d3a48c;
5957 : d9aa97;
5958 : d6a693;
5959 : d0a28e;
5960 : c89c8a;
5961 : c29a89;
5962 : cca694;
5963 : 715a54;
5964 : 1e1616;
5965 : 332826;
5966 : 161312;
5967 : 130e0e;
5968 : 615452;
5969 : ffffff;
5970 : ffffff;
5971 : ffffff;
5972 : ffffff;
5973 : ffffff;
5974 : ffffff;
5975 : ffffff;
5976 : ffffff;
5977 : ffffff;
5978 : ffffff;
5979 : ffffff;
5980 : ffffff;
5981 : ffffff;
5982 : ffffff;
5983 : ffffff;
5984 : ffffff;
5985 : ffffff;
5986 : ffffff;
5987 : ffffff;
5988 : ffffff;
5989 : ffffff;
5990 : ffffff;
5991 : ffffff;
5992 : ffffff;
5993 : ffffff;
5994 : ffffff;
5995 : ffffff;
5996 : ffffff;
5997 : ffffff;
5998 : ffffff;
5999 : ffffff;
6000 : ffffff;
6001 : ffffff;
6002 : ffffff;
6003 : ffffff;
6004 : ffffff;
6005 : ffffff;
6006 : ffffff;
6007 : ffffff;
6008 : ffffff;
6009 : ffffff;
6010 : ffffff;
6011 : ffffff;
6012 : ffffff;
6013 : ffffff;
6014 : ffffff;
6015 : ffffff;
6016 : ffffff;
6017 : ffffff;
6018 : ffffff;
6019 : ffffff;
6020 : ffffff;
6021 : ffffff;
6022 : ffffff;
6023 : ffffff;
6024 : ffffff;
6025 : ffffff;
6026 : ffffff;
6027 : ffffff;
6028 : ffffff;
6029 : ffffff;
6030 : ffffff;
6031 : ffffff;
6032 : ffffff;
6033 : ffffff;
6034 : d0b1a5;
6035 : cc9f8e;
6036 : d0a291;
6037 : d5a592;
6038 : d9a996;
6039 : d9aa95;
6040 : d4a388;
6041 : c99475;
6042 : c99a7b;
6043 : 9b6659;
6044 : 8b4f4d;
6045 : a06364;
6046 : a76467;
6047 : aa6465;
6048 : ae6566;
6049 : a76162;
6050 : a56467;
6051 : 935657;
6052 : 7f4343;
6053 : a77869;
6054 : c49377;
6055 : c89578;
6056 : d7a98f;
6057 : d9ac97;
6058 : d4a593;
6059 : cb9e8c;
6060 : c69b8a;
6061 : c49e8b;
6062 : bf9e91;
6063 : 181110;
6064 : 2f2222;
6065 : 2f2422;
6066 : 191413;
6067 : 2f1b18;
6068 : f9f7f6;
6069 : ffffff;
6070 : ffffff;
6071 : ffffff;
6072 : ffffff;
6073 : ffffff;
6074 : ffffff;
6075 : ffffff;
6076 : ffffff;
6077 : ffffff;
6078 : ffffff;
6079 : ffffff;
6080 : ffffff;
6081 : ffffff;
6082 : ffffff;
6083 : ffffff;
6084 : ffffff;
6085 : ffffff;
6086 : ffffff;
6087 : ffffff;
6088 : ffffff;
6089 : ffffff;
6090 : ffffff;
6091 : ffffff;
6092 : ffffff;
6093 : ffffff;
6094 : ffffff;
6095 : ffffff;
6096 : ffffff;
6097 : ffffff;
6098 : ffffff;
6099 : ffffff;
6100 : ffffff;
6101 : ffffff;
6102 : ffffff;
6103 : ffffff;
6104 : ffffff;
6105 : ffffff;
6106 : ffffff;
6107 : ffffff;
6108 : ffffff;
6109 : ffffff;
6110 : ffffff;
6111 : ffffff;
6112 : ffffff;
6113 : ffffff;
6114 : ffffff;
6115 : ffffff;
6116 : ffffff;
6117 : ffffff;
6118 : ffffff;
6119 : ffffff;
6120 : ffffff;
6121 : ffffff;
6122 : ffffff;
6123 : ffffff;
6124 : ffffff;
6125 : ffffff;
6126 : ffffff;
6127 : ffffff;
6128 : ffffff;
6129 : ffffff;
6130 : ffffff;
6131 : ffffff;
6132 : ffffff;
6133 : ffffff;
6134 : feffff;
6135 : c69f8f;
6136 : cba08f;
6137 : cfa391;
6138 : d5a897;
6139 : d8ab98;
6140 : dcad94;
6141 : dfb093;
6142 : e3b599;
6143 : dbaf94;
6144 : d5a692;
6145 : d4998d;
6146 : da9797;
6147 : df9ea1;
6148 : db979c;
6149 : dc9b9e;
6150 : cd908a;
6151 : c58d7f;
6152 : cfa38d;
6153 : d7aa92;
6154 : e0b398;
6155 : dbac8f;
6156 : d8a990;
6157 : d4a893;
6158 : cd9f8e;
6159 : c59b8a;
6160 : c29b8a;
6161 : d2ae9f;
6162 : 3d2f2c;
6163 : 271c1b;
6164 : 412e2b;
6165 : 1f1715;
6166 : 301c1b;
6167 : beb4af;
6168 : ffffff;
6169 : ffffff;
6170 : ffffff;
6171 : ffffff;
6172 : ffffff;
6173 : ffffff;
6174 : ffffff;
6175 : ffffff;
6176 : ffffff;
6177 : ffffff;
6178 : ffffff;
6179 : ffffff;
6180 : ffffff;
6181 : ffffff;
6182 : ffffff;
6183 : ffffff;
6184 : ffffff;
6185 : ffffff;
6186 : ffffff;
6187 : ffffff;
6188 : ffffff;
6189 : ffffff;
6190 : ffffff;
6191 : ffffff;
6192 : ffffff;
6193 : ffffff;
6194 : ffffff;
6195 : ffffff;
6196 : ffffff;
6197 : ffffff;
6198 : ffffff;
6199 : ffffff;
6200 : ffffff;
6201 : ffffff;
6202 : ffffff;
6203 : ffffff;
6204 : ffffff;
6205 : ffffff;
6206 : ffffff;
6207 : ffffff;
6208 : ffffff;
6209 : ffffff;
6210 : ffffff;
6211 : ffffff;
6212 : ffffff;
6213 : ffffff;
6214 : ffffff;
6215 : ffffff;
6216 : ffffff;
6217 : ffffff;
6218 : ffffff;
6219 : ffffff;
6220 : ffffff;
6221 : ffffff;
6222 : ffffff;
6223 : ffffff;
6224 : ffffff;
6225 : ffffff;
6226 : ffffff;
6227 : ffffff;
6228 : ffffff;
6229 : ffffff;
6230 : ffffff;
6231 : ffffff;
6232 : ffffff;
6233 : ffffff;
6234 : ffffff;
6235 : f8f6f6;
6236 : c49a8b;
6237 : ca9e8f;
6238 : cea191;
6239 : d4a794;
6240 : e0b39a;
6241 : e3b59b;
6242 : e1b498;
6243 : dfb298;
6244 : d7ad96;
6245 : dbb19b;
6246 : e0ad98;
6247 : e2a999;
6248 : e5ae9f;
6249 : dda493;
6250 : d8a896;
6251 : d4ab99;
6252 : cda18c;
6253 : dbb098;
6254 : dfb095;
6255 : e1b195;
6256 : daac94;
6257 : cfa18c;
6258 : c69b8b;
6259 : bf9989;
6260 : d0ab9a;
6261 : 614d47;
6262 : 181110;
6263 : 412f28;
6264 : 48322a;
6265 : 4a342f;
6266 : c8bdb8;
6267 : ffffff;
6268 : ffffff;
6269 : ffffff;
6270 : ffffff;
6271 : ffffff;
6272 : ffffff;
6273 : ffffff;
6274 : ffffff;
6275 : ffffff;
6276 : ffffff;
6277 : ffffff;
6278 : ffffff;
6279 : ffffff;
6280 : ffffff;
6281 : ffffff;
6282 : ffffff;
6283 : ffffff;
6284 : ffffff;
6285 : ffffff;
6286 : ffffff;
6287 : ffffff;
6288 : ffffff;
6289 : ffffff;
6290 : ffffff;
6291 : ffffff;
6292 : ffffff;
6293 : ffffff;
6294 : ffffff;
6295 : ffffff;
6296 : ffffff;
6297 : ffffff;
6298 : ffffff;
6299 : ffffff;
6300 : ffffff;
6301 : ffffff;
6302 : ffffff;
6303 : ffffff;
6304 : ffffff;
6305 : ffffff;
6306 : ffffff;
6307 : ffffff;
6308 : ffffff;
6309 : ffffff;
6310 : ffffff;
6311 : ffffff;
6312 : ffffff;
6313 : ffffff;
6314 : ffffff;
6315 : ffffff;
6316 : ffffff;
6317 : ffffff;
6318 : ffffff;
6319 : ffffff;
6320 : ffffff;
6321 : ffffff;
6322 : ffffff;
6323 : ffffff;
6324 : ffffff;
6325 : ffffff;
6326 : ffffff;
6327 : ffffff;
6328 : ffffff;
6329 : ffffff;
6330 : ffffff;
6331 : ffffff;
6332 : ffffff;
6333 : ffffff;
6334 : ffffff;
6335 : ffffff;
6336 : f8f6f6;
6337 : c19b8c;
6338 : c69e8d;
6339 : cea494;
6340 : dbaf98;
6341 : e3b69d;
6342 : e1b59a;
6343 : e1b69d;
6344 : dcb198;
6345 : d6aa95;
6346 : d3a795;
6347 : d1a794;
6348 : d0a595;
6349 : cea493;
6350 : cea491;
6351 : cfa38e;
6352 : dbb098;
6353 : e0b298;
6354 : e0b298;
6355 : e1b39a;
6356 : d6a892;
6357 : c79c88;
6358 : bf9484;
6359 : c9a292;
6360 : 786058;
6361 : 16100f;
6362 : 422e26;
6363 : 5c3d31;
6364 : 86776e;
6365 : ffffff;
6366 : ffffff;
6367 : ffffff;
6368 : ffffff;
6369 : ffffff;
6370 : ffffff;
6371 : ffffff;
6372 : ffffff;
6373 : ffffff;
6374 : ffffff;
6375 : ffffff;
6376 : ffffff;
6377 : ffffff;
6378 : ffffff;
6379 : ffffff;
6380 : ffffff;
6381 : ffffff;
6382 : ffffff;
6383 : ffffff;
6384 : ffffff;
6385 : ffffff;
6386 : ffffff;
6387 : ffffff;
6388 : ffffff;
6389 : ffffff;
6390 : ffffff;
6391 : ffffff;
6392 : ffffff;
6393 : ffffff;
6394 : ffffff;
6395 : ffffff;
6396 : ffffff;
6397 : ffffff;
6398 : ffffff;
6399 : ffffff;
6400 : ffffff;
6401 : ffffff;
6402 : ffffff;
6403 : ffffff;
6404 : ffffff;
6405 : ffffff;
6406 : ffffff;
6407 : ffffff;
6408 : ffffff;
6409 : ffffff;
6410 : ffffff;
6411 : ffffff;
6412 : ffffff;
6413 : ffffff;
6414 : ffffff;
6415 : ffffff;
6416 : ffffff;
6417 : ffffff;
6418 : ffffff;
6419 : ffffff;
6420 : ffffff;
6421 : ffffff;
6422 : ffffff;
6423 : ffffff;
6424 : ffffff;
6425 : ffffff;
6426 : ffffff;
6427 : ffffff;
6428 : ffffff;
6429 : ffffff;
6430 : ffffff;
6431 : ffffff;
6432 : ffffff;
6433 : ffffff;
6434 : ffffff;
6435 : ffffff;
6436 : ffffff;
6437 : feffff;
6438 : c8a89d;
6439 : c7a292;
6440 : cfa593;
6441 : dbad96;
6442 : dfb39b;
6443 : e3b99e;
6444 : e4b89e;
6445 : e3b79f;
6446 : e1b49d;
6447 : dcaf99;
6448 : d8ac96;
6449 : d8ac96;
6450 : deb29a;
6451 : e4b89f;
6452 : e2b79e;
6453 : dfb199;
6454 : dcae96;
6455 : d6a893;
6456 : c99d89;
6457 : bf9786;
6458 : c29b8b;
6459 : a17969;
6460 : 2e1e1a;
6461 : 39251e;
6462 : 755b51;
6463 : dcd7d5;
6464 : ffffff;
6465 : ffffff;
6466 : ffffff;
6467 : ffffff;
6468 : ffffff;
6469 : ffffff;
6470 : ffffff;
6471 : ffffff;
6472 : ffffff;
6473 : ffffff;
6474 : ffffff;
6475 : ffffff;
6476 : ffffff;
6477 : ffffff;
6478 : ffffff;
6479 : ffffff;
6480 : ffffff;
6481 : ffffff;
6482 : ffffff;
6483 : ffffff;
6484 : ffffff;
6485 : ffffff;
6486 : ffffff;
6487 : ffffff;
6488 : ffffff;
6489 : ffffff;
6490 : ffffff;
6491 : ffffff;
6492 : ffffff;
6493 : ffffff;
6494 : ffffff;
6495 : ffffff;
6496 : ffffff;
6497 : ffffff;
6498 : ffffff;
6499 : ffffff;
6500 : ffffff;
6501 : ffffff;
6502 : ffffff;
6503 : ffffff;
6504 : ffffff;
6505 : ffffff;
6506 : ffffff;
6507 : ffffff;
6508 : ffffff;
6509 : ffffff;
6510 : ffffff;
6511 : ffffff;
6512 : ffffff;
6513 : ffffff;
6514 : ffffff;
6515 : ffffff;
6516 : ffffff;
6517 : ffffff;
6518 : ffffff;
6519 : ffffff;
6520 : ffffff;
6521 : ffffff;
6522 : ffffff;
6523 : ffffff;
6524 : ffffff;
6525 : ffffff;
6526 : ffffff;
6527 : ffffff;
6528 : ffffff;
6529 : ffffff;
6530 : ffffff;
6531 : ffffff;
6532 : ffffff;
6533 : ffffff;
6534 : ffffff;
6535 : ffffff;
6536 : ffffff;
6537 : ffffff;
6538 : cfc0b7;
6539 : c19d91;
6540 : c7a395;
6541 : cda490;
6542 : d7ad97;
6543 : e1b69f;
6544 : e5ba9f;
6545 : eabfa5;
6546 : ecc0a8;
6547 : e9bda5;
6548 : e7bca3;
6549 : ebbfa7;
6550 : ecbfa7;
6551 : e8bca2;
6552 : e1b49c;
6553 : d9af98;
6554 : d4a691;
6555 : ca9e8a;
6556 : bf9585;
6557 : c09687;
6558 : 956b5b;
6559 : 845947;
6560 : 3a271e;
6561 : 928079;
6562 : d7d1ce;
6563 : ffffff;
6564 : ffffff;
6565 : ffffff;
6566 : ffffff;
6567 : ffffff;
6568 : ffffff;
6569 : ffffff;
6570 : ffffff;
6571 : ffffff;
6572 : ffffff;
6573 : ffffff;
6574 : ffffff;
6575 : ffffff;
6576 : ffffff;
6577 : ffffff;
6578 : ffffff;
6579 : ffffff;
6580 : ffffff;
6581 : ffffff;
6582 : ffffff;
6583 : ffffff;
6584 : ffffff;
6585 : ffffff;
6586 : ffffff;
6587 : ffffff;
6588 : ffffff;
6589 : ffffff;
6590 : ffffff;
6591 : ffffff;
6592 : ffffff;
6593 : ffffff;
6594 : ffffff;
6595 : ffffff;
6596 : ffffff;
6597 : ffffff;
6598 : ffffff;
6599 : ffffff;
6600 : ffffff;
6601 : ffffff;
6602 : ffffff;
6603 : ffffff;
6604 : ffffff;
6605 : ffffff;
6606 : ffffff;
6607 : ffffff;
6608 : ffffff;
6609 : ffffff;
6610 : ffffff;
6611 : ffffff;
6612 : ffffff;
6613 : ffffff;
6614 : ffffff;
6615 : ffffff;
6616 : ffffff;
6617 : ffffff;
6618 : ffffff;
6619 : ffffff;
6620 : ffffff;
6621 : ffffff;
6622 : ffffff;
6623 : ffffff;
6624 : ffffff;
6625 : ffffff;
6626 : ffffff;
6627 : ffffff;
6628 : ffffff;
6629 : ffffff;
6630 : ffffff;
6631 : ffffff;
6632 : ffffff;
6633 : ffffff;
6634 : ffffff;
6635 : ffffff;
6636 : ffffff;
6637 : ffffff;
6638 : e0d6d0;
6639 : a57860;
6640 : ba9685;
6641 : c6a697;
6642 : cda694;
6643 : d8ae9a;
6644 : e2b69e;
6645 : e9bba3;
6646 : e9bda5;
6647 : e8bba4;
6648 : e7bca4;
6649 : e9bfa7;
6650 : ebbea6;
6651 : e5baa1;
6652 : dcb19b;
6653 : d1a691;
6654 : c89f8c;
6655 : c09986;
6656 : b68b7a;
6657 : 8f6655;
6658 : 895f4c;
6659 : 956e5e;
6660 : dddad8;
6661 : fefdfd;
6662 : fefdfd;
6663 : ffffff;
6664 : ffffff;
6665 : ffffff;
6666 : ffffff;
6667 : ffffff;
6668 : ffffff;
6669 : ffffff;
6670 : ffffff;
6671 : ffffff;
6672 : ffffff;
6673 : ffffff;
6674 : ffffff;
6675 : ffffff;
6676 : ffffff;
6677 : ffffff;
6678 : ffffff;
6679 : ffffff;
6680 : ffffff;
6681 : ffffff;
6682 : ffffff;
6683 : ffffff;
6684 : ffffff;
6685 : ffffff;
6686 : ffffff;
6687 : ffffff;
6688 : ffffff;
6689 : ffffff;
6690 : ffffff;
6691 : ffffff;
6692 : ffffff;
6693 : ffffff;
6694 : ffffff;
6695 : ffffff;
6696 : ffffff;
6697 : ffffff;
6698 : ffffff;
6699 : ffffff;
6700 : ffffff;
6701 : ffffff;
6702 : ffffff;
6703 : ffffff;
6704 : ffffff;
6705 : ffffff;
6706 : ffffff;
6707 : ffffff;
6708 : ffffff;
6709 : ffffff;
6710 : ffffff;
6711 : ffffff;
6712 : ffffff;
6713 : ffffff;
6714 : ffffff;
6715 : ffffff;
6716 : ffffff;
6717 : ffffff;
6718 : ffffff;
6719 : ffffff;
6720 : ffffff;
6721 : ffffff;
6722 : ffffff;
6723 : ffffff;
6724 : ffffff;
6725 : ffffff;
6726 : ffffff;
6727 : ffffff;
6728 : ffffff;
6729 : ffffff;
6730 : ffffff;
6731 : ffffff;
6732 : ffffff;
6733 : ffffff;
6734 : ffffff;
6735 : ffffff;
6736 : fffffe;
6737 : fefffd;
6738 : f1ecea;
6739 : b0846c;
6740 : b28871;
6741 : ad836f;
6742 : bc9988;
6743 : d0a997;
6744 : d6ad9a;
6745 : dfb39f;
6746 : e2b6a1;
6747 : dfb39e;
6748 : dcb29f;
6749 : dfb39e;
6750 : e1b69f;
6751 : dbae9a;
6752 : d1a691;
6753 : c8a28c;
6754 : bd9682;
6755 : a77967;
6756 : 936855;
6757 : 996f5b;
6758 : 9f725c;
6759 : 987260;
6760 : ffffff;
6761 : ffffff;
6762 : ffffff;
6763 : ffffff;
6764 : ffffff;
6765 : ffffff;
6766 : ffffff;
6767 : ffffff;
6768 : ffffff;
6769 : ffffff;
6770 : ffffff;
6771 : ffffff;
6772 : ffffff;
6773 : ffffff;
6774 : ffffff;
6775 : ffffff;
6776 : ffffff;
6777 : ffffff;
6778 : ffffff;
6779 : ffffff;
6780 : ffffff;
6781 : ffffff;
6782 : ffffff;
6783 : ffffff;
6784 : ffffff;
6785 : ffffff;
6786 : ffffff;
6787 : ffffff;
6788 : ffffff;
6789 : ffffff;
6790 : ffffff;
6791 : ffffff;
6792 : ffffff;
6793 : ffffff;
6794 : ffffff;
6795 : ffffff;
6796 : ffffff;
6797 : ffffff;
6798 : ffffff;
6799 : ffffff;
6800 : ffffff;
6801 : ffffff;
6802 : ffffff;
6803 : ffffff;
6804 : ffffff;
6805 : ffffff;
6806 : ffffff;
6807 : ffffff;
6808 : ffffff;
6809 : ffffff;
6810 : ffffff;
6811 : ffffff;
6812 : ffffff;
6813 : ffffff;
6814 : ffffff;
6815 : ffffff;
6816 : ffffff;
6817 : ffffff;
6818 : ffffff;
6819 : ffffff;
6820 : ffffff;
6821 : ffffff;
6822 : ffffff;
6823 : ffffff;
6824 : ffffff;
6825 : ffffff;
6826 : ffffff;
6827 : ffffff;
6828 : ffffff;
6829 : ffffff;
6830 : ffffff;
6831 : ffffff;
6832 : ffffff;
6833 : ffffff;
6834 : ffffff;
6835 : ffffff;
6836 : ffffff;
6837 : ffffff;
6838 : e8e2de;
6839 : b58d79;
6840 : bc917b;
6841 : ba9079;
6842 : ac826c;
6843 : aa806d;
6844 : c09886;
6845 : cfa895;
6846 : d3a997;
6847 : d3aa97;
6848 : d2aa98;
6849 : d2a897;
6850 : d1a694;
6851 : cca38f;
6852 : c19984;
6853 : ab7f6d;
6854 : 9a6d5b;
6855 : 9f7360;
6856 : aa7f6a;
6857 : ae836c;
6858 : aa7d66;
6859 : 9b6f5b;
6860 : e5e1e0;
6861 : ffffff;
6862 : ffffff;
6863 : ffffff;
6864 : ffffff;
6865 : ffffff;
6866 : ffffff;
6867 : ffffff;
6868 : ffffff;
6869 : ffffff;
6870 : ffffff;
6871 : ffffff;
6872 : ffffff;
6873 : ffffff;
6874 : ffffff;
6875 : ffffff;
6876 : ffffff;
6877 : ffffff;
6878 : ffffff;
6879 : ffffff;
6880 : ffffff;
6881 : ffffff;
6882 : ffffff;
6883 : ffffff;
6884 : ffffff;
6885 : ffffff;
6886 : ffffff;
6887 : ffffff;
6888 : ffffff;
6889 : ffffff;
6890 : ffffff;
6891 : ffffff;
6892 : ffffff;
6893 : ffffff;
6894 : ffffff;
6895 : ffffff;
6896 : ffffff;
6897 : ffffff;
6898 : ffffff;
6899 : ffffff;
6900 : ffffff;
6901 : ffffff;
6902 : ffffff;
6903 : ffffff;
6904 : ffffff;
6905 : ffffff;
6906 : ffffff;
6907 : ffffff;
6908 : ffffff;
6909 : ffffff;
6910 : ffffff;
6911 : ffffff;
6912 : ffffff;
6913 : ffffff;
6914 : ffffff;
6915 : ffffff;
6916 : ffffff;
6917 : ffffff;
6918 : ffffff;
6919 : ffffff;
6920 : ffffff;
6921 : ffffff;
6922 : ffffff;
6923 : ffffff;
6924 : ffffff;
6925 : ffffff;
6926 : ffffff;
6927 : ffffff;
6928 : ffffff;
6929 : ffffff;
6930 : ffffff;
6931 : ffffff;
6932 : ffffff;
6933 : ffffff;
6934 : ffffff;
6935 : ffffff;
6936 : ffffff;
6937 : ffffff;
6938 : bda294;
6939 : b9927e;
6940 : c09883;
6941 : c29a83;
6942 : bf957e;
6943 : b48975;
6944 : a57965;
6945 : a17461;
6946 : ab7f6d;
6947 : b58976;
6948 : b88c7b;
6949 : b78a77;
6950 : b28573;
6951 : aa7d6b;
6952 : a17462;
6953 : a57966;
6954 : ae816e;
6955 : b78974;
6956 : bb8e77;
6957 : b88c75;
6958 : b18772;
6959 : aa816d;
6960 : ab8c80;
6961 : ffffff;
6962 : fffffe;
6963 : ffffff;
6964 : ffffff;
6965 : ffffff;
6966 : ffffff;
6967 : ffffff;
6968 : ffffff;
6969 : ffffff;
6970 : ffffff;
6971 : ffffff;
6972 : ffffff;
6973 : ffffff;
6974 : ffffff;
6975 : ffffff;
6976 : ffffff;
6977 : ffffff;
6978 : ffffff;
6979 : ffffff;
6980 : ffffff;
6981 : ffffff;
6982 : ffffff;
6983 : ffffff;
6984 : ffffff;
6985 : ffffff;
6986 : ffffff;
6987 : ffffff;
6988 : ffffff;
6989 : ffffff;
6990 : ffffff;
6991 : ffffff;
6992 : ffffff;
6993 : ffffff;
6994 : ffffff;
6995 : ffffff;
6996 : ffffff;
6997 : ffffff;
6998 : ffffff;
6999 : ffffff;
7000 : ffffff;
7001 : ffffff;
7002 : ffffff;
7003 : ffffff;
7004 : ffffff;
7005 : ffffff;
7006 : ffffff;
7007 : ffffff;
7008 : ffffff;
7009 : ffffff;
7010 : ffffff;
7011 : ffffff;
7012 : ffffff;
7013 : ffffff;
7014 : ffffff;
7015 : ffffff;
7016 : ffffff;
7017 : ffffff;
7018 : ffffff;
7019 : ffffff;
7020 : ffffff;
7021 : ffffff;
7022 : ffffff;
7023 : ffffff;
7024 : ffffff;
7025 : ffffff;
7026 : ffffff;
7027 : ffffff;
7028 : ffffff;
7029 : ffffff;
7030 : ffffff;
7031 : ffffff;
7032 : ffffff;
7033 : ffffff;
7034 : ffffff;
7035 : ffffff;
7036 : ffffff;
7037 : c5a999;
7038 : ba9582;
7039 : be9780;
7040 : c39b83;
7041 : c79e88;
7042 : c89f88;
7043 : c49a84;
7044 : bc917c;
7045 : b48773;
7046 : af816c;
7047 : ae806b;
7048 : b1826e;
7049 : b38570;
7050 : b38571;
7051 : b38571;
7052 : b88974;
7053 : bc8d78;
7054 : bd937c;
7055 : c09681;
7056 : bf9782;
7057 : bd9883;
7058 : bc9580;
7059 : b58b74;
7060 : a67a67;
7061 : c1aa9f;
7062 : ffffff;
7063 : ffffff;
7064 : ffffff;
7065 : ffffff;
7066 : ffffff;
7067 : ffffff;
7068 : ffffff;
7069 : ffffff;
7070 : ffffff;
7071 : ffffff;
7072 : ffffff;
7073 : ffffff;
7074 : ffffff;
7075 : ffffff;
7076 : ffffff;
7077 : ffffff;
7078 : ffffff;
7079 : ffffff;
7080 : ffffff;
7081 : ffffff;
7082 : ffffff;
7083 : ffffff;
7084 : ffffff;
7085 : ffffff;
7086 : ffffff;
7087 : ffffff;
7088 : ffffff;
7089 : ffffff;
7090 : ffffff;
7091 : ffffff;
7092 : ffffff;
7093 : ffffff;
7094 : ffffff;
7095 : ffffff;
7096 : ffffff;
7097 : ffffff;
7098 : ffffff;
7099 : ffffff;
7100 : ffffff;
7101 : ffffff;
7102 : ffffff;
7103 : ffffff;
7104 : ffffff;
7105 : ffffff;
7106 : ffffff;
7107 : ffffff;
7108 : ffffff;
7109 : ffffff;
7110 : ffffff;
7111 : ffffff;
7112 : ffffff;
7113 : ffffff;
7114 : ffffff;
7115 : ffffff;
7116 : ffffff;
7117 : ffffff;
7118 : ffffff;
7119 : ffffff;
7120 : ffffff;
7121 : ffffff;
7122 : ffffff;
7123 : ffffff;
7124 : ffffff;
7125 : ffffff;
7126 : ffffff;
7127 : ffffff;
7128 : ffffff;
7129 : ffffff;
7130 : ffffff;
7131 : ffffff;
7132 : ffffff;
7133 : ffffff;
7134 : ffffff;
7135 : f0e7e2;
7136 : c29d89;
7137 : c29d86;
7138 : c39f89;
7139 : c59c85;
7140 : caa188;
7141 : cca38b;
7142 : cca38b;
7143 : caa18b;
7144 : c89f89;
7145 : c39a86;
7146 : c19781;
7147 : c39782;
7148 : c39883;
7149 : c29882;
7150 : c29681;
7151 : c29781;
7152 : c49982;
7153 : c49a86;
7154 : c49b88;
7155 : c69f89;
7156 : c69e8a;
7157 : c79e86;
7158 : c59b84;
7159 : c1977f;
7160 : bb907b;
7161 : ad846f;
7162 : bea396;
7163 : ffffff;
7164 : ffffff;
7165 : ffffff;
7166 : ffffff;
7167 : ffffff;
7168 : ffffff;
7169 : ffffff;
7170 : ffffff;
7171 : ffffff;
7172 : ffffff;
7173 : ffffff;
7174 : ffffff;
7175 : ffffff;
7176 : ffffff;
7177 : ffffff;
7178 : ffffff;
7179 : ffffff;
7180 : ffffff;
7181 : ffffff;
7182 : ffffff;
7183 : ffffff;
7184 : ffffff;
7185 : ffffff;
7186 : ffffff;
7187 : ffffff;
7188 : ffffff;
7189 : ffffff;
7190 : ffffff;
7191 : ffffff;
7192 : ffffff;
7193 : ffffff;
7194 : ffffff;
7195 : ffffff;
7196 : ffffff;
7197 : ffffff;
7198 : ffffff;
7199 : ffffff;
7200 : ffffff;
7201 : ffffff;
7202 : ffffff;
7203 : ffffff;
7204 : ffffff;
7205 : ffffff;
7206 : ffffff;
7207 : ffffff;
7208 : ffffff;
7209 : ffffff;
7210 : ffffff;
7211 : ffffff;
7212 : ffffff;
7213 : ffffff;
7214 : ffffff;
7215 : ffffff;
7216 : ffffff;
7217 : ffffff;
7218 : ffffff;
7219 : ffffff;
7220 : ffffff;
7221 : ffffff;
7222 : ffffff;
7223 : ffffff;
7224 : ffffff;
7225 : ffffff;
7226 : ffffff;
7227 : ffffff;
7228 : ffffff;
7229 : ffffff;
7230 : ffffff;
7231 : ffffff;
7232 : ffffff;
7233 : ffffff;
7234 : ddc6bc;
7235 : c99f8a;
7236 : cba48e;
7237 : cda58d;
7238 : caa68e;
7239 : caa58c;
7240 : cda48c;
7241 : d1a990;
7242 : d1a890;
7243 : d0a78f;
7244 : cfa58e;
7245 : cca38d;
7246 : cba18b;
7247 : cba18c;
7248 : cba18c;
7249 : cba08e;
7250 : cba08d;
7251 : caa08d;
7252 : caa08b;
7253 : caa08a;
7254 : c9a088;
7255 : cca289;
7256 : cda288;
7257 : cea48b;
7258 : cba38b;
7259 : c89f89;
7260 : c29c85;
7261 : be9681;
7262 : b88e78;
7263 : b79480;
7264 : efeae7;
7265 : ffffff;
7266 : ffffff;
7267 : ffffff;
7268 : ffffff;
7269 : ffffff;
7270 : ffffff;
7271 : ffffff;
7272 : ffffff;
7273 : ffffff;
7274 : ffffff;
7275 : ffffff;
7276 : ffffff;
7277 : ffffff;
7278 : ffffff;
7279 : ffffff;
7280 : ffffff;
7281 : ffffff;
7282 : ffffff;
7283 : ffffff;
7284 : ffffff;
7285 : ffffff;
7286 : ffffff;
7287 : ffffff;
7288 : ffffff;
7289 : ffffff;
7290 : ffffff;
7291 : ffffff;
7292 : ffffff;
7293 : ffffff;
7294 : ffffff;
7295 : ffffff;
7296 : ffffff;
7297 : ffffff;
7298 : ffffff;
7299 : ffffff;
7300 : ffffff;
7301 : ffffff;
7302 : ffffff;
7303 : ffffff;
7304 : ffffff;
7305 : ffffff;
7306 : ffffff;
7307 : ffffff;
7308 : ffffff;
7309 : ffffff;
7310 : ffffff;
7311 : ffffff;
7312 : ffffff;
7313 : ffffff;
7314 : ffffff;
7315 : ffffff;
7316 : ffffff;
7317 : ffffff;
7318 : ffffff;
7319 : ffffff;
7320 : ffffff;
7321 : ffffff;
7322 : ffffff;
7323 : ffffff;
7324 : ffffff;
7325 : ffffff;
7326 : ffffff;
7327 : ffffff;
7328 : ffffff;
7329 : ffffff;
7330 : ffffff;
7331 : ffffff;
7332 : f0eae8;
7333 : d5b5a3;
7334 : d3a994;
7335 : d5ac97;
7336 : d4aa93;
7337 : d3aa93;
7338 : d0ab95;
7339 : cfaa95;
7340 : d2aa92;
7341 : d4aa92;
7342 : d5aa92;
7343 : d5aa93;
7344 : d4ab93;
7345 : d1a790;
7346 : cfa68f;
7347 : cea48e;
7348 : cea48f;
7349 : cea38d;
7350 : cda08b;
7351 : cda089;
7352 : cda189;
7353 : cea38c;
7354 : cfa78e;
7355 : d2a88e;
7356 : d2a992;
7357 : d1a891;
7358 : cea791;
7359 : cea58f;
7360 : caa28a;
7361 : c59c84;
7362 : c39981;
7363 : c19780;
7364 : bc927b;
7365 : d6c0b5;
7366 : efeded;
7367 : ffffff;
7368 : ffffff;
7369 : ffffff;
7370 : ffffff;
7371 : ffffff;
7372 : ffffff;
7373 : ffffff;
7374 : ffffff;
7375 : ffffff;
7376 : ffffff;
7377 : ffffff;
7378 : ffffff;
7379 : ffffff;
7380 : ffffff;
7381 : ffffff;
7382 : ffffff;
7383 : ffffff;
7384 : ffffff;
7385 : ffffff;
7386 : ffffff;
7387 : ffffff;
7388 : ffffff;
7389 : ffffff;
7390 : ffffff;
7391 : ffffff;
7392 : ffffff;
7393 : ffffff;
7394 : ffffff;
7395 : ffffff;
7396 : ffffff;
7397 : ffffff;
7398 : ffffff;
7399 : ffffff;
7400 : ffffff;
7401 : ffffff;
7402 : ffffff;
7403 : ffffff;
7404 : ffffff;
7405 : ffffff;
7406 : ffffff;
7407 : ffffff;
7408 : ffffff;
7409 : ffffff;
7410 : ffffff;
7411 : ffffff;
7412 : ffffff;
7413 : ffffff;
7414 : ffffff;
7415 : ffffff;
7416 : ffffff;
7417 : ffffff;
7418 : ffffff;
7419 : ffffff;
7420 : ffffff;
7421 : ffffff;
7422 : ffffff;
7423 : ffffff;
7424 : ffffff;
7425 : ffffff;
7426 : ffffff;
7427 : ffffff;
7428 : fafafa;
7429 : e8e5e5;
7430 : d9d4d4;
7431 : cdcace;
7432 : c7b7b4;
7433 : daaf99;
7434 : dab19c;
7435 : daaf99;
7436 : dbaf98;
7437 : d8ae98;
7438 : d6ad97;
7439 : d4ad99;
7440 : d3ad98;
7441 : d6ad98;
7442 : d7ae99;
7443 : d9b099;
7444 : d7ae97;
7445 : d7ac96;
7446 : d4aa94;
7447 : d2a892;
7448 : d1a892;
7449 : d2a792;
7450 : d0a791;
7451 : d0a58f;
7452 : cfa58e;
7453 : cfa68e;
7454 : d2a68f;
7455 : d3a890;
7456 : d5a993;
7457 : d4ab96;
7458 : d3a994;
7459 : d0a590;
7460 : cda28a;
7461 : cca086;
7462 : cda086;
7463 : cba086;
7464 : ca9f87;
7465 : c49b85;
7466 : c4bfc4;
7467 : c2bcc2;
7468 : d5d1d3;
7469 : efedee;
7470 : ffffff;
7471 : ffffff;
7472 : ffffff;
7473 : ffffff;
7474 : ffffff;
7475 : ffffff;
7476 : ffffff;
7477 : ffffff;
7478 : ffffff;
7479 : ffffff;
7480 : ffffff;
7481 : ffffff;
7482 : ffffff;
7483 : ffffff;
7484 : ffffff;
7485 : ffffff;
7486 : ffffff;
7487 : ffffff;
7488 : ffffff;
7489 : ffffff;
7490 : ffffff;
7491 : ffffff;
7492 : ffffff;
7493 : ffffff;
7494 : ffffff;
7495 : ffffff;
7496 : ffffff;
7497 : ffffff;
7498 : ffffff;
7499 : ffffff;
7500 : ffffff;
7501 : ffffff;
7502 : ffffff;
7503 : ffffff;
7504 : ffffff;
7505 : ffffff;
7506 : ffffff;
7507 : ffffff;
7508 : ffffff;
7509 : ffffff;
7510 : ffffff;
7511 : ffffff;
7512 : ffffff;
7513 : ffffff;
7514 : ffffff;
7515 : ffffff;
7516 : ffffff;
7517 : ffffff;
7518 : ffffff;
7519 : ffffff;
7520 : ffffff;
7521 : ffffff;
7522 : ffffff;
7523 : ffffff;
7524 : ffffff;
7525 : f4f4f5;
7526 : d1d2db;
7527 : cfc8ca;
7528 : ccc8ce;
7529 : cec9cd;
7530 : d4d0d5;
7531 : d8d4d9;
7532 : d6d4da;
7533 : d4b5a6;
7534 : e0b39c;
7535 : dfb29c;
7536 : dbac98;
7537 : d9aa94;
7538 : d7aa93;
7539 : d7a994;
7540 : d7aa94;
7541 : d8ac98;
7542 : d8ae9b;
7543 : dbb19c;
7544 : dcb09b;
7545 : dab09b;
7546 : d8ae99;
7547 : d6aa96;
7548 : d6a995;
7549 : d5a994;
7550 : d3a792;
7551 : d4a68f;
7552 : d3a68f;
7553 : d4a68e;
7554 : d4a68f;
7555 : d5a78f;
7556 : d5a790;
7557 : d6a790;
7558 : d5a68f;
7559 : d2a28b;
7560 : ce9f87;
7561 : cfa088;
7562 : d0a089;
7563 : d1a18a;
7564 : cea088;
7565 : cdc6c9;
7566 : d4d2d7;
7567 : cecbd1;
7568 : cdcbd0;
7569 : c7c3ca;
7570 : cdccd1;
7571 : dcd9dd;
7572 : f5f5f7;
7573 : ffffff;
7574 : ffffff;
7575 : ffffff;
7576 : ffffff;
7577 : ffffff;
7578 : ffffff;
7579 : ffffff;
7580 : ffffff;
7581 : ffffff;
7582 : ffffff;
7583 : ffffff;
7584 : ffffff;
7585 : ffffff;
7586 : ffffff;
7587 : ffffff;
7588 : ffffff;
7589 : ffffff;
7590 : ffffff;
7591 : ffffff;
7592 : ffffff;
7593 : ffffff;
7594 : ffffff;
7595 : ffffff;
7596 : ffffff;
7597 : ffffff;
7598 : ffffff;
7599 : ffffff;
7600 : ffffff;
7601 : ffffff;
7602 : ffffff;
7603 : ffffff;
7604 : ffffff;
7605 : ffffff;
7606 : ffffff;
7607 : ffffff;
7608 : ffffff;
7609 : ffffff;
7610 : ffffff;
7611 : ffffff;
7612 : ffffff;
7613 : ffffff;
7614 : ffffff;
7615 : ffffff;
7616 : ffffff;
7617 : ffffff;
7618 : ffffff;
7619 : ffffff;
7620 : ffffff;
7621 : ffffff;
7622 : ffffff;
7623 : eae8ea;
7624 : d4cfd1;
7625 : b1b6c8;
7626 : b1b6cb;
7627 : c5c3cd;
7628 : d1cfd3;
7629 : d5d2d6;
7630 : d8d6db;
7631 : d9d8dc;
7632 : dad9de;
7633 : d5d5dc;
7634 : d8b6a6;
7635 : e2b39a;
7636 : e0b19c;
7637 : dfae99;
7638 : dead97;
7639 : ddae98;
7640 : deb099;
7641 : deb099;
7642 : deb09a;
7643 : e1b29d;
7644 : e0b29d;
7645 : deb09b;
7646 : dcb09c;
7647 : dbad99;
7648 : d9ad97;
7649 : d8aa95;
7650 : d8a993;
7651 : d7a992;
7652 : d6a790;
7653 : d8a991;
7654 : ddae97;
7655 : deaf98;
7656 : dead97;
7657 : ddac95;
7658 : ddad96;
7659 : ddad96;
7660 : dcac95;
7661 : dbab94;
7662 : d9a990;
7663 : d2a590;
7664 : d1cbce;
7665 : d8d7dd;
7666 : d1d1d5;
7667 : d3d1d6;
7668 : d1d0d6;
7669 : cfcdd2;
7670 : cac8ce;
7671 : cecbd1;
7672 : b0b5cb;
7673 : bbbfcf;
7674 : e8e7ea;
7675 : ffffff;
7676 : ffffff;
7677 : ffffff;
7678 : ffffff;
7679 : ffffff;
7680 : ffffff;
7681 : ffffff;
7682 : ffffff;
7683 : ffffff;
7684 : ffffff;
7685 : ffffff;
7686 : ffffff;
7687 : ffffff;
7688 : ffffff;
7689 : ffffff;
7690 : ffffff;
7691 : ffffff;
7692 : ffffff;
7693 : ffffff;
7694 : ffffff;
7695 : ffffff;
7696 : ffffff;
7697 : ffffff;
7698 : ffffff;
7699 : ffffff;
7700 : ffffff;
7701 : ffffff;
7702 : ffffff;
7703 : ffffff;
7704 : ffffff;
7705 : ffffff;
7706 : ffffff;
7707 : ffffff;
7708 : ffffff;
7709 : ffffff;
7710 : ffffff;
7711 : ffffff;
7712 : ffffff;
7713 : ffffff;
7714 : ffffff;
7715 : ffffff;
7716 : ffffff;
7717 : ffffff;
7718 : ffffff;
7719 : ffffff;
7720 : f6f5f7;
7721 : dad5d9;
7722 : c8c0c6;
7723 : cac4ca;
7724 : c6c5d0;
7725 : bac2d5;
7726 : b8bed1;
7727 : bec1d2;
7728 : d3d1d6;
7729 : d6d4d9;
7730 : d7d6dc;
7731 : dad9de;
7732 : dad8dd;
7733 : dbdadf;
7734 : d7dae3;
7735 : d6beb5;
7736 : e5b69a;
7737 : e7b9a1;
7738 : e9bba3;
7739 : eabda6;
7740 : eabba5;
7741 : e8bba3;
7742 : eabba4;
7743 : ebbca6;
7744 : eabba4;
7745 : e7b8a2;
7746 : e4b5a1;
7747 : e3b49e;
7748 : e1b29c;
7749 : dfb09c;
7750 : deb099;
7751 : dfb099;
7752 : e0af98;
7753 : e3b199;
7754 : e6b59c;
7755 : e9b8a0;
7756 : e8b7a0;
7757 : e7b69f;
7758 : e7b59e;
7759 : e5b79f;
7760 : e5b69d;
7761 : e4b298;
7762 : d7bdb1;
7763 : d7d9e0;
7764 : dadbe0;
7765 : d5d3d8;
7766 : d6d5da;
7767 : d6d4da;
7768 : d4d3d8;
7769 : d2d0d6;
7770 : c7c3cb;
7771 : cfccd3;
7772 : b5bed4;
7773 : b9c0d2;
7774 : b5b9cc;
7775 : c8c3ca;
7776 : e6e5e7;
7777 : ffffff;
7778 : ffffff;
7779 : ffffff;
7780 : ffffff;
7781 : ffffff;
7782 : ffffff;
7783 : ffffff;
7784 : ffffff;
7785 : ffffff;
7786 : ffffff;
7787 : ffffff;
7788 : ffffff;
7789 : ffffff;
7790 : ffffff;
7791 : ffffff;
7792 : ffffff;
7793 : ffffff;
7794 : ffffff;
7795 : ffffff;
7796 : ffffff;
7797 : ffffff;
7798 : ffffff;
7799 : ffffff;
7800 : ffffff;
7801 : ffffff;
7802 : ffffff;
7803 : ffffff;
7804 : ffffff;
7805 : ffffff;
7806 : ffffff;
7807 : ffffff;
7808 : ffffff;
7809 : ffffff;
7810 : ffffff;
7811 : ffffff;
7812 : ffffff;
7813 : ffffff;
7814 : ffffff;
7815 : ffffff;
7816 : ffffff;
7817 : ffffff;
7818 : e8e5e7;
7819 : cec8cc;
7820 : c8bfc6;
7821 : ccc6cd;
7822 : cec9cf;
7823 : d1ccd0;
7824 : c1c5d3;
7825 : b7bdd2;
7826 : bcc3d5;
7827 : b8bfd3;
7828 : d3d1d7;
7829 : d4d2d7;
7830 : d9d8dd;
7831 : dad8dd;
7832 : dad9df;
7833 : dad9dd;
7834 : dcdae0;
7835 : dcdee6;
7836 : d3cdcf;
7837 : e0b8a3;
7838 : ebbba2;
7839 : ebbda7;
7840 : ebbfaa;
7841 : eec1ab;
7842 : f2c4ab;
7843 : f2c5af;
7844 : f2c4ad;
7845 : efbfa9;
7846 : edbda6;
7847 : edbea7;
7848 : ecbca4;
7849 : eabaa4;
7850 : eabaa2;
7851 : ebbaa3;
7852 : ecbba2;
7853 : eebaa2;
7854 : efbda3;
7855 : eebea4;
7856 : ecbba1;
7857 : e8b69e;
7858 : e6b49b;
7859 : e5b196;
7860 : dab6aa;
7861 : d5cfd2;
7862 : dbdce3;
7863 : dad8db;
7864 : d8d7dc;
7865 : d9d7dc;
7866 : d9d7dc;
7867 : d6d5d9;
7868 : d4d2d7;
7869 : d5d3d9;
7870 : ccc9d0;
7871 : c4c6d4;
7872 : b7c1d8;
7873 : b7c0d4;
7874 : b3bbd1;
7875 : d1ced4;
7876 : cbc7cd;
7877 : c9c4cb;
7878 : e7e4e7;
7879 : ffffff;
7880 : ffffff;
7881 : ffffff;
7882 : ffffff;
7883 : ffffff;
7884 : ffffff;
7885 : ffffff;
7886 : ffffff;
7887 : ffffff;
7888 : ffffff;
7889 : ffffff;
7890 : ffffff;
7891 : ffffff;
7892 : ffffff;
7893 : ffffff;
7894 : ffffff;
7895 : ffffff;
7896 : ffffff;
7897 : ffffff;
7898 : ffffff;
7899 : ffffff;
7900 : ffffff;
7901 : ffffff;
7902 : ffffff;
7903 : ffffff;
7904 : ffffff;
7905 : ffffff;
7906 : ffffff;
7907 : ffffff;
7908 : ffffff;
7909 : ffffff;
7910 : ffffff;
7911 : ffffff;
7912 : ffffff;
7913 : ffffff;
7914 : ffffff;
7915 : ffffff;
7916 : ffffff;
7917 : d1ccce;
7918 : c9bfc1;
7919 : cec4c8;
7920 : cfcace;
7921 : d0cad0;
7922 : d1cbd0;
7923 : d1cfd3;
7924 : bbc2d2;
7925 : bec4d5;
7926 : bdc3d6;
7927 : b8bfd5;
7928 : cbcdd8;
7929 : d7d5d9;
7930 : d8d7dc;
7931 : dad9df;
7932 : dbdade;
7933 : dbdadf;
7934 : dbd9df;
7935 : dcdadf;
7936 : dcdce2;
7937 : d8dae1;
7938 : d7cac7;
7939 : debcad;
7940 : e8b7a0;
7941 : ebba9f;
7942 : efbea5;
7943 : f2c2a9;
7944 : f2c4ab;
7945 : f1c3ab;
7946 : f1c2aa;
7947 : f2c2aa;
7948 : f3c4ab;
7949 : f2c5ad;
7950 : f2c3ad;
7951 : f2c2ab;
7952 : f2c3ab;
7953 : f3c2a9;
7954 : f1c0a7;
7955 : efbda3;
7956 : ebb69b;
7957 : e2b19b;
7958 : dabeb3;
7959 : d6cfd1;
7960 : d9dde5;
7961 : dbdae0;
7962 : d9d7db;
7963 : d9d7db;
7964 : dad9de;
7965 : dad9de;
7966 : d8d6db;
7967 : d3d2d7;
7968 : d1cfd4;
7969 : d6d5da;
7970 : d0ced5;
7971 : b6bed5;
7972 : b7c0d6;
7973 : bac2d6;
7974 : b5bed3;
7975 : cccbd3;
7976 : d0cdd2;
7977 : cfccd1;
7978 : c9c5cb;
7979 : cbc5cc;
7980 : f6f6f6;
7981 : ffffff;
7982 : ffffff;
7983 : ffffff;
7984 : ffffff;
7985 : ffffff;
7986 : ffffff;
7987 : ffffff;
7988 : ffffff;
7989 : ffffff;
7990 : ffffff;
7991 : ffffff;
7992 : ffffff;
7993 : ffffff;
7994 : ffffff;
7995 : ffffff;
7996 : ffffff;
7997 : ffffff;
7998 : ffffff;
7999 : ffffff;
8000 : ffffff;
8001 : ffffff;
8002 : ffffff;
8003 : ffffff;
8004 : ffffff;
8005 : ffffff;
8006 : ffffff;
8007 : ffffff;
8008 : ffffff;
8009 : ffffff;
8010 : ffffff;
8011 : ffffff;
8012 : ffffff;
8013 : ffffff;
8014 : ffffff;
8015 : fdfdfd;
8016 : ccc6c8;
8017 : ccc4c8;
8018 : cfcacf;
8019 : d0cacd;
8020 : d0cbce;
8021 : d2ccd1;
8022 : d0cdd2;
8023 : cdcbd3;
8024 : b6bfd3;
8025 : bac1d3;
8026 : bdc4d7;
8027 : bcc3d6;
8028 : c0c5d7;
8029 : dad8db;
8030 : d4d2d8;
8031 : d8d5da;
8032 : dcdae1;
8033 : dcdbe1;
8034 : dddbe0;
8035 : dbdadf;
8036 : dbdadf;
8037 : dddbe0;
8038 : dddce2;
8039 : dadde4;
8040 : d7d8de;
8041 : d8cccb;
8042 : dec4bb;
8043 : e0bdaf;
8044 : e9baa5;
8045 : f1bea3;
8046 : f4c0a4;
8047 : f5c1a5;
8048 : f5c0a6;
8049 : f6c2a7;
8050 : f6c5aa;
8051 : f6c4a7;
8052 : f5c2a6;
8053 : ebbba5;
8054 : e2bdad;
8055 : dcc4bb;
8056 : d7d0d1;
8057 : d9d9e0;
8058 : dddce2;
8059 : dcdadf;
8060 : dbdade;
8061 : dad9de;
8062 : dad9dd;
8063 : dbdadf;
8064 : dbdadf;
8065 : dbd9de;
8066 : d0ccd2;
8067 : d3d1d6;
8068 : d1cfd4;
8069 : d7d5da;
8070 : c5c6d4;
8071 : b9c2d8;
8072 : b9c0d4;
8073 : bac2d6;
8074 : b9c2d7;
8075 : cccdd5;
8076 : d1cfd3;
8077 : cec9d0;
8078 : cfcad0;
8079 : cfccd2;
8080 : c7c2c9;
8081 : dfdade;
8082 : ffffff;
8083 : ffffff;
8084 : ffffff;
8085 : ffffff;
8086 : ffffff;
8087 : ffffff;
8088 : ffffff;
8089 : ffffff;
8090 : ffffff;
8091 : ffffff;
8092 : ffffff;
8093 : ffffff;
8094 : ffffff;
8095 : ffffff;
8096 : ffffff;
8097 : ffffff;
8098 : ffffff;
8099 : ffffff;
8100 : ffffff;
8101 : ffffff;
8102 : ffffff;
8103 : ffffff;
8104 : ffffff;
8105 : ffffff;
8106 : ffffff;
8107 : ffffff;
8108 : ffffff;
8109 : ffffff;
8110 : ffffff;
8111 : ffffff;
8112 : ffffff;
8113 : ffffff;
8114 : fbfafa;
8115 : c4bebf;
8116 : d1cdd0;
8117 : cfcbcf;
8118 : d2cfd2;
8119 : d4d0d3;
8120 : d4d0d3;
8121 : d3cfd4;
8122 : d3cfd4;
8123 : cccdd6;
8124 : bbc3d7;
8125 : bec6d9;
8126 : bcc4d7;
8127 : bec5d7;
8128 : bbc3d7;
8129 : d4d3da;
8130 : d5d4d8;
8131 : d9d7dd;
8132 : d7d6db;
8133 : d9d8dd;
8134 : dbdae1;
8135 : dddce1;
8136 : dbdbe0;
8137 : dcdbe0;
8138 : dddce1;
8139 : dedce1;
8140 : dedde2;
8141 : dfdfe5;
8142 : dedfe6;
8143 : dee1e7;
8144 : dbdfe7;
8145 : d6d7df;
8146 : d8d5da;
8147 : d9d4d7;
8148 : d9d3d6;
8149 : d8d4d7;
8150 : d8d3d6;
8151 : d6d3d8;
8152 : d5d3d9;
8153 : d8dae1;
8154 : dcdde4;
8155 : dcdde4;
8156 : dddce1;
8157 : dbd9de;
8158 : dcd9dd;
8159 : dbd8dd;
8160 : dad9de;
8161 : dbd9de;
8162 : dbd9de;
8163 : dbdadf;
8164 : d8d6db;
8165 : d8d6db;
8166 : cfccd2;
8167 : d4d2d7;
8168 : d3d2d6;
8169 : d4d3d9;
8170 : b6bfd5;
8171 : bbc3d6;
8172 : bac2d6;
8173 : bcc4d6;
8174 : b7c1d5;
8175 : cecdd6;
8176 : d4d0d4;
8177 : d0d0d5;
8178 : cfccd2;
8179 : cfccd2;
8180 : d1cacf;
8181 : cbc5c9;
8182 : cac4c9;
8183 : ffffff;
8184 : ffffff;
8185 : ffffff;
8186 : ffffff;
8187 : ffffff;
8188 : ffffff;
8189 : ffffff;
8190 : ffffff;
8191 : ffffff;
8192 : ffffff;
8193 : ffffff;
8194 : ffffff;
8195 : ffffff;
8196 : ffffff;
8197 : ffffff;
8198 : ffffff;
8199 : ffffff;
8200 : ffffff;
8201 : ffffff;
8202 : ffffff;
8203 : ffffff;
8204 : ffffff;
8205 : ffffff;
8206 : ffffff;
8207 : ffffff;
8208 : ffffff;
8209 : ffffff;
8210 : ffffff;
8211 : ffffff;
8212 : ffffff;
8213 : ffffff;
8214 : dcd9d9;
8215 : c8c2c5;
8216 : d7d2d4;
8217 : d4cfd3;
8218 : d6d1d5;
8219 : d8d3d7;
8220 : d7d2d6;
8221 : d6d2d8;
8222 : d4d2d6;
8223 : c8cbd7;
8224 : bec5d7;
8225 : bdc4d7;
8226 : c0c7d8;
8227 : bfc5d8;
8228 : bcc3d8;
8229 : caccd8;
8230 : d8d6db;
8231 : d9d8dd;
8232 : d5d4d9;
8233 : d6d4d9;
8234 : d9d7dc;
8235 : dbd9de;
8236 : dbdade;
8237 : dbdadf;
8238 : dcdbe0;
8239 : dbdae0;
8240 : dddce0;
8241 : dedce1;
8242 : dddbe1;
8243 : dfdde2;
8244 : dedce1;
8245 : dedce1;
8246 : dfdee3;
8247 : dfdee3;
8248 : dfdee3;
8249 : dfdde3;
8250 : dddce1;
8251 : dedbe1;
8252 : dedbe0;
8253 : dedadf;
8254 : dddbe0;
8255 : dddbe0;
8256 : dcdae0;
8257 : dbd9df;
8258 : dad8de;
8259 : d9d8dd;
8260 : dcdadf;
8261 : d7d6db;
8262 : d9d6db;
8263 : d6d4d9;
8264 : d5d3d9;
8265 : d8d6db;
8266 : d1ced3;
8267 : d1cfd5;
8268 : d8d5d9;
8269 : c4c8d7;
8270 : bbc5d8;
8271 : bcc4d6;
8272 : bbc2d7;
8273 : bec5d7;
8274 : b7c0d6;
8275 : d1d1d8;
8276 : d8d5da;
8277 : d7d3d7;
8278 : d5d3d7;
8279 : d1ccd0;
8280 : d0c9cc;
8281 : d3d0d4;
8282 : ccc8cd;
8283 : d9d6db;
8284 : ffffff;
8285 : ffffff;
8286 : ffffff;
8287 : ffffff;
8288 : ffffff;
8289 : ffffff;
8290 : ffffff;
8291 : ffffff;
8292 : ffffff;
8293 : ffffff;
8294 : ffffff;
8295 : ffffff;
8296 : ffffff;
8297 : ffffff;
8298 : ffffff;
8299 : ffffff;
8300 : ffffff;
8301 : ffffff;
8302 : ffffff;
8303 : ffffff;
8304 : ffffff;
8305 : ffffff;
8306 : ffffff;
8307 : ffffff;
8308 : ffffff;
8309 : ffffff;
8310 : ffffff;
8311 : ffffff;
8312 : ffffff;
8313 : ffffff;
8314 : c9c1c1;
8315 : ccc8cb;
8316 : d8d4d8;
8317 : d8d3d7;
8318 : d6d1d5;
8319 : d8d3d9;
8320 : d7d3d8;
8321 : d4d2d7;
8322 : d7d4d9;
8323 : c4c9d7;
8324 : bdc5d8;
8325 : bcc4d8;
8326 : bfc6d9;
8327 : c0c8da;
8328 : bfc7d9;
8329 : c0c7d8;
8330 : d9d7db;
8331 : d8d7db;
8332 : d4d2d7;
8333 : d7d6db;
8334 : d9d6dc;
8335 : d9d7dc;
8336 : d8d7dc;
8337 : d9d8dd;
8338 : dbd9de;
8339 : dbdadf;
8340 : dbdadf;
8341 : dbdadf;
8342 : dcdae1;
8343 : dddbe1;
8344 : dddce1;
8345 : dedce1;
8346 : dedce1;
8347 : dfdde2;
8348 : dedde2;
8349 : dedce1;
8350 : dddce1;
8351 : dcdadf;
8352 : dbdadf;
8353 : dadadf;
8354 : dbd9de;
8355 : dad8dd;
8356 : dad7db;
8357 : dbd8dd;
8358 : dad8dd;
8359 : d9d8dc;
8360 : dad8dd;
8361 : d6d3d8;
8362 : d6d5d9;
8363 : d5d4d8;
8364 : d6d5da;
8365 : d9d7dc;
8366 : d2d0d5;
8367 : d1cfd5;
8368 : d8d6db;
8369 : b9c1d5;
8370 : bcc4d8;
8371 : bdc5d9;
8372 : bdc4d8;
8373 : bdc4d6;
8374 : b7c1d6;
8375 : d1d0d8;
8376 : d7d3d7;
8377 : d6d1d4;
8378 : d9d5db;
8379 : d5cfd4;
8380 : d1cccf;
8381 : d3d1d6;
8382 : d6d5d9;
8383 : c1bcc3;
8384 : edeced;
8385 : ffffff;
8386 : ffffff;
8387 : ffffff;
8388 : ffffff;
8389 : ffffff;
8390 : ffffff;
8391 : ffffff;
8392 : ffffff;
8393 : ffffff;
8394 : ffffff;
8395 : ffffff;
8396 : ffffff;
8397 : ffffff;
8398 : ffffff;
8399 : ffffff;
8400 : ffffff;
8401 : ffffff;
8402 : ffffff;
8403 : ffffff;
8404 : ffffff;
8405 : ffffff;
8406 : ffffff;
8407 : ffffff;
8408 : ffffff;
8409 : ffffff;
8410 : ffffff;
8411 : ffffff;
8412 : ffffff;
8413 : e9e7e8;
8414 : c9c5c8;
8415 : d3ced2;
8416 : d7d4d7;
8417 : dad7db;
8418 : d6d1d6;
8419 : d9d5da;
8420 : d4d2d8;
8421 : d6d4d9;
8422 : d7d4d9;
8423 : c5cad8;
8424 : bdc4d7;
8425 : c0c7da;
8426 : c3cadb;
8427 : c0c8da;
8428 : bec6d8;
8429 : bec6d9;
8430 : d4d3da;
8431 : d9d7dc;
8432 : d6d4d9;
8433 : d8d6db;
8434 : d9d7dc;
8435 : d9d8dc;
8436 : d6d6da;
8437 : d7d6db;
8438 : d9d7dc;
8439 : dad9de;
8440 : dad8dd;
8441 : dad9dd;
8442 : dad9de;
8443 : dad8dd;
8444 : dad8dd;
8445 : dcdadf;
8446 : dcdadf;
8447 : dbdadf;
8448 : dbdadf;
8449 : dcd9de;
8450 : dbd7db;
8451 : dad5d9;
8452 : dad7dd;
8453 : dad6dc;
8454 : dad6db;
8455 : d8d5da;
8456 : d9d4da;
8457 : d7d6db;
8458 : d7d5da;
8459 : d7d5da;
8460 : d9d7db;
8461 : d4d2d7;
8462 : d7d6da;
8463 : d5d4d8;
8464 : d6d4d9;
8465 : d9d8dd;
8466 : d3d0d6;
8467 : d4d2d8;
8468 : caccd9;
8469 : bec7db;
8470 : bbc3d7;
8471 : bdc4d8;
8472 : bdc5d8;
8473 : bec5d7;
8474 : b6bfd3;
8475 : d6d4d9;
8476 : d6d2d5;
8477 : d5d1d5;
8478 : d9d3d7;
8479 : d8d7dc;
8480 : d5d3d8;
8481 : d5d3d8;
8482 : dbd9dd;
8483 : cecbd1;
8484 : c2bec5;
8485 : ffffff;
8486 : ffffff;
8487 : ffffff;
8488 : ffffff;
8489 : ffffff;
8490 : ffffff;
8491 : ffffff;
8492 : ffffff;
8493 : ffffff;
8494 : ffffff;
8495 : ffffff;
8496 : ffffff;
8497 : ffffff;
8498 : ffffff;
8499 : ffffff;
8500 : ffffff;
8501 : ffffff;
8502 : ffffff;
8503 : ffffff;
8504 : ffffff;
8505 : ffffff;
8506 : ffffff;
8507 : ffffff;
8508 : ffffff;
8509 : ffffff;
8510 : ffffff;
8511 : ffffff;
8512 : ffffff;
8513 : d1cdd0;
8514 : ccc8cc;
8515 : d5d4d9;
8516 : d3d0d6;
8517 : ddd8dc;
8518 : d7d3d7;
8519 : d8d4da;
8520 : d4d3d7;
8521 : d8d6db;
8522 : d7d4d8;
8523 : c1c6d6;
8524 : bfc5d6;
8525 : bec6d9;
8526 : c0c9da;
8527 : c2c9d9;
8528 : c0c7d8;
8529 : bfc8da;
8530 : cccdd8;
8531 : d9d8dc;
8532 : d6d4da;
8533 : d8d6db;
8534 : d9d7dc;
8535 : d9d8dc;
8536 : d9d7dc;
8537 : d8d6dc;
8538 : d9d6db;
8539 : d7d5da;
8540 : d8d6dc;
8541 : d9d7dc;
8542 : d9d8dc;
8543 : d8d7dc;
8544 : d8d6da;
8545 : d9d8dd;
8546 : d9d7dd;
8547 : dad7dc;
8548 : d9d7dd;
8549 : d9d4d9;
8550 : d8d3d7;
8551 : d8d4d9;
8552 : d7d4da;
8553 : d7d5da;
8554 : d9d4d7;
8555 : d8d5da;
8556 : d7d6db;
8557 : d7d5da;
8558 : d7d6db;
8559 : d8d7dc;
8560 : d7d5da;
8561 : d4d2d7;
8562 : d8d5da;
8563 : d5d3d8;
8564 : d4d3d8;
8565 : d9d7dd;
8566 : d3d1d6;
8567 : d8d6dc;
8568 : babfce;
8569 : bdc3d4;
8570 : bec5d9;
8571 : bec5d9;
8572 : c0c7d9;
8573 : bfc6d8;
8574 : b7bed3;
8575 : d5d3d9;
8576 : d9d7dd;
8577 : d6d1d5;
8578 : d8d4d8;
8579 : d8d7dc;
8580 : d7d6da;
8581 : d8d7dc;
8582 : dcdae0;
8583 : d5d3d9;
8584 : c8c2c8;
8585 : d2d0d6;
8586 : ffffff;
8587 : ffffff;
8588 : ffffff;
8589 : ffffff;
8590 : ffffff;
8591 : ffffff;
8592 : ffffff;
8593 : ffffff;
8594 : ffffff;
8595 : ffffff;
8596 : ffffff;
8597 : ffffff;
8598 : ffffff;
8599 : ffffff;
8600 : ffffff;
8601 : ffffff;
8602 : ffffff;
8603 : ffffff;
8604 : ffffff;
8605 : ffffff;
8606 : ffffff;
8607 : ffffff;
8608 : ffffff;
8609 : ffffff;
8610 : ffffff;
8611 : ffffff;
8612 : f6f5f5;
8613 : c9c6cb;
8614 : d0ced2;
8615 : d4d2d7;
8616 : cecbd0;
8617 : dbd8dd;
8618 : d9d7dd;
8619 : d6d4d9;
8620 : d4d3d8;
8621 : d5d2d7;
8622 : d8d5da;
8623 : bfc6d5;
8624 : bfc6d8;
8625 : bfc6d9;
8626 : c1c9da;
8627 : c2c8d9;
8628 : c1c8d8;
8629 : bfc7da;
8630 : c4c8d8;
8631 : dad8dc;
8632 : d7d5da;
8633 : d8d7db;
8634 : d9d7dc;
8635 : d9d7dc;
8636 : d8d5da;
8637 : d8d5da;
8638 : d8d7dc;
8639 : d8d7dc;
8640 : d9d8dd;
8641 : d9d7dc;
8642 : d9d7dc;
8643 : d8d6db;
8644 : d8d6db;
8645 : d8d6db;
8646 : d8d6db;
8647 : d8d6dc;
8648 : d8d5db;
8649 : d8d5da;
8650 : d8d5db;
8651 : d8d6db;
8652 : d6d5da;
8653 : d8d4d9;
8654 : d8d4d9;
8655 : d8d6db;
8656 : d8d6db;
8657 : d6d4d9;
8658 : d6d4d9;
8659 : d8d6db;
8660 : d7d5da;
8661 : d4d1d6;
8662 : d9d4da;
8663 : d6d1d7;
8664 : d3cfd5;
8665 : d9d6db;
8666 : d5d1d7;
8667 : d1d1d8;
8668 : bac4d9;
8669 : bdc4d7;
8670 : bfc7d9;
8671 : bec5d8;
8672 : bec7d9;
8673 : bfc5d7;
8674 : b7c0d5;
8675 : d2d1d8;
8676 : dbd9dd;
8677 : d7d5da;
8678 : d6d4d9;
8679 : d8d5db;
8680 : d9d6da;
8681 : d8d7dc;
8682 : d9d8dd;
8683 : d8d8dc;
8684 : c9c3c9;
8685 : c5c3ca;
8686 : f7f5f7;
8687 : ffffff;
8688 : ffffff;
8689 : ffffff;
8690 : ffffff;
8691 : ffffff;
8692 : ffffff;
8693 : ffffff;
8694 : ffffff;
8695 : ffffff;
8696 : ffffff;
8697 : ffffff;
8698 : ffffff;
8699 : ffffff;
8700 : ffffff;
8701 : ffffff;
8702 : ffffff;
8703 : ffffff;
8704 : ffffff;
8705 : ffffff;
8706 : ffffff;
8707 : ffffff;
8708 : ffffff;
8709 : ffffff;
8710 : ffffff;
8711 : ffffff;
8712 : ded9d9;
8713 : cbc6cb;
8714 : d5d4d9;
8715 : d6d4d9;
8716 : cdc9cf;
8717 : d6d3d8;
8718 : dbdadf;
8719 : d6d4d9;
8720 : d5d3d8;
8721 : d7d6da;
8722 : d7d5d9;
8723 : bfc4d6;
8724 : bec6d8;
8725 : bfc7d9;
8726 : c2c9da;
8727 : c1c9d9;
8728 : c0c8d9;
8729 : c0c7d8;
8730 : bec5d8;
8731 : d7d6da;
8732 : d7d5da;
8733 : d8d7dc;
8734 : d9d7dc;
8735 : d9d7dc;
8736 : d7d6db;
8737 : d8d7dc;
8738 : d8d6dc;
8739 : d8d6db;
8740 : d8d7dc;
8741 : d8d8dd;
8742 : d9d6db;
8743 : d9d7db;
8744 : d9d7dd;
8745 : d9d7dc;
8746 : d9d6db;
8747 : d9d6db;
8748 : d9d5da;
8749 : d9d6db;
8750 : d8d6da;
8751 : d7d4da;
8752 : d8d6db;
8753 : d6d4d9;
8754 : d8d3d9;
8755 : d6d4da;
8756 : d7d5da;
8757 : d8d6db;
8758 : d7d5da;
8759 : d9d6dc;
8760 : d6d3d7;
8761 : d5d0d6;
8762 : d6d2d7;
8763 : d5d0d3;
8764 : d3cfd5;
8765 : d8d3d9;
8766 : d8d5d9;
8767 : c4c7d5;
8768 : bdc5da;
8769 : bec5d8;
8770 : c0c7d9;
8771 : bfc7d9;
8772 : c0c8da;
8773 : bdc3d6;
8774 : b8c2d6;
8775 : d3d2d8;
8776 : dad8dc;
8777 : d8d6dc;
8778 : d5d3d8;
8779 : d9d7dc;
8780 : d8d7db;
8781 : d9d8de;
8782 : d9d8dd;
8783 : d6d4d9;
8784 : ccc8ce;
8785 : c5c1c8;
8786 : dedde0;
8787 : ffffff;
8788 : ffffff;
8789 : ffffff;
8790 : ffffff;
8791 : ffffff;
8792 : ffffff;
8793 : ffffff;
8794 : ffffff;
8795 : ffffff;
8796 : ffffff;
8797 : ffffff;
8798 : ffffff;
8799 : ffffff;
8800 : ffffff;
8801 : ffffff;
8802 : ffffff;
8803 : ffffff;
8804 : ffffff;
8805 : ffffff;
8806 : ffffff;
8807 : ffffff;
8808 : ffffff;
8809 : ffffff;
8810 : ffffff;
8811 : ffffff;
8812 : cbc5c9;
8813 : cec9ce;
8814 : d5d4d9;
8815 : d7d5da;
8816 : ceccd1;
8817 : d0cbd0;
8818 : dddce1;
8819 : d7d6db;
8820 : d4d2d7;
8821 : d8d6db;
8822 : d8d6da;
8823 : bec5d5;
8824 : bfc6d8;
8825 : c0c8da;
8826 : c2cadb;
8827 : c0c9da;
8828 : c0c7d8;
8829 : c1c8d8;
8830 : c0c8da;
8831 : d0cfd8;
8832 : d7d5da;
8833 : d8d7dc;
8834 : d9d7db;
8835 : d8d6db;
8836 : d7d6da;
8837 : d9d7dc;
8838 : d9d8dd;
8839 : d9d7dc;
8840 : d9d8dd;
8841 : d9d7dc;
8842 : d8d5db;
8843 : d8d6db;
8844 : d8d5da;
8845 : d8d6db;
8846 : d8d5da;
8847 : d9d6db;
8848 : d8d5da;
8849 : d8d6db;
8850 : d9d8dd;
8851 : d9d6dc;
8852 : d7d5da;
8853 : d7d3d9;
8854 : d7d5d9;
8855 : d6d5da;
8856 : d7d5da;
8857 : d7d4d9;
8858 : d7d6db;
8859 : d9d6dc;
8860 : d5d2d7;
8861 : d5cfd5;
8862 : d7d2d7;
8863 : d5d1d6;
8864 : d3cfd4;
8865 : d8d3d8;
8866 : d7d6da;
8867 : bcc3d8;
8868 : c0c6d8;
8869 : bfc6d8;
8870 : bcc4d7;
8871 : bfc6d8;
8872 : c1c8da;
8873 : bcc2d4;
8874 : bbc2d7;
8875 : d2d1d6;
8876 : dad8dd;
8877 : d7d6db;
8878 : d6d4d9;
8879 : dad8de;
8880 : d9d7dc;
8881 : dad8dd;
8882 : d9d8dd;
8883 : d3d1d6;
8884 : d0ced5;
8885 : c8c3c8;
8886 : cccbd1;
8887 : ffffff;
8888 : ffffff;
8889 : ffffff;
8890 : ffffff;
8891 : ffffff;
8892 : ffffff;
8893 : ffffff;
8894 : ffffff;
8895 : ffffff;
8896 : ffffff;
8897 : ffffff;
8898 : ffffff;
8899 : ffffff;
8900 : ffffff;
8901 : ffffff;
8902 : ffffff;
8903 : ffffff;
8904 : ffffff;
8905 : ffffff;
8906 : ffffff;
8907 : ffffff;
8908 : ffffff;
8909 : ffffff;
8910 : ffffff;
8911 : e9e6e7;
8912 : ccc6cb;
8913 : cec9cc;
8914 : d4d3d8;
8915 : d6d4d9;
8916 : d7d5d9;
8917 : c8c5cb;
8918 : dad8dc;
8919 : d7d5da;
8920 : d4d2d8;
8921 : d6d4d9;
8922 : dad7db;
8923 : bdc3d4;
8924 : c0c7d8;
8925 : c1cada;
8926 : c2cada;
8927 : c1c9d9;
8928 : c0c8d9;
8929 : bfc7d8;
8930 : c0c8da;
8931 : c9cbd8;
8932 : d8d7db;
8933 : d7d5da;
8934 : d8d6db;
8935 : d9d7dc;
8936 : d8d6db;
8937 : d9d6db;
8938 : d9d7db;
8939 : d8d7dc;
8940 : d9d7dc;
8941 : dad5da;
8942 : d8d4d9;
8943 : d8d7db;
8944 : d9d6db;
8945 : d9d5db;
8946 : d8d6db;
8947 : d9d5d9;
8948 : d9d6db;
8949 : d9d7dc;
8950 : d8d5da;
8951 : d8d5da;
8952 : d8d5db;
8953 : d7d6db;
8954 : d9d7dc;
8955 : d8d6dc;
8956 : d6d3d9;
8957 : d7d5da;
8958 : d7d6db;
8959 : d8d7dc;
8960 : d5d3d8;
8961 : d6d1d7;
8962 : d7d2d8;
8963 : d6d1d7;
8964 : d2ced3;
8965 : d7d4d9;
8966 : d0cfd7;
8967 : bac4d9;
8968 : bbc3d3;
8969 : bec6d8;
8970 : bfc7d9;
8971 : bec5d8;
8972 : c2cada;
8973 : bec5d6;
8974 : bdc4d7;
8975 : d1cfd6;
8976 : d8d6da;
8977 : d5d3d8;
8978 : d8d6db;
8979 : d9d7dc;
8980 : d8d6dc;
8981 : d9d7dc;
8982 : d8d7dc;
8983 : cdc8cf;
8984 : d6d5db;
8985 : d0cbd0;
8986 : c6c2c8;
8987 : eeedee;
8988 : ffffff;
8989 : ffffff;
8990 : ffffff;
8991 : ffffff;
8992 : ffffff;
8993 : ffffff;
8994 : ffffff;
8995 : ffffff;
8996 : ffffff;
8997 : ffffff;
8998 : ffffff;
8999 : ffffff;
9000 : ffffff;
9001 : ffffff;
9002 : ffffff;
9003 : ffffff;
9004 : ffffff;
9005 : ffffff;
9006 : ffffff;
9007 : ffffff;
9008 : ffffff;
9009 : ffffff;
9010 : ffffff;
9011 : d0cacd;
9012 : c8c3c7;
9013 : cec9ca;
9014 : d6d3d8;
9015 : d7d5db;
9016 : d6d5d9;
9017 : cbc9cf;
9018 : d3cfd4;
9019 : d7d6db;
9020 : d2d1d6;
9021 : d4d2d7;
9022 : d7d5d9;
9023 : bdc3d3;
9024 : c1c8d8;
9025 : c2cada;
9026 : c1c9da;
9027 : c1c8da;
9028 : bec7d7;
9029 : c0c7d8;
9030 : c1c8da;
9031 : c2c7d7;
9032 : dbd9dc;
9033 : d9d6db;
9034 : d8d7db;
9035 : d9d5da;
9036 : d7d5da;
9037 : d7d5da;
9038 : d8d6db;
9039 : d9d7dc;
9040 : d9d8dd;
9041 : d9d5da;
9042 : d8d6db;
9043 : d8d7dc;
9044 : d8d6db;
9045 : d9d6da;
9046 : d9d7db;
9047 : d9d6db;
9048 : d8d6dc;
9049 : d8d5da;
9050 : d8d6db;
9051 : d8d5db;
9052 : d9d7dc;
9053 : d9d7dd;
9054 : d8d6db;
9055 : d8d4da;
9056 : d8d4d9;
9057 : d8d6db;
9058 : d7d5da;
9059 : d8d6db;
9060 : d6d3d9;
9061 : d6d2d8;
9062 : d6d2d7;
9063 : d7d2d8;
9064 : d3ced4;
9065 : dad8dc;
9066 : c3c5d4;
9067 : bec6da;
9068 : bcc3d5;
9069 : bec5d8;
9070 : c1c8d9;
9071 : bfc6d9;
9072 : c0c7da;
9073 : c1c7d7;
9074 : bdc5d8;
9075 : cecbd2;
9076 : d7d5da;
9077 : d5d3d8;
9078 : d9d7dc;
9079 : d8d7dc;
9080 : d9d8dc;
9081 : d8d7dc;
9082 : d6d4d9;
9083 : cbc7cd;
9084 : dbdadf;
9085 : d5d4d9;
9086 : c0b9be;
9087 : d5d4d9;
9088 : ffffff;
9089 : ffffff;
9090 : ffffff;
9091 : ffffff;
9092 : ffffff;
9093 : ffffff;
9094 : ffffff;
9095 : ffffff;
9096 : ffffff;
9097 : ffffff;
9098 : ffffff;
9099 : ffffff;
9100 : ffffff;
9101 : ffffff;
9102 : ffffff;
9103 : ffffff;
9104 : ffffff;
9105 : ffffff;
9106 : ffffff;
9107 : ffffff;
9108 : ffffff;
9109 : ffffff;
9110 : f8f7f7;
9111 : c5bcc0;
9112 : c9c0c1;
9113 : d0ccd0;
9114 : d2cfd4;
9115 : d6d1d5;
9116 : d8d4d9;
9117 : d4d4d8;
9118 : cac7cd;
9119 : d9d7dc;
9120 : d4d2d7;
9121 : d3d0d5;
9122 : d7d5d9;
9123 : bcc3d5;
9124 : c0c7d8;
9125 : c2c9da;
9126 : c3c9da;
9127 : c1c8d9;
9128 : c0c7d9;
9129 : bfc7d9;
9130 : c1c7d7;
9131 : bfc8d9;
9132 : d7d4db;
9133 : d9d7dc;
9134 : d8d6db;
9135 : d8d7dc;
9136 : d8d7dc;
9137 : d7d6db;
9138 : d9d5db;
9139 : d8d6dc;
9140 : d8d5db;
9141 : d9d6db;
9142 : d9d7dc;
9143 : d9d6db;
9144 : d8d7dc;
9145 : d8d5da;
9146 : d8d6db;
9147 : d9d7dc;
9148 : d8d6db;
9149 : d9d5da;
9150 : d8d6db;
9151 : d8d5da;
9152 : d8d4d9;
9153 : d8d5da;
9154 : d8d7dc;
9155 : d9d5da;
9156 : d8d5db;
9157 : d8d7dc;
9158 : d7d5da;
9159 : d8d6db;
9160 : d5d4d9;
9161 : d6d2d8;
9162 : d7d2d8;
9163 : d7d2d8;
9164 : d3d0d4;
9165 : d8d6da;
9166 : bbc2d5;
9167 : bec5d8;
9168 : bec6d8;
9169 : bfc6d9;
9170 : bfc7da;
9171 : c0c6d8;
9172 : bfc6d8;
9173 : c0c7d8;
9174 : bdc6d9;
9175 : cfccd3;
9176 : d3d2d6;
9177 : d9d7dc;
9178 : d9d6db;
9179 : d9d7dc;
9180 : dad8de;
9181 : d6d5db;
9182 : cdc8cf;
9183 : d3d2d8;
9184 : dad9de;
9185 : d5d4d9;
9186 : bfb7bb;
9187 : c8c6cc;
9188 : fbfafb;
9189 : ffffff;
9190 : ffffff;
9191 : ffffff;
9192 : ffffff;
9193 : ffffff;
9194 : ffffff;
9195 : ffffff;
9196 : ffffff;
9197 : ffffff;
9198 : ffffff;
9199 : ffffff;
9200 : ffffff;
9201 : ffffff;
9202 : ffffff;
9203 : ffffff;
9204 : ffffff;
9205 : ffffff;
9206 : ffffff;
9207 : ffffff;
9208 : ffffff;
9209 : ffffff;
9210 : dbd7d8;
9211 : cac1c7;
9212 : c5bdbc;
9213 : d2cfd4;
9214 : d3d1d6;
9215 : d5d1d5;
9216 : d8d3d7;
9217 : d2d0d5;
9218 : cecbd1;
9219 : d6d3d9;
9220 : d3d1d6;
9221 : d0cfd4;
9222 : d6d5d8;
9223 : bdc3d2;
9224 : c0c6d7;
9225 : c2c9da;
9226 : c3cada;
9227 : c0c7d9;
9228 : bfc8d8;
9229 : c2c9d9;
9230 : c1c7d9;
9231 : bec8d9;
9232 : d1d1d9;
9233 : d9d7dc;
9234 : d7d5da;
9235 : d8d6db;
9236 : d8d6db;
9237 : d9d6db;
9238 : d8d6db;
9239 : dad7dc;
9240 : d8d6db;
9241 : d9d6da;
9242 : d9d7dc;
9243 : d9d6da;
9244 : d9d7dc;
9245 : d8d6db;
9246 : d8d6da;
9247 : d8d6db;
9248 : d8d6db;
9249 : d8d6db;
9250 : d8d6db;
9251 : d8d5db;
9252 : d8d5da;
9253 : d9d6dc;
9254 : d8d6db;
9255 : d9d5da;
9256 : d8d6da;
9257 : d7d5da;
9258 : d8d6dc;
9259 : d6d4d9;
9260 : d7d3d7;
9261 : d6d3d8;
9262 : d6d2d8;
9263 : d5d1d7;
9264 : d6d2d7;
9265 : d1d0d7;
9266 : bac3d8;
9267 : bbc2d5;
9268 : bfc6d9;
9269 : bcc2d4;
9270 : c1c8d9;
9271 : c0c8d9;
9272 : bec6d9;
9273 : bfc6d7;
9274 : bcc4d7;
9275 : d2cfd5;
9276 : cfccd2;
9277 : d7d7db;
9278 : d8d6dc;
9279 : dad8de;
9280 : d8d6db;
9281 : d4d3d7;
9282 : c9c3cb;
9283 : d7d7db;
9284 : d7d6db;
9285 : d6d4d9;
9286 : cac5ca;
9287 : c2bbbf;
9288 : e2e1e4;
9289 : ffffff;
9290 : ffffff;
9291 : ffffff;
9292 : ffffff;
9293 : ffffff;
9294 : ffffff;
9295 : ffffff;
9296 : ffffff;
9297 : ffffff;
9298 : ffffff;
9299 : ffffff;
9300 : ffffff;
9301 : ffffff;
9302 : ffffff;
9303 : ffffff;
9304 : ffffff;
9305 : ffffff;
9306 : ffffff;
9307 : ffffff;
9308 : ffffff;
9309 : ffffff;
9310 : c4bcbf;
9311 : c8c0c4;
9312 : c9c0c3;
9313 : d2ced3;
9314 : d3cfd2;
9315 : d7d3d7;
9316 : d7d3d7;
9317 : d1cdd2;
9318 : d3d3d8;
9319 : cecbd2;
9320 : d4d3d7;
9321 : cecbd2;
9322 : d4d3d6;
9323 : bcc2d3;
9324 : bec5d7;
9325 : c2c9d9;
9326 : c1c9d9;
9327 : c0c8d9;
9328 : bfc8d9;
9329 : c0c9da;
9330 : bfc7d8;
9331 : c1c9da;
9332 : cacbd7;
9333 : dad8dd;
9334 : d7d6db;
9335 : d7d5db;
9336 : d9d6da;
9337 : d8d3d7;
9338 : d9d6db;
9339 : d9d6db;
9340 : d9d6db;
9341 : d8d6db;
9342 : d8d5db;
9343 : d9d6dc;
9344 : d8d6db;
9345 : d8d5db;
9346 : d7d5d9;
9347 : d7d5da;
9348 : d8d6db;
9349 : d8d6db;
9350 : d7d6da;
9351 : d8d7dc;
9352 : d8d6db;
9353 : d8d6db;
9354 : d8d5da;
9355 : d9d4d9;
9356 : d8d7dc;
9357 : d8d6db;
9358 : d7d6da;
9359 : d8d5db;
9360 : d7d4d9;
9361 : d7d5da;
9362 : d8d5da;
9363 : d5d1d6;
9364 : d9d6db;
9365 : c3c6d3;
9366 : bdc5d9;
9367 : bcc4d7;
9368 : c0c6d8;
9369 : bdc4d7;
9370 : bec4d8;
9371 : bfc7d9;
9372 : bec5d8;
9373 : bbc1d5;
9374 : bac2d5;
9375 : d6d4d9;
9376 : cfcdd2;
9377 : d4d1d6;
9378 : d8d6db;
9379 : dbdadf;
9380 : d4d2d8;
9381 : cfccd2;
9382 : cdcad0;
9383 : d8d6db;
9384 : d8d6db;
9385 : d6d5da;
9386 : cfcbd0;
9387 : c0b8ba;
9388 : cccad0;
9389 : ffffff;
9390 : ffffff;
9391 : ffffff;
9392 : ffffff;
9393 : ffffff;
9394 : ffffff;
9395 : ffffff;
9396 : ffffff;
9397 : ffffff;
9398 : ffffff;
9399 : ffffff;
9400 : ffffff;
9401 : ffffff;
9402 : ffffff;
9403 : ffffff;
9404 : ffffff;
9405 : ffffff;
9406 : ffffff;
9407 : ffffff;
9408 : ffffff;
9409 : e7e5e5;
9410 : c5bec3;
9411 : c9c0c2;
9412 : cec5c9;
9413 : d2ced3;
9414 : cfcbce;
9415 : d5d0d4;
9416 : d7d2d7;
9417 : cdc9ce;
9418 : d5d3d8;
9419 : cbc8ce;
9420 : d6d4da;
9421 : ccc9cf;
9422 : d5d4d7;
9423 : bcc2d2;
9424 : bec4d5;
9425 : c1c8d8;
9426 : c0c9d9;
9427 : bec7d9;
9428 : bec6d8;
9429 : c0c8d9;
9430 : bfc9da;
9431 : c3c9d9;
9432 : c3c7d6;
9433 : dad8dd;
9434 : d8d5da;
9435 : d7d5da;
9436 : d7d2d7;
9437 : d7d2d6;
9438 : d9d7dc;
9439 : d8d6db;
9440 : d9d7dc;
9441 : d8d6db;
9442 : d8d6db;
9443 : d8d7dc;
9444 : d8d6db;
9445 : d8d6db;
9446 : d8d5db;
9447 : d8d5d9;
9448 : d8d4d8;
9449 : d8d4d9;
9450 : d8d6db;
9451 : d7d5da;
9452 : d7d5da;
9453 : d8d6da;
9454 : d9d5d9;
9455 : d8d3d8;
9456 : d8d5db;
9457 : d8d6db;
9458 : d8d5db;
9459 : d7d4da;
9460 : d7d4da;
9461 : d5d2d8;
9462 : d6d3d9;
9463 : d5d3d8;
9464 : d9d7dc;
9465 : bcc2d5;
9466 : bdc4d7;
9467 : bfc6d8;
9468 : c0c8d9;
9469 : bfc7d9;
9470 : bfc5d7;
9471 : bfc6d9;
9472 : bcc3d6;
9473 : bcc3d5;
9474 : bbc1d3;
9475 : d6d4d8;
9476 : d3d1d6;
9477 : ceccd1;
9478 : d7d5da;
9479 : dbdadf;
9480 : cecbd1;
9481 : cfccd1;
9482 : cfccd2;
9483 : d9d7db;
9484 : d8d3d9;
9485 : d3d0d4;
9486 : d1ced4;
9487 : c5bdc0;
9488 : c8c5ca;
9489 : f0f1f2;
9490 : ffffff;
9491 : ffffff;
9492 : ffffff;
9493 : ffffff;
9494 : ffffff;
9495 : ffffff;
9496 : ffffff;
9497 : ffffff;
9498 : ffffff;
9499 : ffffff;
9500 : ffffff;
9501 : ffffff;
9502 : ffffff;
9503 : ffffff;
9504 : ffffff;
9505 : ffffff;
9506 : ffffff;
9507 : ffffff;
9508 : ffffff;
9509 : cac3c4;
9510 : cac1c8;
9511 : c9c1c3;
9512 : d0cbce;
9513 : d2ced3;
9514 : d1cdd1;
9515 : d5d0d4;
9516 : d9d4d8;
9517 : d1cdd1;
9518 : d1d0d5;
9519 : ccc9cf;
9520 : d2d1d6;
9521 : cac6cd;
9522 : d4d3d6;
9523 : bec1d0;
9524 : bbc2d3;
9525 : bfc7d9;
9526 : bfc7d9;
9527 : bcc5d8;
9528 : bec5d7;
9529 : c0c7d9;
9530 : c0c9da;
9531 : bfc6d8;
9532 : bec6d7;
9533 : d8d6db;
9534 : d8d7db;
9535 : d7d6db;
9536 : d6d3d8;
9537 : d8d3d8;
9538 : d7d4d9;
9539 : d8d6db;
9540 : d7d5da;
9541 : d8d6db;
9542 : d9d6db;
9543 : d7d5da;
9544 : d7d5da;
9545 : d6d3d9;
9546 : d5d3d8;
9547 : d6d4d9;
9548 : d7d3d8;
9549 : d8d4d8;
9550 : d8d4da;
9551 : d8d6da;
9552 : d6d4d9;
9553 : d8d5da;
9554 : d7d5da;
9555 : d8d5da;
9556 : d7d4d9;
9557 : d7d3d9;
9558 : d6d3d8;
9559 : d6d4d9;
9560 : d6d4d9;
9561 : d6d4d9;
9562 : d8d6db;
9563 : d6d4d9;
9564 : d3d3da;
9565 : bac4da;
9566 : bbc2d6;
9567 : bdc5d8;
9568 : c0c8da;
9569 : bfc6d9;
9570 : bcc4d8;
9571 : bdc4d7;
9572 : bcc3d6;
9573 : bbc2d5;
9574 : bbc0d1;
9575 : d3d0d5;
9576 : d2d0d5;
9577 : d0ced2;
9578 : d4d2d7;
9579 : d8d6db;
9580 : cccacf;
9581 : ccc7ce;
9582 : d2cfd5;
9583 : d8d4d8;
9584 : d3d1d6;
9585 : d7d5da;
9586 : d5d2d7;
9587 : cbc3c5;
9588 : c8c3c6;
9589 : d9d8dc;
9590 : ffffff;
9591 : ffffff;
9592 : ffffff;
9593 : ffffff;
9594 : ffffff;
9595 : ffffff;
9596 : ffffff;
9597 : ffffff;
9598 : ffffff;
9599 : ffffff;
9600 : ffffff;
9601 : ffffff;
9602 : ffffff;
9603 : ffffff;
9604 : ffffff;
9605 : ffffff;
9606 : ffffff;
9607 : ffffff;
9608 : f4f3f3;
9609 : beb6b7;
9610 : c8bfbe;
9611 : cfc8cb;
9612 : d3d0d4;
9613 : d2d0d6;
9614 : cfcace;
9615 : d5d1d5;
9616 : d7d3d7;
9617 : d1cdd1;
9618 : cfcdd2;
9619 : ccc7ce;
9620 : cdcbd0;
9621 : c7c3c9;
9622 : d0cdd1;
9623 : c2c4d0;
9624 : b6bccf;
9625 : bfc7d8;
9626 : c0c8da;
9627 : bfc7d9;
9628 : bec4d6;
9629 : c0c8d8;
9630 : c1cada;
9631 : bdc5d8;
9632 : bec6d7;
9633 : d4d4db;
9634 : d7d5da;
9635 : d6d4d9;
9636 : d6d3d8;
9637 : d7d5da;
9638 : d7d5da;
9639 : d8d6db;
9640 : d8d7db;
9641 : d7d5da;
9642 : d8d6db;
9643 : d7d6da;
9644 : d6d5da;
9645 : d7d5da;
9646 : d6d4d9;
9647 : d7d5da;
9648 : d7d5da;
9649 : d5d2d8;
9650 : d5d3d8;
9651 : d6d2d8;
9652 : d6d3d8;
9653 : d8d6db;
9654 : d7d5da;
9655 : d7d6db;
9656 : d7d4da;
9657 : d6d3d8;
9658 : d7d4d9;
9659 : d6d4d9;
9660 : d6d4d9;
9661 : d5d4d8;
9662 : d6d4d9;
9663 : d9d7db;
9664 : c6c8d6;
9665 : bec6d9;
9666 : bac2d7;
9667 : bec5d8;
9668 : bfc7d9;
9669 : bec6da;
9670 : bdc4d7;
9671 : bac2d5;
9672 : bcc3d7;
9673 : bac1d5;
9674 : bfc0cf;
9675 : d0cbcf;
9676 : d0cdd3;
9677 : d0ced4;
9678 : d1d0d5;
9679 : d0ccd3;
9680 : cac7cf;
9681 : cac4cb;
9682 : d3d1d6;
9683 : d5d2d7;
9684 : d7d4d9;
9685 : d7d3d8;
9686 : d2cfd3;
9687 : cbc1c3;
9688 : c7c0c3;
9689 : cac7cc;
9690 : fdfefe;
9691 : ffffff;
9692 : ffffff;
9693 : ffffff;
9694 : ffffff;
9695 : ffffff;
9696 : ffffff;
9697 : ffffff;
9698 : ffffff;
9699 : ffffff;
9700 : ffffff;
9701 : ffffff;
9702 : ffffff;
9703 : ffffff;
9704 : ffffff;
9705 : ffffff;
9706 : ffffff;
9707 : ffffff;
9708 : d6d1d1;
9709 : c7bfc2;
9710 : c9c2c5;
9711 : cbc4c5;
9712 : cfc6ca;
9713 : d2ced2;
9714 : d2cdd1;
9715 : d3ced2;
9716 : d5d0d3;
9717 : cec8ce;
9718 : d2d0d5;
9719 : d1cfd4;
9720 : cecbd2;
9721 : cac8cd;
9722 : c7c1c7;
9723 : c4c5ce;
9724 : b3bace;
9725 : bbc4d7;
9726 : bec7d9;
9727 : c1c9da;
9728 : bcc3d4;
9729 : c0c8d9;
9730 : c0c8da;
9731 : bec5d7;
9732 : bdc5d7;
9733 : d2d2db;
9734 : d8d6db;
9735 : d7d5db;
9736 : d7d5da;
9737 : d6d4d9;
9738 : d7d5da;
9739 : d7d5da;
9740 : d6d4d9;
9741 : d6d4d9;
9742 : d8d6da;
9743 : d6d4d9;
9744 : d7d4d9;
9745 : d5d3d8;
9746 : d7d4d9;
9747 : d6d4d8;
9748 : d5d3d8;
9749 : d7d4d9;
9750 : d5d3d9;
9751 : d6d3d8;
9752 : d7d6da;
9753 : d7d4d9;
9754 : d7d4d9;
9755 : d5d2d7;
9756 : d7d4d9;
9757 : d7d4da;
9758 : d6d4d9;
9759 : d5d3d8;
9760 : d5d3d8;
9761 : d4d1d7;
9762 : d5d3d8;
9763 : dbd9dd;
9764 : bac3d5;
9765 : bec6d9;
9766 : bbc2d7;
9767 : bcc3d7;
9768 : bec5d8;
9769 : bec5d9;
9770 : bcc3d7;
9771 : bbc1d5;
9772 : bec5d7;
9773 : b8c0d5;
9774 : bebdca;
9775 : cdc8cf;
9776 : cdc9d0;
9777 : cecbd1;
9778 : d0ced4;
9779 : ccc9d0;
9780 : c9c3cb;
9781 : c9c6cc;
9782 : d5d1d7;
9783 : d8d6db;
9784 : d5d0d6;
9785 : d4d0d5;
9786 : d4cfd4;
9787 : d1ccd0;
9788 : c7bec0;
9789 : ceccd1;
9790 : e9e7e9;
9791 : ffffff;
9792 : ffffff;
9793 : ffffff;
9794 : ffffff;
9795 : ffffff;
9796 : ffffff;
9797 : ffffff;
9798 : ffffff;
9799 : ffffff;
9800 : ffffff;
9801 : ffffff;
9802 : ffffff;
9803 : ffffff;
9804 : ffffff;
9805 : ffffff;
9806 : ffffff;
9807 : fcfdfd;
9808 : c2bab9;
9809 : cac0c1;
9810 : cfc7ca;
9811 : d1cccf;
9812 : d0ccd1;
9813 : d0ccd1;
9814 : cec7cc;
9815 : d2cbcd;
9816 : d9d4d8;
9817 : d3ced3;
9818 : cecbd0;
9819 : d3d3d7;
9820 : cecbd1;
9821 : d0ced4;
9822 : c4c1c7;
9823 : c5c2ca;
9824 : b4bacd;
9825 : bcc3d5;
9826 : bcc4d8;
9827 : bcc5d7;
9828 : bbc1d2;
9829 : c0c8d9;
9830 : c0c9da;
9831 : bec6d7;
9832 : bec6d8;
9833 : caccd7;
9834 : d9d7db;
9835 : d6d6da;
9836 : d5d3d8;
9837 : d6d4d9;
9838 : d6d5da;
9839 : d5d3d8;
9840 : d6d4d9;
9841 : d7d5da;
9842 : d7d5da;
9843 : d6d4d9;
9844 : d5d3d8;
9845 : d6d3d9;
9846 : d5d2d7;
9847 : d6d2d8;
9848 : d5d2d7;
9849 : d6d2d7;
9850 : d6d3d7;
9851 : d7d4d9;
9852 : d7d5da;
9853 : d7d5da;
9854 : d5d4d9;
9855 : d6d3d8;
9856 : d7d4d9;
9857 : d6d3d9;
9858 : d6d4d9;
9859 : d5d3d9;
9860 : d5d3d8;
9861 : d4d2d8;
9862 : d7d5da;
9863 : d5d4db;
9864 : b9c2d6;
9865 : bbc1d6;
9866 : bcc3d7;
9867 : b9c2d6;
9868 : bec3d9;
9869 : bec6d8;
9870 : bcc4d7;
9871 : b9c0d4;
9872 : bec5d8;
9873 : b9c1d6;
9874 : bdbac2;
9875 : c9c4cc;
9876 : cecbd2;
9877 : ceccd3;
9878 : d0cdd3;
9879 : cbc8cf;
9880 : c8c2c9;
9881 : cfcdd2;
9882 : d7d4d9;
9883 : d4d1d6;
9884 : d6d1d5;
9885 : d7d4d9;
9886 : d4cfd4;
9887 : cfc9cd;
9888 : ccc6ca;
9889 : d2cccf;
9890 : cdc5ca;
9891 : ffffff;
9892 : ffffff;
9893 : ffffff;
9894 : ffffff;
9895 : ffffff;
9896 : ffffff;
9897 : ffffff;
9898 : ffffff;
9899 : ffffff;
9900 : ffffff;
9901 : ffffff;
9902 : ffffff;
9903 : ffffff;
9904 : ffffff;
9905 : ffffff;
9906 : ffffff;
9907 : e1dddd;
9908 : c7bfc1;
9909 : ccc3c7;
9910 : ccc2c4;
9911 : d0c9cb;
9912 : d1cdd0;
9913 : d3d0d4;
9914 : cfcacd;
9915 : d4cfd3;
9916 : d2cdd1;
9917 : d1cbd0;
9918 : cdc8ce;
9919 : d2cfd5;
9920 : cdc9cf;
9921 : cdcbd2;
9922 : c7c5ca;
9923 : c6c3c9;
9924 : b5becf;
9925 : b9c0d3;
9926 : bac2d7;
9927 : bdc4d6;
9928 : bac1d2;
9929 : c0c8d9;
9930 : c0c8d9;
9931 : bdc5d6;
9932 : bdc5d5;
9933 : c2c6d5;
9934 : d8d7db;
9935 : d6d3d9;
9936 : d6d5d9;
9937 : d6d4d9;
9938 : d5d3d8;
9939 : d6d3d8;
9940 : d6d4d9;
9941 : d6d3d9;
9942 : d5d3d8;
9943 : d6d4da;
9944 : d5d3d8;
9945 : d5d2d7;
9946 : d5d2d7;
9947 : d6d3d9;
9948 : d5d3d8;
9949 : d5d1d5;
9950 : d5d2d6;
9951 : d6d2d8;
9952 : d6d3d8;
9953 : d6d4d9;
9954 : d6d4d9;
9955 : d5d2d7;
9956 : d6d2d8;
9957 : d5d3d9;
9958 : d6d3d8;
9959 : d5d2d8;
9960 : d5d4d8;
9961 : d5d2d7;
9962 : d8d6da;
9963 : cbcdd7;
9964 : bbc5d9;
9965 : bac2d6;
9966 : bbc3d7;
9967 : bcc3d6;
9968 : bcc2d6;
9969 : bdc5d9;
9970 : bbc2d6;
9971 : b9bfd4;
9972 : bec4d8;
9973 : b8bfd3;
9974 : bdb8bf;
9975 : c6c2ca;
9976 : cdcbd2;
9977 : d1d0d5;
9978 : cbc8ce;
9979 : cdc9d1;
9980 : c8c2c9;
9981 : d0ccd2;
9982 : d4d2d7;
9983 : d6d1d6;
9984 : d6d1d5;
9985 : d4d1d7;
9986 : d5d1d4;
9987 : d3ced2;
9988 : d1c9cb;
9989 : cbbfbe;
9990 : c8c4ca;
9991 : f5f5f6;
9992 : ffffff;
9993 : ffffff;
9994 : ffffff;
9995 : ffffff;
9996 : ffffff;
9997 : ffffff;
9998 : ffffff;
9999 : ffffff;

END;