-- Copyright (C) 2015-Endless, CrazyBird Corporation
-- Thank you for use CrazyBird's design tools

DEPTH = 10000;
WIDTH = 16;
ADDRESS_RADIX = UNS;
DATA_RADIX = HEX;

CONTENT BEGIN

0 : ffff;
1 : ffff;
2 : ffff;
3 : ffff;
4 : ffff;
5 : ffff;
6 : ffff;
7 : ffff;
8 : ffff;
9 : ffff;
10 : ffff;
11 : ffff;
12 : ffff;
13 : ffff;
14 : ffff;
15 : ffff;
16 : ffff;
17 : ffff;
18 : ffff;
19 : ffff;
20 : ffff;
21 : ffff;
22 : ffff;
23 : ffff;
24 : ffff;
25 : ffff;
26 : ffff;
27 : ffff;
28 : ffff;
29 : ffff;
30 : ffff;
31 : ffff;
32 : ffff;
33 : ffff;
34 : ffff;
35 : ffff;
36 : ffff;
37 : ffff;
38 : ffff;
39 : ffff;
40 : ffff;
41 : ffff;
42 : ffff;
43 : ffff;
44 : ffff;
45 : ffff;
46 : ffff;
47 : ffff;
48 : ffff;
49 : ffff;
50 : ffff;
51 : ffff;
52 : ffff;
53 : ffff;
54 : ffff;
55 : ffff;
56 : ffff;
57 : ffff;
58 : ffff;
59 : ffff;
60 : ffff;
61 : ffff;
62 : ffff;
63 : ffff;
64 : ffff;
65 : ffff;
66 : ffff;
67 : ffff;
68 : ffff;
69 : ffff;
70 : ffff;
71 : ffff;
72 : ffff;
73 : ffff;
74 : ffff;
75 : ffff;
76 : ffff;
77 : ffff;
78 : ffff;
79 : ffff;
80 : ffff;
81 : ffff;
82 : ffff;
83 : ffff;
84 : ffff;
85 : ffff;
86 : ffff;
87 : ffff;
88 : ffff;
89 : ffff;
90 : ffff;
91 : ffff;
92 : ffff;
93 : ffff;
94 : ffff;
95 : ffff;
96 : ffff;
97 : ffff;
98 : ffff;
99 : ffff;
100 : ffff;
101 : ffff;
102 : ffff;
103 : ffff;
104 : ffff;
105 : ffff;
106 : ffff;
107 : ffff;
108 : ffff;
109 : ffff;
110 : ffff;
111 : ffff;
112 : ffff;
113 : ffff;
114 : ffff;
115 : ffff;
116 : ffff;
117 : ffff;
118 : ffff;
119 : ffff;
120 : ffff;
121 : ffff;
122 : ffff;
123 : ffff;
124 : ffff;
125 : ffff;
126 : ffff;
127 : ffff;
128 : ffff;
129 : ffff;
130 : ffff;
131 : ffff;
132 : ffff;
133 : ffff;
134 : ffff;
135 : ffff;
136 : ffff;
137 : ffff;
138 : ffff;
139 : ffff;
140 : ffff;
141 : ffff;
142 : ffff;
143 : ffff;
144 : ffff;
145 : ffff;
146 : ffff;
147 : ffff;
148 : ffff;
149 : ffff;
150 : ffff;
151 : ffff;
152 : ffff;
153 : ffff;
154 : ffff;
155 : ffff;
156 : ffff;
157 : ffff;
158 : ffff;
159 : ffff;
160 : ffff;
161 : ffff;
162 : ffff;
163 : ffff;
164 : ffff;
165 : ffff;
166 : ffff;
167 : ffff;
168 : ffff;
169 : ffff;
170 : ffff;
171 : ffff;
172 : ffff;
173 : ffff;
174 : ffff;
175 : ffff;
176 : ffff;
177 : ffff;
178 : ffff;
179 : ffff;
180 : ffff;
181 : ffff;
182 : ffff;
183 : ffff;
184 : ffff;
185 : ffff;
186 : ffff;
187 : ffff;
188 : ffff;
189 : ffff;
190 : ffff;
191 : ffff;
192 : ffff;
193 : ffff;
194 : ffff;
195 : ffff;
196 : ffff;
197 : ffff;
198 : ffff;
199 : ffff;
200 : ffff;
201 : ffff;
202 : ffff;
203 : ffff;
204 : ffff;
205 : ffff;
206 : ffff;
207 : ffff;
208 : ffff;
209 : ffff;
210 : ffff;
211 : ffff;
212 : ffff;
213 : ffff;
214 : ffff;
215 : ffff;
216 : ffff;
217 : ffff;
218 : ffff;
219 : ffff;
220 : ffff;
221 : ffff;
222 : ffff;
223 : ffff;
224 : ffff;
225 : ffff;
226 : ffff;
227 : ffff;
228 : ffff;
229 : ffff;
230 : ffff;
231 : ffff;
232 : ffff;
233 : ffff;
234 : ffff;
235 : ffff;
236 : ffff;
237 : ffff;
238 : ffff;
239 : ffff;
240 : ffff;
241 : ffff;
242 : ffff;
243 : ffff;
244 : ffff;
245 : ffff;
246 : ffff;
247 : ffff;
248 : ffff;
249 : ffff;
250 : ffff;
251 : ffff;
252 : ffff;
253 : ffff;
254 : ffff;
255 : ffff;
256 : ffff;
257 : ffff;
258 : ffff;
259 : ffff;
260 : ffff;
261 : ffff;
262 : ffff;
263 : ffff;
264 : ffff;
265 : ffff;
266 : ffff;
267 : ffff;
268 : ffff;
269 : ffff;
270 : ffff;
271 : ffff;
272 : ffff;
273 : ffff;
274 : ffff;
275 : ffff;
276 : ffff;
277 : ffff;
278 : ffff;
279 : ffff;
280 : ffff;
281 : ffff;
282 : ffff;
283 : ffff;
284 : ffff;
285 : ffff;
286 : ffff;
287 : ffff;
288 : ffff;
289 : ffff;
290 : ffff;
291 : ffff;
292 : ffff;
293 : ffff;
294 : ffff;
295 : ffff;
296 : ffff;
297 : ffff;
298 : ffff;
299 : ffff;
300 : ffff;
301 : ffff;
302 : ffff;
303 : ffff;
304 : ffff;
305 : ffff;
306 : ffff;
307 : ffff;
308 : ffff;
309 : ffff;
310 : ffff;
311 : ffff;
312 : ffff;
313 : ffff;
314 : ffff;
315 : ffff;
316 : ffff;
317 : ffff;
318 : ffff;
319 : ffff;
320 : ffff;
321 : ffff;
322 : ffff;
323 : ffff;
324 : ffff;
325 : ffff;
326 : ffff;
327 : ffff;
328 : ffff;
329 : ffff;
330 : ffff;
331 : ffff;
332 : ffff;
333 : ffff;
334 : ffff;
335 : ffff;
336 : ffff;
337 : ffff;
338 : ffff;
339 : ffff;
340 : ffff;
341 : ffff;
342 : ffff;
343 : ffff;
344 : ffff;
345 : ffff;
346 : ffff;
347 : ffff;
348 : ffff;
349 : ffff;
350 : ffff;
351 : ffff;
352 : ffff;
353 : ffff;
354 : ffff;
355 : ffff;
356 : ffff;
357 : ffff;
358 : ffff;
359 : ffff;
360 : ffff;
361 : ffff;
362 : ffff;
363 : ffff;
364 : ffff;
365 : ffff;
366 : ffff;
367 : ffff;
368 : ffff;
369 : ffff;
370 : ffff;
371 : ffff;
372 : ffff;
373 : ffff;
374 : ffff;
375 : ffff;
376 : ffff;
377 : ffff;
378 : ffff;
379 : ffff;
380 : ffff;
381 : ffff;
382 : ffff;
383 : ffff;
384 : ffff;
385 : ffff;
386 : ffff;
387 : ffff;
388 : ffff;
389 : ffff;
390 : ffff;
391 : ffff;
392 : ffff;
393 : ffff;
394 : ffff;
395 : ffff;
396 : ffff;
397 : ffff;
398 : ffff;
399 : ffff;
400 : ffff;
401 : ffff;
402 : ffff;
403 : ffff;
404 : ffff;
405 : ffff;
406 : ffff;
407 : ffff;
408 : ffff;
409 : ffff;
410 : ffff;
411 : ffff;
412 : ffff;
413 : ffff;
414 : ffff;
415 : ffff;
416 : ffff;
417 : ffff;
418 : ffff;
419 : ffff;
420 : ffff;
421 : ffff;
422 : ffff;
423 : ffff;
424 : ffff;
425 : ffff;
426 : ffff;
427 : ffff;
428 : ffff;
429 : ffff;
430 : ffff;
431 : ffff;
432 : ffff;
433 : ffff;
434 : ffff;
435 : ffff;
436 : ffff;
437 : ffff;
438 : ffff;
439 : ffff;
440 : ffff;
441 : ffff;
442 : ffff;
443 : ffff;
444 : ffff;
445 : ffff;
446 : ffff;
447 : ffff;
448 : ffff;
449 : ffff;
450 : ffff;
451 : ffff;
452 : ffff;
453 : ffff;
454 : ffff;
455 : ffff;
456 : ffff;
457 : ffff;
458 : ffff;
459 : ffff;
460 : ffff;
461 : ffff;
462 : ffff;
463 : ffff;
464 : ffff;
465 : ffff;
466 : ffff;
467 : ffff;
468 : ffff;
469 : ffff;
470 : ffff;
471 : ffff;
472 : ffff;
473 : ffff;
474 : ffff;
475 : ffff;
476 : ffff;
477 : ffff;
478 : ffff;
479 : ffff;
480 : ffff;
481 : ffff;
482 : ffff;
483 : ffff;
484 : ffff;
485 : ffff;
486 : ffff;
487 : ffff;
488 : ffff;
489 : ffff;
490 : ffff;
491 : ffff;
492 : ffff;
493 : ffff;
494 : ffff;
495 : ffff;
496 : ffff;
497 : ffff;
498 : ffff;
499 : ffff;
500 : ffff;
501 : ffff;
502 : ffff;
503 : ffff;
504 : ffff;
505 : ffff;
506 : ffff;
507 : ffff;
508 : ffff;
509 : ffff;
510 : ffff;
511 : ffff;
512 : ffff;
513 : ffff;
514 : ffff;
515 : ffff;
516 : ffff;
517 : ffff;
518 : ffff;
519 : ffff;
520 : ffff;
521 : ffff;
522 : ffff;
523 : ffff;
524 : ffff;
525 : ffff;
526 : ffff;
527 : ffff;
528 : ffff;
529 : ffff;
530 : ffff;
531 : ffff;
532 : ffff;
533 : ffff;
534 : ffff;
535 : ffff;
536 : ffff;
537 : ffff;
538 : ffff;
539 : ffff;
540 : ffff;
541 : ffff;
542 : ffff;
543 : ffff;
544 : ffff;
545 : ffff;
546 : ffff;
547 : ffff;
548 : ffff;
549 : ffff;
550 : ffff;
551 : ffff;
552 : ffff;
553 : ffff;
554 : ffff;
555 : ffff;
556 : ffff;
557 : ffff;
558 : ffff;
559 : ffff;
560 : ffff;
561 : ffff;
562 : ffff;
563 : ffff;
564 : ffff;
565 : ffff;
566 : ffff;
567 : ffff;
568 : ffff;
569 : ffff;
570 : ffff;
571 : ffff;
572 : ffff;
573 : ffff;
574 : ffff;
575 : ffff;
576 : ffff;
577 : ffff;
578 : ffff;
579 : ffff;
580 : ffff;
581 : ffff;
582 : ffff;
583 : ffff;
584 : ffff;
585 : ffff;
586 : ffff;
587 : ffff;
588 : ffff;
589 : ffff;
590 : ffff;
591 : ffff;
592 : ffff;
593 : ffff;
594 : ffff;
595 : ffff;
596 : ffff;
597 : ffff;
598 : ffff;
599 : ffff;
600 : ffff;
601 : ffff;
602 : ffff;
603 : ffff;
604 : ffff;
605 : ffff;
606 : ffff;
607 : ffff;
608 : ffff;
609 : ffff;
610 : ffff;
611 : ffff;
612 : ffff;
613 : ffff;
614 : ffff;
615 : ffff;
616 : ffff;
617 : ffff;
618 : ffff;
619 : ffff;
620 : ffff;
621 : ffff;
622 : ffff;
623 : ffff;
624 : ffff;
625 : ffff;
626 : ffff;
627 : ffff;
628 : ffff;
629 : ffff;
630 : ffff;
631 : ffff;
632 : ffff;
633 : ffff;
634 : ffff;
635 : ffff;
636 : ffff;
637 : ffff;
638 : ffff;
639 : ffff;
640 : ffff;
641 : ffff;
642 : ffff;
643 : ffff;
644 : ffff;
645 : ffff;
646 : ffff;
647 : ffff;
648 : ffff;
649 : ffff;
650 : ffff;
651 : ffff;
652 : ffff;
653 : ffff;
654 : ffff;
655 : ffff;
656 : ffff;
657 : ffff;
658 : ffff;
659 : ffff;
660 : ffff;
661 : ffff;
662 : ffff;
663 : ffff;
664 : ffff;
665 : ffff;
666 : ffff;
667 : ffff;
668 : ffff;
669 : ffff;
670 : ffff;
671 : ffff;
672 : ffff;
673 : ffff;
674 : ffff;
675 : ffff;
676 : ffff;
677 : ffff;
678 : ffff;
679 : ffff;
680 : ffff;
681 : ffff;
682 : ffff;
683 : ffff;
684 : ffff;
685 : ffff;
686 : ffff;
687 : ffff;
688 : ffff;
689 : ffff;
690 : ffff;
691 : ffff;
692 : ffff;
693 : ffff;
694 : ffff;
695 : ffff;
696 : ffff;
697 : ffff;
698 : ffff;
699 : ffff;
700 : ffff;
701 : ffff;
702 : ffff;
703 : ffff;
704 : ffff;
705 : ffff;
706 : ffff;
707 : ffff;
708 : ffff;
709 : ffff;
710 : ffff;
711 : ffff;
712 : ffff;
713 : ffff;
714 : ffff;
715 : ffff;
716 : ffff;
717 : ffff;
718 : ffff;
719 : ffff;
720 : ffff;
721 : ffff;
722 : ffff;
723 : ffff;
724 : ffff;
725 : ffff;
726 : ffff;
727 : ffff;
728 : ffff;
729 : ffff;
730 : ffff;
731 : ffff;
732 : ffff;
733 : ffff;
734 : ffff;
735 : ffff;
736 : ffff;
737 : ffff;
738 : ffff;
739 : ffff;
740 : ffff;
741 : ffff;
742 : ffff;
743 : ffff;
744 : ffff;
745 : ffff;
746 : ffff;
747 : ffff;
748 : ffff;
749 : ffff;
750 : ffff;
751 : ffff;
752 : ffff;
753 : ffff;
754 : ffff;
755 : ffff;
756 : ffff;
757 : ffff;
758 : ffff;
759 : ffff;
760 : ffff;
761 : ffff;
762 : ffff;
763 : ffff;
764 : ffff;
765 : ffff;
766 : ffff;
767 : ffff;
768 : ffff;
769 : ffff;
770 : ffff;
771 : ffff;
772 : ffff;
773 : ffff;
774 : ffff;
775 : ffff;
776 : ffff;
777 : ffff;
778 : ffff;
779 : ffff;
780 : ffff;
781 : ffff;
782 : ffff;
783 : ffff;
784 : ffff;
785 : ffff;
786 : ffff;
787 : ffff;
788 : ffff;
789 : ffff;
790 : ffff;
791 : ffff;
792 : ffff;
793 : ffff;
794 : ffff;
795 : ffff;
796 : ffff;
797 : ffff;
798 : ffff;
799 : ffff;
800 : ffff;
801 : ffff;
802 : ffff;
803 : ffff;
804 : ffff;
805 : ffff;
806 : ffff;
807 : ffff;
808 : ffff;
809 : ffff;
810 : ffff;
811 : ffff;
812 : ffff;
813 : ffff;
814 : ffff;
815 : ffff;
816 : ffff;
817 : ffff;
818 : ffff;
819 : ffff;
820 : ffff;
821 : ffff;
822 : ffff;
823 : ffff;
824 : ffff;
825 : ffff;
826 : ffff;
827 : ffff;
828 : ffff;
829 : ffff;
830 : ffff;
831 : ffff;
832 : ffff;
833 : ffff;
834 : ffff;
835 : ffff;
836 : ffff;
837 : ffff;
838 : ffff;
839 : ffff;
840 : ffff;
841 : ffff;
842 : ffff;
843 : ffff;
844 : ffff;
845 : ffff;
846 : ffff;
847 : ffff;
848 : ffff;
849 : ffff;
850 : ffff;
851 : ffff;
852 : ffff;
853 : ffff;
854 : ffff;
855 : ffff;
856 : ffff;
857 : ffff;
858 : ffff;
859 : ffff;
860 : ffff;
861 : ffff;
862 : ffff;
863 : ffff;
864 : ffff;
865 : ffff;
866 : ffff;
867 : ffff;
868 : ffff;
869 : ffff;
870 : ffff;
871 : ffff;
872 : ffff;
873 : ffff;
874 : ffff;
875 : ffff;
876 : ffff;
877 : ffff;
878 : ffff;
879 : ffff;
880 : ffff;
881 : ffff;
882 : ffff;
883 : ffff;
884 : ffff;
885 : ffff;
886 : ffff;
887 : ffff;
888 : ffff;
889 : ffff;
890 : ffff;
891 : ffff;
892 : ffff;
893 : ffff;
894 : ffff;
895 : ffff;
896 : ffff;
897 : ffff;
898 : ffff;
899 : ffff;
900 : ffff;
901 : ffff;
902 : ffff;
903 : ffff;
904 : ffff;
905 : ffff;
906 : ffff;
907 : ffff;
908 : ffff;
909 : ffff;
910 : ffff;
911 : ffff;
912 : ffff;
913 : ffff;
914 : ffff;
915 : ffff;
916 : ffff;
917 : ffff;
918 : ffff;
919 : ffff;
920 : ffff;
921 : ffff;
922 : ffff;
923 : ffff;
924 : ffff;
925 : ffff;
926 : ffff;
927 : ffff;
928 : ffff;
929 : ffff;
930 : ffff;
931 : ffff;
932 : ffff;
933 : ffff;
934 : ffff;
935 : ffff;
936 : ffff;
937 : ffff;
938 : ffff;
939 : ffff;
940 : ffff;
941 : ffff;
942 : ffff;
943 : ffff;
944 : ffff;
945 : f7be;
946 : d6ba;
947 : c617;
948 : b596;
949 : ad14;
950 : ad54;
951 : bdb6;
952 : defb;
953 : ffff;
954 : ffff;
955 : ffff;
956 : ffff;
957 : ffff;
958 : ffff;
959 : ffff;
960 : ffff;
961 : ffff;
962 : ffff;
963 : ffff;
964 : ffff;
965 : ffff;
966 : ffff;
967 : ffff;
968 : ffff;
969 : ffff;
970 : ffff;
971 : ffff;
972 : ffff;
973 : ffff;
974 : ffff;
975 : ffff;
976 : ffff;
977 : ffff;
978 : ffff;
979 : ffff;
980 : ffff;
981 : ffff;
982 : ffff;
983 : ffff;
984 : ffff;
985 : ffff;
986 : ffff;
987 : ffff;
988 : ffff;
989 : ffff;
990 : ffff;
991 : ffff;
992 : ffff;
993 : ffff;
994 : ffff;
995 : ffff;
996 : ffff;
997 : ffff;
998 : ffff;
999 : ffff;
1000 : ffff;
1001 : ffff;
1002 : ffff;
1003 : ffff;
1004 : ffff;
1005 : ffff;
1006 : ffff;
1007 : ffff;
1008 : ffff;
1009 : ffff;
1010 : ffff;
1011 : ffff;
1012 : ffff;
1013 : ffff;
1014 : ffff;
1015 : ffff;
1016 : ffff;
1017 : ffff;
1018 : ffff;
1019 : ffff;
1020 : ffff;
1021 : ffff;
1022 : ffff;
1023 : ffff;
1024 : ffff;
1025 : ffff;
1026 : ffff;
1027 : ffff;
1028 : ffff;
1029 : ffff;
1030 : ffff;
1031 : ffff;
1032 : ffff;
1033 : ffff;
1034 : ffff;
1035 : ffff;
1036 : ffff;
1037 : ffff;
1038 : ffff;
1039 : ffff;
1040 : ffff;
1041 : ef7d;
1042 : b596;
1043 : 6aeb;
1044 : 41a6;
1045 : 4165;
1046 : 49a6;
1047 : 49c6;
1048 : 4185;
1049 : 3944;
1050 : 3124;
1051 : 3103;
1052 : 3103;
1053 : 3103;
1054 : 4a07;
1055 : 9471;
1056 : bdb6;
1057 : f7be;
1058 : ffff;
1059 : ffff;
1060 : ffff;
1061 : ffff;
1062 : ffff;
1063 : ffff;
1064 : ffff;
1065 : ffff;
1066 : ffff;
1067 : ffff;
1068 : ffff;
1069 : ffff;
1070 : ffff;
1071 : ffff;
1072 : ffff;
1073 : ffff;
1074 : ffff;
1075 : ffff;
1076 : ffff;
1077 : ffff;
1078 : ffff;
1079 : ffff;
1080 : ffff;
1081 : ffff;
1082 : ffff;
1083 : ffff;
1084 : ffff;
1085 : ffff;
1086 : ffff;
1087 : ffff;
1088 : ffff;
1089 : ffff;
1090 : ffff;
1091 : ffff;
1092 : ffff;
1093 : ffff;
1094 : ffff;
1095 : ffff;
1096 : ffff;
1097 : ffff;
1098 : ffff;
1099 : ffff;
1100 : ffff;
1101 : ffff;
1102 : ffff;
1103 : ffff;
1104 : ffff;
1105 : ffff;
1106 : ffff;
1107 : ffff;
1108 : ffff;
1109 : ffff;
1110 : ffff;
1111 : ffff;
1112 : ffff;
1113 : ffff;
1114 : ffff;
1115 : ffff;
1116 : ffff;
1117 : ffff;
1118 : ffff;
1119 : ffff;
1120 : ffff;
1121 : ffff;
1122 : ffff;
1123 : ffff;
1124 : ffff;
1125 : ffff;
1126 : ffff;
1127 : ffff;
1128 : ffff;
1129 : ffff;
1130 : ffff;
1131 : ffff;
1132 : ffff;
1133 : ffff;
1134 : ffff;
1135 : ffff;
1136 : ffff;
1137 : ffff;
1138 : ffff;
1139 : ce79;
1140 : 62aa;
1141 : 4185;
1142 : 4165;
1143 : 4986;
1144 : 4186;
1145 : 41a6;
1146 : 41a6;
1147 : 41a6;
1148 : 41c6;
1149 : 41a6;
1150 : 3985;
1151 : 3144;
1152 : 3124;
1153 : 2904;
1154 : 2924;
1155 : 2903;
1156 : 20c2;
1157 : 4a08;
1158 : 9cb2;
1159 : ffdf;
1160 : ffff;
1161 : ffff;
1162 : ffff;
1163 : ffff;
1164 : ffff;
1165 : ffff;
1166 : ffff;
1167 : ffff;
1168 : ffff;
1169 : ffff;
1170 : ffff;
1171 : ffff;
1172 : ffff;
1173 : ffff;
1174 : ffff;
1175 : ffff;
1176 : ffff;
1177 : ffff;
1178 : ffff;
1179 : ffff;
1180 : ffff;
1181 : ffff;
1182 : ffff;
1183 : ffff;
1184 : ffff;
1185 : ffff;
1186 : ffff;
1187 : ffff;
1188 : ffff;
1189 : ffff;
1190 : ffff;
1191 : ffff;
1192 : ffff;
1193 : ffff;
1194 : ffff;
1195 : ffff;
1196 : ffff;
1197 : ffff;
1198 : ffff;
1199 : ffff;
1200 : ffff;
1201 : ffff;
1202 : ffff;
1203 : ffff;
1204 : ffff;
1205 : ffff;
1206 : ffff;
1207 : ffff;
1208 : ffff;
1209 : ffff;
1210 : ffff;
1211 : ffff;
1212 : ffff;
1213 : ffff;
1214 : ffff;
1215 : ffff;
1216 : ffff;
1217 : ffff;
1218 : ffff;
1219 : ffff;
1220 : ffff;
1221 : ffff;
1222 : ffff;
1223 : ffff;
1224 : ffff;
1225 : ffff;
1226 : ffff;
1227 : ffff;
1228 : ffff;
1229 : ffff;
1230 : ffff;
1231 : ffff;
1232 : ffff;
1233 : ffff;
1234 : ffff;
1235 : ffff;
1236 : ffff;
1237 : d69a;
1238 : 5a89;
1239 : 4165;
1240 : 5208;
1241 : 5a48;
1242 : 49e7;
1243 : 41c7;
1244 : 41a6;
1245 : 3986;
1246 : 4185;
1247 : 4185;
1248 : 3944;
1249 : 3144;
1250 : 3144;
1251 : 3145;
1252 : 3124;
1253 : 3144;
1254 : 2924;
1255 : 3124;
1256 : 2924;
1257 : 3103;
1258 : 3123;
1259 : 3124;
1260 : bdd7;
1261 : ffff;
1262 : ffff;
1263 : ffff;
1264 : ffff;
1265 : ffff;
1266 : ffff;
1267 : ffff;
1268 : ffff;
1269 : ffff;
1270 : ffff;
1271 : ffff;
1272 : ffff;
1273 : ffff;
1274 : ffff;
1275 : ffff;
1276 : ffff;
1277 : ffff;
1278 : ffff;
1279 : ffff;
1280 : ffff;
1281 : ffff;
1282 : ffff;
1283 : ffff;
1284 : ffff;
1285 : ffff;
1286 : ffff;
1287 : ffff;
1288 : ffff;
1289 : ffff;
1290 : ffff;
1291 : ffff;
1292 : ffff;
1293 : ffff;
1294 : ffff;
1295 : ffff;
1296 : ffff;
1297 : ffff;
1298 : ffff;
1299 : ffff;
1300 : ffff;
1301 : ffff;
1302 : ffff;
1303 : ffff;
1304 : ffff;
1305 : ffff;
1306 : ffff;
1307 : ffff;
1308 : ffff;
1309 : ffff;
1310 : ffff;
1311 : ffff;
1312 : ffff;
1313 : ffff;
1314 : ffff;
1315 : ffff;
1316 : ffff;
1317 : ffff;
1318 : ffff;
1319 : ffff;
1320 : ffff;
1321 : ffff;
1322 : ffff;
1323 : ffff;
1324 : ffff;
1325 : ffff;
1326 : ffff;
1327 : ffff;
1328 : ffff;
1329 : ffff;
1330 : ffff;
1331 : ffff;
1332 : ffff;
1333 : ffff;
1334 : ffff;
1335 : ffff;
1336 : 8c30;
1337 : 5a07;
1338 : 6289;
1339 : 5228;
1340 : 41e7;
1341 : 3986;
1342 : 41a6;
1343 : 4186;
1344 : 5207;
1345 : 6249;
1346 : 5228;
1347 : 49c7;
1348 : 4186;
1349 : 3165;
1350 : 3124;
1351 : 3124;
1352 : 3124;
1353 : 3144;
1354 : 3965;
1355 : 3965;
1356 : 3144;
1357 : 3144;
1358 : 4185;
1359 : 4185;
1360 : 1881;
1361 : 734c;
1362 : f7be;
1363 : ffff;
1364 : ffff;
1365 : ffff;
1366 : ffff;
1367 : ffff;
1368 : ffff;
1369 : ffff;
1370 : ffff;
1371 : ffff;
1372 : ffff;
1373 : ffff;
1374 : ffff;
1375 : ffff;
1376 : ffff;
1377 : ffff;
1378 : ffff;
1379 : ffff;
1380 : ffff;
1381 : ffff;
1382 : ffff;
1383 : ffff;
1384 : ffff;
1385 : ffff;
1386 : ffff;
1387 : ffff;
1388 : ffff;
1389 : ffff;
1390 : ffff;
1391 : ffff;
1392 : ffff;
1393 : ffff;
1394 : ffff;
1395 : ffff;
1396 : ffff;
1397 : ffff;
1398 : ffff;
1399 : ffff;
1400 : ffff;
1401 : ffff;
1402 : ffff;
1403 : ffff;
1404 : ffff;
1405 : ffff;
1406 : ffff;
1407 : ffff;
1408 : ffff;
1409 : ffff;
1410 : ffff;
1411 : ffff;
1412 : ffff;
1413 : ffff;
1414 : ffff;
1415 : ffff;
1416 : ffff;
1417 : ffff;
1418 : ffff;
1419 : ffff;
1420 : ffff;
1421 : ffff;
1422 : ffff;
1423 : ffff;
1424 : ffff;
1425 : ffff;
1426 : ffff;
1427 : ffff;
1428 : ffff;
1429 : ffff;
1430 : ffff;
1431 : ffff;
1432 : ffff;
1433 : ffff;
1434 : f79e;
1435 : 72eb;
1436 : 5a28;
1437 : 5a69;
1438 : 4a07;
1439 : 49e7;
1440 : 5a28;
1441 : 6289;
1442 : 6aaa;
1443 : 62aa;
1444 : 5228;
1445 : 3165;
1446 : 2103;
1447 : 20e3;
1448 : 10a2;
1449 : 1061;
1450 : 1082;
1451 : 18a2;
1452 : 18a2;
1453 : 18a2;
1454 : 10a2;
1455 : 18c2;
1456 : 18c2;
1457 : 20e3;
1458 : 2904;
1459 : 4185;
1460 : 3985;
1461 : 49c6;
1462 : 51e7;
1463 : d69a;
1464 : ffff;
1465 : ffff;
1466 : ffff;
1467 : ffff;
1468 : ffff;
1469 : ffff;
1470 : ffff;
1471 : ffff;
1472 : ffff;
1473 : ffff;
1474 : ffff;
1475 : ffff;
1476 : ffff;
1477 : ffff;
1478 : ffff;
1479 : ffff;
1480 : ffff;
1481 : ffff;
1482 : ffff;
1483 : ffff;
1484 : ffff;
1485 : ffff;
1486 : ffff;
1487 : ffff;
1488 : ffff;
1489 : ffff;
1490 : ffff;
1491 : ffff;
1492 : ffff;
1493 : ffff;
1494 : ffff;
1495 : ffff;
1496 : ffff;
1497 : ffff;
1498 : ffff;
1499 : ffff;
1500 : ffff;
1501 : ffff;
1502 : ffff;
1503 : ffff;
1504 : ffff;
1505 : ffff;
1506 : ffff;
1507 : ffff;
1508 : ffff;
1509 : ffff;
1510 : ffff;
1511 : ffff;
1512 : ffff;
1513 : ffff;
1514 : ffff;
1515 : ffff;
1516 : ffff;
1517 : ffff;
1518 : ffff;
1519 : ffff;
1520 : ffff;
1521 : ffff;
1522 : ffff;
1523 : ffff;
1524 : ffff;
1525 : ffff;
1526 : ffff;
1527 : ffff;
1528 : ffff;
1529 : ffff;
1530 : ffff;
1531 : ffff;
1532 : ffff;
1533 : ef5d;
1534 : 72ca;
1535 : 5a48;
1536 : 628a;
1537 : 5228;
1538 : 6269;
1539 : 6acb;
1540 : 6acb;
1541 : 4a08;
1542 : 39a6;
1543 : 2104;
1544 : 20e3;
1545 : 18a2;
1546 : 1081;
1547 : 18a2;
1548 : 20e3;
1549 : 20e3;
1550 : 18c3;
1551 : 18a2;
1552 : 18a2;
1553 : 18a2;
1554 : 18c2;
1555 : 18c2;
1556 : 20c3;
1557 : 20e3;
1558 : 2904;
1559 : 3945;
1560 : 3985;
1561 : 3144;
1562 : 4a28;
1563 : 6269;
1564 : d679;
1565 : ffff;
1566 : ffff;
1567 : ffff;
1568 : ffff;
1569 : ffff;
1570 : ffff;
1571 : ffff;
1572 : ffff;
1573 : ffff;
1574 : ffff;
1575 : ffff;
1576 : ffff;
1577 : ffff;
1578 : ffff;
1579 : ffff;
1580 : ffff;
1581 : ffff;
1582 : ffff;
1583 : ffff;
1584 : ffff;
1585 : ffff;
1586 : ffff;
1587 : ffff;
1588 : ffff;
1589 : ffff;
1590 : ffff;
1591 : ffff;
1592 : ffff;
1593 : ffff;
1594 : ffff;
1595 : ffff;
1596 : ffff;
1597 : ffff;
1598 : ffff;
1599 : ffff;
1600 : ffff;
1601 : ffff;
1602 : ffff;
1603 : ffff;
1604 : ffff;
1605 : ffff;
1606 : ffff;
1607 : ffff;
1608 : ffff;
1609 : ffff;
1610 : ffff;
1611 : ffff;
1612 : ffff;
1613 : ffff;
1614 : ffff;
1615 : ffff;
1616 : ffff;
1617 : ffff;
1618 : ffff;
1619 : ffff;
1620 : ffff;
1621 : ffff;
1622 : ffff;
1623 : ffff;
1624 : ffff;
1625 : ffff;
1626 : ffff;
1627 : ffff;
1628 : ffff;
1629 : ffff;
1630 : ffff;
1631 : ffff;
1632 : ffff;
1633 : 6a89;
1634 : 6248;
1635 : 62aa;
1636 : 6269;
1637 : 62cb;
1638 : 62aa;
1639 : 4a28;
1640 : 3165;
1641 : 3965;
1642 : 2103;
1643 : 3145;
1644 : 18a2;
1645 : 10a2;
1646 : 2103;
1647 : 20e3;
1648 : 20c3;
1649 : 18c2;
1650 : 1082;
1651 : 18c2;
1652 : 3144;
1653 : 20e3;
1654 : 18c2;
1655 : 20e3;
1656 : 20c2;
1657 : 20c3;
1658 : 3165;
1659 : 3985;
1660 : 3124;
1661 : 18a2;
1662 : 20c2;
1663 : 4208;
1664 : 6289;
1665 : ce38;
1666 : ffff;
1667 : ffff;
1668 : ffff;
1669 : ffff;
1670 : ffff;
1671 : ffff;
1672 : ffff;
1673 : ffff;
1674 : ffff;
1675 : ffff;
1676 : ffff;
1677 : ffff;
1678 : ffff;
1679 : ffff;
1680 : ffff;
1681 : ffff;
1682 : ffff;
1683 : ffff;
1684 : ffff;
1685 : ffff;
1686 : ffff;
1687 : ffff;
1688 : ffff;
1689 : ffff;
1690 : ffff;
1691 : ffff;
1692 : ffff;
1693 : ffff;
1694 : ffff;
1695 : ffff;
1696 : ffff;
1697 : ffff;
1698 : ffff;
1699 : ffff;
1700 : ffff;
1701 : ffff;
1702 : ffff;
1703 : ffff;
1704 : ffff;
1705 : ffff;
1706 : ffff;
1707 : ffff;
1708 : ffff;
1709 : ffff;
1710 : ffff;
1711 : ffff;
1712 : ffff;
1713 : ffff;
1714 : ffff;
1715 : ffff;
1716 : ffff;
1717 : ffff;
1718 : ffff;
1719 : ffff;
1720 : ffff;
1721 : ffff;
1722 : ffff;
1723 : ffff;
1724 : ffff;
1725 : ffff;
1726 : ffff;
1727 : ffff;
1728 : ffff;
1729 : ffff;
1730 : ffff;
1731 : ffff;
1732 : 72ea;
1733 : 6a8a;
1734 : 6aca;
1735 : 6269;
1736 : 5207;
1737 : 49e7;
1738 : 5249;
1739 : 4a08;
1740 : 2924;
1741 : 2924;
1742 : 2104;
1743 : 1081;
1744 : 20c3;
1745 : 3144;
1746 : 2904;
1747 : 18c2;
1748 : 1082;
1749 : 1082;
1750 : 18a2;
1751 : 18a2;
1752 : 1082;
1753 : 18c3;
1754 : 18a2;
1755 : 20c3;
1756 : 2924;
1757 : 3165;
1758 : 2904;
1759 : 3944;
1760 : 2903;
1761 : 3124;
1762 : 41a6;
1763 : 2903;
1764 : 5269;
1765 : 5a28;
1766 : ce58;
1767 : ffff;
1768 : ffff;
1769 : ffff;
1770 : ffff;
1771 : ffff;
1772 : ffff;
1773 : ffff;
1774 : ffff;
1775 : ffff;
1776 : ffff;
1777 : ffff;
1778 : ffff;
1779 : ffff;
1780 : ffff;
1781 : ffff;
1782 : ffff;
1783 : ffff;
1784 : ffff;
1785 : ffff;
1786 : ffff;
1787 : ffff;
1788 : ffff;
1789 : ffff;
1790 : ffff;
1791 : ffff;
1792 : ffff;
1793 : ffff;
1794 : ffff;
1795 : ffff;
1796 : ffff;
1797 : ffff;
1798 : ffff;
1799 : ffff;
1800 : ffff;
1801 : ffff;
1802 : ffff;
1803 : ffff;
1804 : ffff;
1805 : ffff;
1806 : ffff;
1807 : ffff;
1808 : ffff;
1809 : ffff;
1810 : ffff;
1811 : ffff;
1812 : ffff;
1813 : ffff;
1814 : ffff;
1815 : ffff;
1816 : ffff;
1817 : ffff;
1818 : ffff;
1819 : ffff;
1820 : ffff;
1821 : ffff;
1822 : ffff;
1823 : ffff;
1824 : ffff;
1825 : ffff;
1826 : ffff;
1827 : ffff;
1828 : ffff;
1829 : ffff;
1830 : ffff;
1831 : 9430;
1832 : 6a89;
1833 : 6aca;
1834 : 5227;
1835 : 3944;
1836 : 3965;
1837 : 5aaa;
1838 : 4a28;
1839 : 2904;
1840 : 39a6;
1841 : 2925;
1842 : 18a2;
1843 : 3986;
1844 : 49c7;
1845 : 3165;
1846 : 10a2;
1847 : 1082;
1848 : 18c2;
1849 : 20e3;
1850 : 18c2;
1851 : 18c3;
1852 : 18c2;
1853 : 18c2;
1854 : 20c3;
1855 : 18c3;
1856 : 2924;
1857 : 3124;
1858 : 2903;
1859 : 3144;
1860 : 3964;
1861 : 4185;
1862 : 4185;
1863 : 62aa;
1864 : 41a6;
1865 : 4a08;
1866 : 51e7;
1867 : ef7d;
1868 : ffff;
1869 : ffff;
1870 : ffff;
1871 : ffff;
1872 : ffff;
1873 : ffff;
1874 : ffff;
1875 : ffff;
1876 : ffff;
1877 : ffff;
1878 : ffff;
1879 : ffff;
1880 : ffff;
1881 : ffff;
1882 : ffff;
1883 : ffff;
1884 : ffff;
1885 : ffff;
1886 : ffff;
1887 : ffff;
1888 : ffff;
1889 : ffff;
1890 : ffff;
1891 : ffff;
1892 : ffff;
1893 : ffff;
1894 : ffff;
1895 : ffff;
1896 : ffff;
1897 : ffff;
1898 : ffff;
1899 : ffff;
1900 : ffff;
1901 : ffff;
1902 : ffff;
1903 : ffff;
1904 : ffff;
1905 : ffff;
1906 : ffff;
1907 : ffff;
1908 : ffff;
1909 : ffff;
1910 : ffff;
1911 : ffff;
1912 : ffff;
1913 : ffff;
1914 : ffff;
1915 : ffff;
1916 : ffff;
1917 : ffff;
1918 : ffff;
1919 : ffff;
1920 : ffff;
1921 : ffff;
1922 : ffff;
1923 : ffff;
1924 : ffff;
1925 : ffff;
1926 : ffff;
1927 : ffff;
1928 : ffff;
1929 : ffff;
1930 : ce38;
1931 : 5a07;
1932 : 6aaa;
1933 : 41a5;
1934 : 2903;
1935 : 3145;
1936 : 5a6a;
1937 : 4a08;
1938 : 41c7;
1939 : 4a29;
1940 : 2104;
1941 : 20c3;
1942 : 5a49;
1943 : 4a29;
1944 : 39a6;
1945 : 2904;
1946 : 28e3;
1947 : 20c3;
1948 : 20e3;
1949 : 18a2;
1950 : 18a2;
1951 : 20c3;
1952 : 18a2;
1953 : 18a2;
1954 : 18a2;
1955 : 18c2;
1956 : 20e3;
1957 : 2904;
1958 : 3124;
1959 : 3124;
1960 : 4185;
1961 : 3124;
1962 : 5207;
1963 : 5a48;
1964 : 732c;
1965 : 4a08;
1966 : 3986;
1967 : 5207;
1968 : ffff;
1969 : ffff;
1970 : ffff;
1971 : ffff;
1972 : ffff;
1973 : ffff;
1974 : ffff;
1975 : ffff;
1976 : ffff;
1977 : ffff;
1978 : ffff;
1979 : ffff;
1980 : ffff;
1981 : ffff;
1982 : ffff;
1983 : ffff;
1984 : ffff;
1985 : ffff;
1986 : ffff;
1987 : ffff;
1988 : ffff;
1989 : ffff;
1990 : ffff;
1991 : ffff;
1992 : ffff;
1993 : ffff;
1994 : ffff;
1995 : ffff;
1996 : ffff;
1997 : ffff;
1998 : ffff;
1999 : ffff;
2000 : ffff;
2001 : ffff;
2002 : ffff;
2003 : ffff;
2004 : ffff;
2005 : ffff;
2006 : ffff;
2007 : ffff;
2008 : ffff;
2009 : ffff;
2010 : ffff;
2011 : ffff;
2012 : ffff;
2013 : ffff;
2014 : ffff;
2015 : ffff;
2016 : ffff;
2017 : ffff;
2018 : ffff;
2019 : ffff;
2020 : ffff;
2021 : ffff;
2022 : ffff;
2023 : ffff;
2024 : ffff;
2025 : ffff;
2026 : ffff;
2027 : ffff;
2028 : ffff;
2029 : ffff;
2030 : 6227;
2031 : 6269;
2032 : 3965;
2033 : 28e3;
2034 : 20e3;
2035 : 5a49;
2036 : 5a49;
2037 : 49e8;
2038 : 4208;
2039 : 2924;
2040 : 3965;
2041 : 62aa;
2042 : 4a29;
2043 : 4a08;
2044 : 2924;
2045 : 18a2;
2046 : 2903;
2047 : 20e3;
2048 : 18c2;
2049 : 18c2;
2050 : 18a2;
2051 : 18a2;
2052 : 18a2;
2053 : 18a2;
2054 : 18c2;
2055 : 20c2;
2056 : 20e3;
2057 : 3124;
2058 : 3124;
2059 : 3944;
2060 : 4185;
2061 : 51c6;
2062 : 3124;
2063 : 6acb;
2064 : 730b;
2065 : 732c;
2066 : 5228;
2067 : 2903;
2068 : 7bae;
2069 : ffff;
2070 : ffff;
2071 : ffff;
2072 : ffff;
2073 : ffff;
2074 : ffff;
2075 : ffff;
2076 : ffff;
2077 : ffff;
2078 : ffff;
2079 : ffff;
2080 : ffff;
2081 : ffff;
2082 : ffff;
2083 : ffff;
2084 : ffff;
2085 : ffff;
2086 : ffff;
2087 : ffff;
2088 : ffff;
2089 : ffff;
2090 : ffff;
2091 : ffff;
2092 : ffff;
2093 : ffff;
2094 : ffff;
2095 : ffff;
2096 : ffff;
2097 : ffff;
2098 : ffff;
2099 : ffff;
2100 : ffff;
2101 : ffff;
2102 : ffff;
2103 : ffff;
2104 : ffff;
2105 : ffff;
2106 : ffff;
2107 : ffff;
2108 : ffff;
2109 : ffff;
2110 : ffff;
2111 : ffff;
2112 : ffff;
2113 : ffff;
2114 : ffff;
2115 : ffff;
2116 : ffff;
2117 : ffff;
2118 : ffff;
2119 : ffff;
2120 : ffff;
2121 : ffff;
2122 : ffff;
2123 : ffff;
2124 : ffff;
2125 : ffff;
2126 : ffff;
2127 : ffff;
2128 : ffff;
2129 : 942f;
2130 : 6227;
2131 : 3964;
2132 : 28e3;
2133 : 18c2;
2134 : 5a69;
2135 : 5a49;
2136 : 5a69;
2137 : 39c7;
2138 : 3186;
2139 : 49e7;
2140 : 5249;
2141 : 41e8;
2142 : 5249;
2143 : 2103;
2144 : 20c2;
2145 : 3944;
2146 : 3124;
2147 : 18c2;
2148 : 2103;
2149 : 20e3;
2150 : 20c3;
2151 : 18a2;
2152 : 18a2;
2153 : 18c2;
2154 : 18a2;
2155 : 28e3;
2156 : 28e3;
2157 : 4164;
2158 : 4144;
2159 : 3944;
2160 : 4185;
2161 : 51e7;
2162 : 49c6;
2163 : 49e7;
2164 : 72eb;
2165 : 6aeb;
2166 : 732c;
2167 : 41a6;
2168 : 28e2;
2169 : dedb;
2170 : ffff;
2171 : ffff;
2172 : ffff;
2173 : ffff;
2174 : ffff;
2175 : ffff;
2176 : ffff;
2177 : ffff;
2178 : ffff;
2179 : ffff;
2180 : ffff;
2181 : ffff;
2182 : ffff;
2183 : ffff;
2184 : ffff;
2185 : ffff;
2186 : ffff;
2187 : ffff;
2188 : ffff;
2189 : ffff;
2190 : ffff;
2191 : ffff;
2192 : ffff;
2193 : ffff;
2194 : ffff;
2195 : ffff;
2196 : ffff;
2197 : ffff;
2198 : ffff;
2199 : ffff;
2200 : ffff;
2201 : ffff;
2202 : ffff;
2203 : ffff;
2204 : ffff;
2205 : ffff;
2206 : ffff;
2207 : ffff;
2208 : ffff;
2209 : ffff;
2210 : ffff;
2211 : ffff;
2212 : ffff;
2213 : ffff;
2214 : ffff;
2215 : ffff;
2216 : ffff;
2217 : ffff;
2218 : ffff;
2219 : ffff;
2220 : ffff;
2221 : ffff;
2222 : ffff;
2223 : ffff;
2224 : ffff;
2225 : ffff;
2226 : ffff;
2227 : ffff;
2228 : defb;
2229 : 6227;
2230 : 3985;
2231 : 28e3;
2232 : 20c3;
2233 : 5208;
2234 : 5228;
2235 : 62aa;
2236 : 39c7;
2237 : 2925;
2238 : 5a8a;
2239 : 49e8;
2240 : 4a49;
2241 : 41e8;
2242 : 2945;
2243 : 20c2;
2244 : 4165;
2245 : 3124;
2246 : 3145;
2247 : 2924;
2248 : 20e3;
2249 : 18c2;
2250 : 18a2;
2251 : 20c2;
2252 : 18c2;
2253 : 20c2;
2254 : 20c2;
2255 : 3903;
2256 : 20c3;
2257 : 59c6;
2258 : 59c5;
2259 : 4985;
2260 : 51a5;
2261 : 5a07;
2262 : 5a28;
2263 : 6248;
2264 : 5a69;
2265 : 5227;
2266 : 41c6;
2267 : 62ab;
2268 : 20a2;
2269 : 62ca;
2270 : ffff;
2271 : ffff;
2272 : ffff;
2273 : ffff;
2274 : ffff;
2275 : ffff;
2276 : ffff;
2277 : ffff;
2278 : ffff;
2279 : ffff;
2280 : ffff;
2281 : ffff;
2282 : ffff;
2283 : ffff;
2284 : ffff;
2285 : ffff;
2286 : ffff;
2287 : ffff;
2288 : ffff;
2289 : ffff;
2290 : ffff;
2291 : ffff;
2292 : ffff;
2293 : ffff;
2294 : ffff;
2295 : ffff;
2296 : ffff;
2297 : ffff;
2298 : ffff;
2299 : ffff;
2300 : ffff;
2301 : ffff;
2302 : ffff;
2303 : ffff;
2304 : ffff;
2305 : ffff;
2306 : ffff;
2307 : ffff;
2308 : ffff;
2309 : ffff;
2310 : ffff;
2311 : ffff;
2312 : ffff;
2313 : ffff;
2314 : ffff;
2315 : ffff;
2316 : ffff;
2317 : ffff;
2318 : ffff;
2319 : ffff;
2320 : ffff;
2321 : ffff;
2322 : ffff;
2323 : ffff;
2324 : ffff;
2325 : ffff;
2326 : ffff;
2327 : ffff;
2328 : 836c;
2329 : 49c5;
2330 : 20c2;
2331 : 20e3;
2332 : 3965;
2333 : 5a49;
2334 : 5a69;
2335 : 41c7;
2336 : 2924;
2337 : 5249;
2338 : 41c7;
2339 : 4a08;
2340 : 2945;
2341 : 3986;
2342 : 3965;
2343 : 51e7;
2344 : 49e7;
2345 : 41c7;
2346 : 3124;
2347 : 3145;
2348 : 20e3;
2349 : 28e3;
2350 : 28e3;
2351 : 18c2;
2352 : 28c3;
2353 : 30e3;
2354 : 3903;
2355 : 3944;
2356 : 30e3;
2357 : 69e6;
2358 : 7a67;
2359 : 6207;
2360 : 5a27;
2361 : 6289;
2362 : 5a28;
2363 : 6269;
2364 : 5228;
2365 : 3965;
2366 : 51c6;
2367 : 3986;
2368 : 41a6;
2369 : 20c2;
2370 : e73c;
2371 : ffff;
2372 : ffff;
2373 : ffff;
2374 : ffff;
2375 : ffff;
2376 : ffff;
2377 : ffff;
2378 : ffff;
2379 : ffff;
2380 : ffff;
2381 : ffff;
2382 : ffff;
2383 : ffff;
2384 : ffff;
2385 : ffff;
2386 : ffff;
2387 : ffff;
2388 : ffff;
2389 : ffff;
2390 : ffff;
2391 : ffff;
2392 : ffff;
2393 : ffff;
2394 : ffff;
2395 : ffff;
2396 : ffff;
2397 : ffff;
2398 : ffff;
2399 : ffff;
2400 : ffff;
2401 : ffff;
2402 : ffff;
2403 : ffff;
2404 : ffff;
2405 : ffff;
2406 : ffff;
2407 : ffff;
2408 : ffff;
2409 : ffff;
2410 : ffff;
2411 : ffff;
2412 : ffff;
2413 : ffff;
2414 : ffff;
2415 : ffff;
2416 : ffff;
2417 : ffff;
2418 : ffff;
2419 : ffff;
2420 : ffff;
2421 : ffff;
2422 : ffff;
2423 : ffff;
2424 : ffff;
2425 : ffff;
2426 : ffff;
2427 : d699;
2428 : 6247;
2429 : 20a2;
2430 : 3965;
2431 : 20e3;
2432 : 6289;
2433 : 49e7;
2434 : 3986;
2435 : 18c3;
2436 : 39a6;
2437 : 3986;
2438 : 3986;
2439 : 20e3;
2440 : 41c7;
2441 : 49e7;
2442 : 5a28;
2443 : 5a49;
2444 : 4a08;
2445 : 41c7;
2446 : 41a6;
2447 : 3986;
2448 : 4186;
2449 : 3944;
2450 : 2903;
2451 : 4944;
2452 : 4124;
2453 : 5985;
2454 : 5185;
2455 : 3903;
2456 : 61c5;
2457 : 8268;
2458 : 9b6b;
2459 : 82a9;
2460 : 6a8a;
2461 : 6a89;
2462 : 6aca;
2463 : 49e7;
2464 : 6268;
2465 : 3965;
2466 : 4185;
2467 : 3965;
2468 : 3145;
2469 : 30e3;
2470 : 8c0f;
2471 : ffff;
2472 : ffff;
2473 : ffff;
2474 : ffff;
2475 : ffff;
2476 : ffff;
2477 : ffff;
2478 : ffff;
2479 : ffff;
2480 : ffff;
2481 : ffff;
2482 : ffff;
2483 : ffff;
2484 : ffff;
2485 : ffff;
2486 : ffff;
2487 : ffff;
2488 : ffff;
2489 : ffff;
2490 : ffff;
2491 : ffff;
2492 : ffff;
2493 : ffff;
2494 : ffff;
2495 : ffff;
2496 : ffff;
2497 : ffff;
2498 : ffff;
2499 : ffff;
2500 : ffff;
2501 : ffff;
2502 : ffff;
2503 : ffff;
2504 : ffff;
2505 : ffff;
2506 : ffff;
2507 : ffff;
2508 : ffff;
2509 : ffff;
2510 : ffff;
2511 : ffff;
2512 : ffff;
2513 : ffff;
2514 : ffff;
2515 : ffff;
2516 : ffff;
2517 : ffff;
2518 : ffff;
2519 : ffff;
2520 : ffff;
2521 : ffff;
2522 : ffff;
2523 : ffff;
2524 : ffff;
2525 : ffff;
2526 : ffff;
2527 : 9c2f;
2528 : 28e3;
2529 : 4185;
2530 : 2924;
2531 : 41a6;
2532 : 41a6;
2533 : 41c6;
2534 : 18c3;
2535 : 3104;
2536 : 3986;
2537 : 3145;
2538 : 20e3;
2539 : 3166;
2540 : 41a7;
2541 : 5208;
2542 : 5208;
2543 : 5249;
2544 : 4a08;
2545 : 49e7;
2546 : 4a08;
2547 : 41a7;
2548 : 4165;
2549 : 4165;
2550 : 61c5;
2551 : 5985;
2552 : 8aa8;
2553 : 61e6;
2554 : 4944;
2555 : 69c5;
2556 : 92e9;
2557 : ab8b;
2558 : abcd;
2559 : a38c;
2560 : 6a48;
2561 : 6269;
2562 : 6aab;
2563 : 49e7;
2564 : 5a69;
2565 : 4186;
2566 : 3124;
2567 : 3964;
2568 : 3944;
2569 : 3124;
2570 : 49e6;
2571 : ffff;
2572 : ffff;
2573 : ffff;
2574 : ffff;
2575 : ffff;
2576 : ffff;
2577 : ffff;
2578 : ffff;
2579 : ffff;
2580 : ffff;
2581 : ffff;
2582 : ffff;
2583 : ffff;
2584 : ffff;
2585 : ffff;
2586 : ffff;
2587 : ffff;
2588 : ffff;
2589 : ffff;
2590 : ffff;
2591 : ffff;
2592 : ffff;
2593 : ffff;
2594 : ffff;
2595 : ffff;
2596 : ffff;
2597 : ffff;
2598 : ffff;
2599 : ffff;
2600 : ffff;
2601 : ffff;
2602 : ffff;
2603 : ffff;
2604 : ffff;
2605 : ffff;
2606 : ffff;
2607 : ffff;
2608 : ffff;
2609 : ffff;
2610 : ffff;
2611 : ffff;
2612 : ffff;
2613 : ffff;
2614 : ffff;
2615 : ffff;
2616 : ffff;
2617 : ffff;
2618 : ffff;
2619 : ffff;
2620 : ffff;
2621 : ffff;
2622 : ffff;
2623 : ffff;
2624 : ffff;
2625 : ffff;
2626 : ef5d;
2627 : 6288;
2628 : 20c2;
2629 : 41c6;
2630 : 20e3;
2631 : 5228;
2632 : 4185;
2633 : 20e3;
2634 : 20c2;
2635 : 3124;
2636 : 2925;
2637 : 2104;
2638 : 3145;
2639 : 41c7;
2640 : 41a6;
2641 : 5a28;
2642 : 4a08;
2643 : 39a7;
2644 : 5229;
2645 : 5229;
2646 : 49c7;
2647 : 5208;
2648 : 51e7;
2649 : 8aa8;
2650 : 8aca;
2651 : a38c;
2652 : 6a27;
2653 : 59c6;
2654 : 8267;
2655 : a32a;
2656 : bc4e;
2657 : c46f;
2658 : bc0d;
2659 : b3ed;
2660 : 7227;
2661 : 51e7;
2662 : 5207;
2663 : 5a48;
2664 : 3145;
2665 : 5a69;
2666 : 3124;
2667 : 3924;
2668 : 3985;
2669 : 3944;
2670 : 28c2;
2671 : f79e;
2672 : ffff;
2673 : ffff;
2674 : ffff;
2675 : ffff;
2676 : ffff;
2677 : ffff;
2678 : ffff;
2679 : ffff;
2680 : ffff;
2681 : ffff;
2682 : ffff;
2683 : ffff;
2684 : ffff;
2685 : ffff;
2686 : ffff;
2687 : ffff;
2688 : ffff;
2689 : ffff;
2690 : ffff;
2691 : ffff;
2692 : ffff;
2693 : ffff;
2694 : ffff;
2695 : ffff;
2696 : ffff;
2697 : ffff;
2698 : ffff;
2699 : ffff;
2700 : ffff;
2701 : ffff;
2702 : ffff;
2703 : ffff;
2704 : ffff;
2705 : ffff;
2706 : ffff;
2707 : ffff;
2708 : ffff;
2709 : ffff;
2710 : ffff;
2711 : ffff;
2712 : ffff;
2713 : ffff;
2714 : ffff;
2715 : ffff;
2716 : ffff;
2717 : ffff;
2718 : ffff;
2719 : ffff;
2720 : ffff;
2721 : ffff;
2722 : ffff;
2723 : ffff;
2724 : ffff;
2725 : ffff;
2726 : bd75;
2727 : 28e2;
2728 : 4185;
2729 : 3165;
2730 : 3145;
2731 : 4186;
2732 : 3986;
2733 : 18a2;
2734 : 3103;
2735 : 2904;
2736 : 2944;
2737 : 3965;
2738 : 41c7;
2739 : 3965;
2740 : 6a69;
2741 : 49e7;
2742 : 4165;
2743 : 41a7;
2744 : 4a08;
2745 : 4124;
2746 : 5a28;
2747 : 6a89;
2748 : 9b0a;
2749 : 9bad;
2750 : a3ad;
2751 : 8b0b;
2752 : 7248;
2753 : a32a;
2754 : bc0d;
2755 : d531;
2756 : dd11;
2757 : d4f0;
2758 : c48f;
2759 : cccf;
2760 : 92e9;
2761 : 4964;
2762 : 4165;
2763 : 49e7;
2764 : 2904;
2765 : 51e7;
2766 : 3965;
2767 : 3124;
2768 : 2924;
2769 : 49a5;
2770 : 28c2;
2771 : ce38;
2772 : ffff;
2773 : ffff;
2774 : ffff;
2775 : ffff;
2776 : ffff;
2777 : ffff;
2778 : ffff;
2779 : ffff;
2780 : ffff;
2781 : ffff;
2782 : ffff;
2783 : ffff;
2784 : ffff;
2785 : ffff;
2786 : ffff;
2787 : ffff;
2788 : ffff;
2789 : ffff;
2790 : ffff;
2791 : ffff;
2792 : ffff;
2793 : ffff;
2794 : ffff;
2795 : ffff;
2796 : ffff;
2797 : ffff;
2798 : ffff;
2799 : ffff;
2800 : ffff;
2801 : ffff;
2802 : ffff;
2803 : ffff;
2804 : ffff;
2805 : ffff;
2806 : ffff;
2807 : ffff;
2808 : ffff;
2809 : ffff;
2810 : ffff;
2811 : ffff;
2812 : ffff;
2813 : ffff;
2814 : ffff;
2815 : ffff;
2816 : ffff;
2817 : ffff;
2818 : ffff;
2819 : ffff;
2820 : ffff;
2821 : ffff;
2822 : ffff;
2823 : ffff;
2824 : ffff;
2825 : ffff;
2826 : 7b6c;
2827 : 28e2;
2828 : 49a6;
2829 : 20e3;
2830 : 3985;
2831 : 49a6;
2832 : 20e3;
2833 : 20c2;
2834 : 28e3;
2835 : 2104;
2836 : 3145;
2837 : 49e7;
2838 : 3165;
2839 : 51e7;
2840 : 41a6;
2841 : 3924;
2842 : 4186;
2843 : 39a6;
2844 : 4124;
2845 : 5a08;
2846 : 72aa;
2847 : 82ea;
2848 : 9bad;
2849 : a3ce;
2850 : 8b0b;
2851 : 8a89;
2852 : c40d;
2853 : dd31;
2854 : ed93;
2855 : e592;
2856 : e572;
2857 : dd31;
2858 : d4d0;
2859 : cccf;
2860 : bc2d;
2861 : 5164;
2862 : 3924;
2863 : 3965;
2864 : 3964;
2865 : 2903;
2866 : 41a6;
2867 : 2903;
2868 : 2903;
2869 : 3944;
2870 : 3123;
2871 : 9450;
2872 : ffff;
2873 : ffff;
2874 : ffff;
2875 : ffff;
2876 : ffff;
2877 : ffff;
2878 : ffff;
2879 : ffff;
2880 : ffff;
2881 : ffff;
2882 : ffff;
2883 : ffff;
2884 : ffff;
2885 : ffff;
2886 : ffff;
2887 : ffff;
2888 : ffff;
2889 : ffff;
2890 : ffff;
2891 : ffff;
2892 : ffff;
2893 : ffff;
2894 : ffff;
2895 : ffff;
2896 : ffff;
2897 : ffff;
2898 : ffff;
2899 : ffff;
2900 : ffff;
2901 : ffff;
2902 : ffff;
2903 : ffff;
2904 : ffff;
2905 : ffff;
2906 : ffff;
2907 : ffff;
2908 : ffff;
2909 : ffff;
2910 : ffff;
2911 : ffff;
2912 : ffff;
2913 : ffff;
2914 : ffff;
2915 : ffff;
2916 : ffff;
2917 : ffff;
2918 : ffff;
2919 : ffff;
2920 : ffff;
2921 : ffff;
2922 : ffff;
2923 : ffff;
2924 : ffff;
2925 : f77d;
2926 : 6289;
2927 : 3124;
2928 : 4185;
2929 : 18c2;
2930 : 4185;
2931 : 3944;
2932 : 18c2;
2933 : 20c3;
2934 : 20e3;
2935 : 20e3;
2936 : 49c6;
2937 : 2945;
2938 : 4165;
2939 : 3965;
2940 : 3145;
2941 : 4165;
2942 : 2904;
2943 : 4103;
2944 : 3945;
2945 : 6228;
2946 : 930b;
2947 : a3cd;
2948 : 9b8c;
2949 : a38c;
2950 : d4f1;
2951 : f615;
2952 : f636;
2953 : f615;
2954 : edd3;
2955 : edb3;
2956 : e572;
2957 : dd31;
2958 : d4f0;
2959 : ccaf;
2960 : ccaf;
2961 : 7a67;
2962 : 3924;
2963 : 3103;
2964 : 4985;
2965 : 20c2;
2966 : 4165;
2967 : 20c3;
2968 : 3144;
2969 : 2903;
2970 : 4164;
2971 : 5aa9;
2972 : ffff;
2973 : ffff;
2974 : ffff;
2975 : ffff;
2976 : ffff;
2977 : ffff;
2978 : ffff;
2979 : ffff;
2980 : ffff;
2981 : ffff;
2982 : ffff;
2983 : ffff;
2984 : ffff;
2985 : ffff;
2986 : ffff;
2987 : ffff;
2988 : ffff;
2989 : ffff;
2990 : ffff;
2991 : ffff;
2992 : ffff;
2993 : ffff;
2994 : ffff;
2995 : ffff;
2996 : ffff;
2997 : ffff;
2998 : ffff;
2999 : ffff;
3000 : ffff;
3001 : ffff;
3002 : ffff;
3003 : ffff;
3004 : ffff;
3005 : ffff;
3006 : ffff;
3007 : ffff;
3008 : ffff;
3009 : ffff;
3010 : ffff;
3011 : ffff;
3012 : ffff;
3013 : ffff;
3014 : ffff;
3015 : ffff;
3016 : ffff;
3017 : ffff;
3018 : ffff;
3019 : ffff;
3020 : ffff;
3021 : ffff;
3022 : ffff;
3023 : ffff;
3024 : ffff;
3025 : e6da;
3026 : 41a6;
3027 : 4185;
3028 : 3144;
3029 : 20e3;
3030 : 3144;
3031 : 3124;
3032 : 18a2;
3033 : 20e3;
3034 : 20e3;
3035 : 2904;
3036 : 3124;
3037 : 20e3;
3038 : 41a5;
3039 : 2924;
3040 : 3104;
3041 : 20c3;
3042 : 30c2;
3043 : 3904;
3044 : 7a48;
3045 : ab8c;
3046 : b42f;
3047 : d4f1;
3048 : edf5;
3049 : fe77;
3050 : fe97;
3051 : f656;
3052 : f635;
3053 : f614;
3054 : edd3;
3055 : ed92;
3056 : e572;
3057 : dd31;
3058 : d4f0;
3059 : ccaf;
3060 : c46e;
3061 : a36b;
3062 : 4124;
3063 : 30e3;
3064 : 4144;
3065 : 28e3;
3066 : 3944;
3067 : 20e3;
3068 : 2903;
3069 : 2903;
3070 : 3944;
3071 : 3964;
3072 : ffff;
3073 : ffff;
3074 : ffff;
3075 : ffff;
3076 : ffff;
3077 : ffff;
3078 : ffff;
3079 : ffff;
3080 : ffff;
3081 : ffff;
3082 : ffff;
3083 : ffff;
3084 : ffff;
3085 : ffff;
3086 : ffff;
3087 : ffff;
3088 : ffff;
3089 : ffff;
3090 : ffff;
3091 : ffff;
3092 : ffff;
3093 : ffff;
3094 : ffff;
3095 : ffff;
3096 : ffff;
3097 : ffff;
3098 : ffff;
3099 : ffff;
3100 : ffff;
3101 : ffff;
3102 : ffff;
3103 : ffff;
3104 : ffff;
3105 : ffff;
3106 : ffff;
3107 : ffff;
3108 : ffff;
3109 : ffff;
3110 : ffff;
3111 : ffff;
3112 : ffff;
3113 : ffff;
3114 : ffff;
3115 : ffff;
3116 : ffff;
3117 : ffff;
3118 : ffff;
3119 : ffff;
3120 : ffff;
3121 : ffff;
3122 : ffff;
3123 : ffff;
3124 : ffff;
3125 : e71c;
3126 : 28e3;
3127 : 49a5;
3128 : 2904;
3129 : 2903;
3130 : 3944;
3131 : 20e3;
3132 : 18a2;
3133 : 20e3;
3134 : 20c3;
3135 : 3924;
3136 : 2904;
3137 : 3124;
3138 : 3124;
3139 : 20c3;
3140 : 20c3;
3141 : 5144;
3142 : 7a89;
3143 : d4b0;
3144 : edf5;
3145 : e5d5;
3146 : f677;
3147 : f677;
3148 : f677;
3149 : f656;
3150 : f656;
3151 : f615;
3152 : f615;
3153 : f614;
3154 : edd3;
3155 : ed92;
3156 : e551;
3157 : dd31;
3158 : d4f0;
3159 : cc8f;
3160 : c44e;
3161 : b3cc;
3162 : 61e6;
3163 : 3903;
3164 : 3124;
3165 : 3103;
3166 : 3124;
3167 : 2903;
3168 : 20c3;
3169 : 2903;
3170 : 2903;
3171 : 3923;
3172 : f79e;
3173 : ffff;
3174 : ffff;
3175 : ffff;
3176 : ffff;
3177 : ffff;
3178 : ffff;
3179 : ffff;
3180 : ffff;
3181 : ffff;
3182 : ffff;
3183 : ffff;
3184 : ffff;
3185 : ffff;
3186 : ffff;
3187 : ffff;
3188 : ffff;
3189 : ffff;
3190 : ffff;
3191 : ffff;
3192 : ffff;
3193 : ffff;
3194 : ffff;
3195 : ffff;
3196 : ffff;
3197 : ffff;
3198 : ffff;
3199 : ffff;
3200 : ffff;
3201 : ffff;
3202 : ffff;
3203 : ffff;
3204 : ffff;
3205 : ffff;
3206 : ffff;
3207 : ffff;
3208 : ffff;
3209 : ffff;
3210 : ffff;
3211 : ffff;
3212 : ffff;
3213 : ffff;
3214 : ffff;
3215 : ffff;
3216 : ffff;
3217 : ffff;
3218 : ffff;
3219 : ffff;
3220 : ffff;
3221 : ffff;
3222 : ffff;
3223 : ffff;
3224 : ffff;
3225 : ce58;
3226 : 20a1;
3227 : 4985;
3228 : 2924;
3229 : 3124;
3230 : 3965;
3231 : 1082;
3232 : 18c2;
3233 : 2904;
3234 : 20c3;
3235 : 4164;
3236 : 20e3;
3237 : 4185;
3238 : 20c3;
3239 : 20a2;
3240 : 8268;
3241 : ccb0;
3242 : f5f5;
3243 : f635;
3244 : f615;
3245 : f636;
3246 : f636;
3247 : f656;
3248 : f656;
3249 : f656;
3250 : f636;
3251 : f615;
3252 : f615;
3253 : f5f4;
3254 : edd3;
3255 : e592;
3256 : e551;
3257 : dd10;
3258 : d4cf;
3259 : ccaf;
3260 : c44e;
3261 : b40d;
3262 : 7267;
3263 : 4944;
3264 : 3124;
3265 : 3123;
3266 : 2904;
3267 : 2903;
3268 : 20e3;
3269 : 2903;
3270 : 2903;
3271 : 28e2;
3272 : ef5c;
3273 : ffff;
3274 : ffff;
3275 : ffff;
3276 : ffff;
3277 : ffff;
3278 : ffff;
3279 : ffff;
3280 : ffff;
3281 : ffff;
3282 : ffff;
3283 : ffff;
3284 : ffff;
3285 : ffff;
3286 : ffff;
3287 : ffff;
3288 : ffff;
3289 : ffff;
3290 : ffff;
3291 : ffff;
3292 : ffff;
3293 : ffff;
3294 : ffff;
3295 : ffff;
3296 : ffff;
3297 : ffff;
3298 : ffff;
3299 : ffff;
3300 : ffff;
3301 : ffff;
3302 : ffff;
3303 : ffff;
3304 : ffff;
3305 : ffff;
3306 : ffff;
3307 : ffff;
3308 : ffff;
3309 : ffff;
3310 : ffff;
3311 : ffff;
3312 : ffff;
3313 : ffff;
3314 : ffff;
3315 : ffff;
3316 : ffff;
3317 : ffff;
3318 : ffff;
3319 : ffff;
3320 : ffff;
3321 : ffff;
3322 : ffff;
3323 : ffff;
3324 : ffff;
3325 : ce18;
3326 : 28c2;
3327 : 4185;
3328 : 20e3;
3329 : 3124;
3330 : 3144;
3331 : 18a2;
3332 : 2903;
3333 : 2945;
3334 : 30e3;
3335 : 3964;
3336 : 30e3;
3337 : 20e3;
3338 : 1881;
3339 : 8227;
3340 : dd72;
3341 : ee15;
3342 : edf4;
3343 : edf5;
3344 : edf5;
3345 : edf5;
3346 : f615;
3347 : f636;
3348 : f615;
3349 : f615;
3350 : ee15;
3351 : f5f5;
3352 : f5f5;
3353 : edd4;
3354 : edb3;
3355 : e572;
3356 : dd51;
3357 : dd10;
3358 : d4cf;
3359 : ccaf;
3360 : c44e;
3361 : bc2d;
3362 : 8ae9;
3363 : 61e6;
3364 : 3104;
3365 : 3944;
3366 : 20e3;
3367 : 3103;
3368 : 20c2;
3369 : 2903;
3370 : 3124;
3371 : 28e2;
3372 : d6ba;
3373 : ffff;
3374 : ffff;
3375 : ffff;
3376 : ffff;
3377 : ffff;
3378 : ffff;
3379 : ffff;
3380 : ffff;
3381 : ffff;
3382 : ffff;
3383 : ffff;
3384 : ffff;
3385 : ffff;
3386 : ffff;
3387 : ffff;
3388 : ffff;
3389 : ffff;
3390 : ffff;
3391 : ffff;
3392 : ffff;
3393 : ffff;
3394 : ffff;
3395 : ffff;
3396 : ffff;
3397 : ffff;
3398 : ffff;
3399 : ffff;
3400 : ffff;
3401 : ffff;
3402 : ffff;
3403 : ffff;
3404 : ffff;
3405 : ffff;
3406 : ffff;
3407 : ffff;
3408 : ffff;
3409 : ffff;
3410 : ffff;
3411 : ffff;
3412 : ffff;
3413 : ffff;
3414 : ffff;
3415 : ffff;
3416 : ffff;
3417 : ffff;
3418 : ffff;
3419 : ffff;
3420 : ffff;
3421 : ffff;
3422 : ffff;
3423 : ffff;
3424 : ffff;
3425 : ce38;
3426 : 28c2;
3427 : 4185;
3428 : 2904;
3429 : 3124;
3430 : 2903;
3431 : 18a2;
3432 : 41a6;
3433 : 2904;
3434 : 3103;
3435 : 1061;
3436 : 2082;
3437 : 30a2;
3438 : 9b0a;
3439 : dd73;
3440 : edd4;
3441 : edd4;
3442 : edf4;
3443 : edd4;
3444 : edd4;
3445 : edf5;
3446 : edf4;
3447 : edf5;
3448 : edf5;
3449 : edf4;
3450 : edf4;
3451 : edf4;
3452 : edf4;
3453 : edb3;
3454 : e572;
3455 : dd51;
3456 : dd31;
3457 : d4f0;
3458 : cccf;
3459 : ccaf;
3460 : c48e;
3461 : bc4e;
3462 : 9b6b;
3463 : 7267;
3464 : 3903;
3465 : 3944;
3466 : 20c2;
3467 : 28e3;
3468 : 20e3;
3469 : 28e3;
3470 : 3964;
3471 : 28e2;
3472 : ce38;
3473 : ffff;
3474 : ffff;
3475 : ffff;
3476 : ffff;
3477 : ffff;
3478 : ffff;
3479 : ffff;
3480 : ffff;
3481 : ffff;
3482 : ffff;
3483 : ffff;
3484 : ffff;
3485 : ffff;
3486 : ffff;
3487 : ffff;
3488 : ffff;
3489 : ffff;
3490 : ffff;
3491 : ffff;
3492 : ffff;
3493 : ffff;
3494 : ffff;
3495 : ffff;
3496 : ffff;
3497 : ffff;
3498 : ffff;
3499 : ffff;
3500 : ffff;
3501 : ffff;
3502 : ffff;
3503 : ffff;
3504 : ffff;
3505 : ffff;
3506 : ffff;
3507 : ffff;
3508 : ffff;
3509 : ffff;
3510 : ffff;
3511 : ffff;
3512 : ffff;
3513 : ffff;
3514 : ffff;
3515 : ffff;
3516 : ffff;
3517 : ffff;
3518 : ffff;
3519 : ffff;
3520 : ffff;
3521 : ffff;
3522 : ffff;
3523 : ffff;
3524 : ffff;
3525 : deba;
3526 : 28e2;
3527 : 4185;
3528 : 3124;
3529 : 4185;
3530 : 20c2;
3531 : 3965;
3532 : 3986;
3533 : 3104;
3534 : 1882;
3535 : 6a06;
3536 : 8aa9;
3537 : b40d;
3538 : d531;
3539 : dd52;
3540 : e5b3;
3541 : edd4;
3542 : edd4;
3543 : edd4;
3544 : edd4;
3545 : edd4;
3546 : edf4;
3547 : edf4;
3548 : edf4;
3549 : edd4;
3550 : edd4;
3551 : edd4;
3552 : edd4;
3553 : e593;
3554 : e552;
3555 : dd31;
3556 : dd11;
3557 : d4f0;
3558 : ccd0;
3559 : ccaf;
3560 : cc8e;
3561 : c46e;
3562 : b3ec;
3563 : 7a88;
3564 : 4964;
3565 : 3924;
3566 : 28e3;
3567 : 20e3;
3568 : 28e3;
3569 : 20c3;
3570 : 3144;
3571 : 30e3;
3572 : bdf7;
3573 : ffff;
3574 : ffff;
3575 : ffff;
3576 : ffff;
3577 : ffff;
3578 : ffff;
3579 : ffff;
3580 : ffff;
3581 : ffff;
3582 : ffff;
3583 : ffff;
3584 : ffff;
3585 : ffff;
3586 : ffff;
3587 : ffff;
3588 : ffff;
3589 : ffff;
3590 : ffff;
3591 : ffff;
3592 : ffff;
3593 : ffff;
3594 : ffff;
3595 : ffff;
3596 : ffff;
3597 : ffff;
3598 : ffff;
3599 : ffff;
3600 : ffff;
3601 : ffff;
3602 : ffff;
3603 : ffff;
3604 : ffff;
3605 : ffff;
3606 : ffff;
3607 : ffff;
3608 : ffff;
3609 : ffff;
3610 : ffff;
3611 : ffff;
3612 : ffff;
3613 : ffff;
3614 : ffff;
3615 : ffff;
3616 : ffff;
3617 : ffff;
3618 : ffff;
3619 : ffff;
3620 : ffff;
3621 : ffff;
3622 : ffff;
3623 : ffff;
3624 : ffff;
3625 : ef3c;
3626 : 28c2;
3627 : 4985;
3628 : 3144;
3629 : 49a5;
3630 : 3124;
3631 : 5207;
3632 : 49c6;
3633 : 3924;
3634 : 7227;
3635 : ccd0;
3636 : cccf;
3637 : d531;
3638 : d511;
3639 : d532;
3640 : dd72;
3641 : e593;
3642 : edd4;
3643 : edd4;
3644 : edd4;
3645 : edd4;
3646 : e5d4;
3647 : e5d4;
3648 : e5d4;
3649 : edd4;
3650 : edd4;
3651 : e5b4;
3652 : e5b3;
3653 : e573;
3654 : dd52;
3655 : dd32;
3656 : d532;
3657 : d511;
3658 : ccf0;
3659 : ccaf;
3660 : c48e;
3661 : c46e;
3662 : bc2d;
3663 : 8ac8;
3664 : 59c5;
3665 : 3924;
3666 : 3923;
3667 : 20c2;
3668 : 28e3;
3669 : 20e3;
3670 : 3144;
3671 : 28c2;
3672 : 9cd3;
3673 : ffff;
3674 : ffff;
3675 : ffff;
3676 : ffff;
3677 : ffff;
3678 : ffff;
3679 : ffff;
3680 : ffff;
3681 : ffff;
3682 : ffff;
3683 : ffff;
3684 : ffff;
3685 : ffff;
3686 : ffff;
3687 : ffff;
3688 : ffff;
3689 : ffff;
3690 : ffff;
3691 : ffff;
3692 : ffff;
3693 : ffff;
3694 : ffff;
3695 : ffff;
3696 : ffff;
3697 : ffff;
3698 : ffff;
3699 : ffff;
3700 : ffff;
3701 : ffff;
3702 : ffff;
3703 : ffff;
3704 : ffff;
3705 : ffff;
3706 : ffff;
3707 : ffff;
3708 : ffff;
3709 : ffff;
3710 : ffff;
3711 : ffff;
3712 : ffff;
3713 : ffff;
3714 : ffff;
3715 : ffff;
3716 : ffff;
3717 : ffff;
3718 : ffff;
3719 : ffff;
3720 : ffff;
3721 : ffff;
3722 : ffff;
3723 : ffff;
3724 : ffff;
3725 : ffff;
3726 : 3103;
3727 : 49a5;
3728 : 3944;
3729 : 41a5;
3730 : 49a6;
3731 : 4144;
3732 : 7aa8;
3733 : 6a06;
3734 : c48f;
3735 : cd10;
3736 : ccf0;
3737 : c4d0;
3738 : ccf1;
3739 : ccf1;
3740 : dd52;
3741 : e593;
3742 : e5d4;
3743 : e5b3;
3744 : e5b4;
3745 : e5d4;
3746 : e5b4;
3747 : e5b4;
3748 : e5d4;
3749 : e5d4;
3750 : e5b4;
3751 : e5b3;
3752 : e593;
3753 : e593;
3754 : dd73;
3755 : d511;
3756 : c4d0;
3757 : bc90;
3758 : b42e;
3759 : b44e;
3760 : c4af;
3761 : c46e;
3762 : b42d;
3763 : 8ae9;
3764 : 8ae9;
3765 : 4144;
3766 : 4144;
3767 : 20c2;
3768 : 28e3;
3769 : 3124;
3770 : 3124;
3771 : 20c2;
3772 : 8c51;
3773 : ffff;
3774 : ffff;
3775 : ffff;
3776 : ffff;
3777 : ffff;
3778 : ffff;
3779 : ffff;
3780 : ffff;
3781 : ffff;
3782 : ffff;
3783 : ffff;
3784 : ffff;
3785 : ffff;
3786 : ffff;
3787 : ffff;
3788 : ffff;
3789 : ffff;
3790 : ffff;
3791 : ffff;
3792 : ffff;
3793 : ffff;
3794 : ffff;
3795 : ffff;
3796 : ffff;
3797 : ffff;
3798 : ffff;
3799 : ffff;
3800 : ffff;
3801 : ffff;
3802 : ffff;
3803 : ffff;
3804 : ffff;
3805 : ffff;
3806 : ffff;
3807 : ffff;
3808 : ffff;
3809 : ffff;
3810 : ffff;
3811 : ffff;
3812 : ffff;
3813 : ffff;
3814 : ffff;
3815 : ffff;
3816 : ffff;
3817 : ffff;
3818 : ffff;
3819 : ffff;
3820 : ffff;
3821 : ffff;
3822 : ffff;
3823 : ffff;
3824 : ffff;
3825 : ffff;
3826 : 41a5;
3827 : 3965;
3828 : 4164;
3829 : 3965;
3830 : 2903;
3831 : 59c6;
3832 : a3ab;
3833 : abed;
3834 : cd11;
3835 : b44e;
3836 : 936c;
3837 : 9b4b;
3838 : 9b8c;
3839 : a3cd;
3840 : ac0d;
3841 : bc4e;
3842 : ccd0;
3843 : dd52;
3844 : dd52;
3845 : e593;
3846 : e593;
3847 : e593;
3848 : e593;
3849 : e5b4;
3850 : e593;
3851 : dd52;
3852 : d511;
3853 : c4b0;
3854 : b44f;
3855 : abed;
3856 : 9b8c;
3857 : 9b6c;
3858 : 932b;
3859 : 82a9;
3860 : 9b6c;
3861 : bc6e;
3862 : b42e;
3863 : a3ab;
3864 : 932a;
3865 : 59e6;
3866 : 4164;
3867 : 28e3;
3868 : 18c2;
3869 : 3144;
3870 : 3144;
3871 : 18c2;
3872 : 7bae;
3873 : ffff;
3874 : ffff;
3875 : ffff;
3876 : ffff;
3877 : ffff;
3878 : ffff;
3879 : ffff;
3880 : ffff;
3881 : ffff;
3882 : ffff;
3883 : ffff;
3884 : ffff;
3885 : ffff;
3886 : ffff;
3887 : ffff;
3888 : ffff;
3889 : ffff;
3890 : ffff;
3891 : ffff;
3892 : ffff;
3893 : ffff;
3894 : ffff;
3895 : ffff;
3896 : ffff;
3897 : ffff;
3898 : ffff;
3899 : ffff;
3900 : ffff;
3901 : ffff;
3902 : ffff;
3903 : ffff;
3904 : ffff;
3905 : ffff;
3906 : ffff;
3907 : ffff;
3908 : ffff;
3909 : ffff;
3910 : ffff;
3911 : ffff;
3912 : ffff;
3913 : ffff;
3914 : ffff;
3915 : ffff;
3916 : ffff;
3917 : ffff;
3918 : ffff;
3919 : ffff;
3920 : ffff;
3921 : ffff;
3922 : ffff;
3923 : ffff;
3924 : ffff;
3925 : ffff;
3926 : 5207;
3927 : 41c6;
3928 : 4184;
3929 : 2903;
3930 : 28e3;
3931 : 8b0a;
3932 : b46e;
3933 : c4d0;
3934 : bc8f;
3935 : 8aca;
3936 : 934b;
3937 : b42e;
3938 : bc70;
3939 : b42e;
3940 : ac0d;
3941 : b42e;
3942 : bc4e;
3943 : cd11;
3944 : d511;
3945 : dd52;
3946 : e593;
3947 : e5b3;
3948 : e5b4;
3949 : e593;
3950 : dd52;
3951 : d532;
3952 : c4b0;
3953 : b42e;
3954 : a3ac;
3955 : abcd;
3956 : b42f;
3957 : bc90;
3958 : bc6f;
3959 : abed;
3960 : 8aea;
3961 : 932a;
3962 : b46e;
3963 : b44e;
3964 : 934a;
3965 : 7268;
3966 : 59e6;
3967 : 3124;
3968 : 2903;
3969 : 3965;
3970 : 20c2;
3971 : 0041;
3972 : 5248;
3973 : ffff;
3974 : ffff;
3975 : ffff;
3976 : ffff;
3977 : ffff;
3978 : ffff;
3979 : ffff;
3980 : ffff;
3981 : ffff;
3982 : ffff;
3983 : ffff;
3984 : ffff;
3985 : ffff;
3986 : ffff;
3987 : ffff;
3988 : ffff;
3989 : ffff;
3990 : ffff;
3991 : ffff;
3992 : ffff;
3993 : ffff;
3994 : ffff;
3995 : ffff;
3996 : ffff;
3997 : ffff;
3998 : ffff;
3999 : ffff;
4000 : ffff;
4001 : ffff;
4002 : ffff;
4003 : ffff;
4004 : ffff;
4005 : ffff;
4006 : ffff;
4007 : ffff;
4008 : ffff;
4009 : ffff;
4010 : ffff;
4011 : ffff;
4012 : ffff;
4013 : ffff;
4014 : ffff;
4015 : ffff;
4016 : ffff;
4017 : ffff;
4018 : ffff;
4019 : ffff;
4020 : ffff;
4021 : ffff;
4022 : ffff;
4023 : ffff;
4024 : ffff;
4025 : ffff;
4026 : 7b2b;
4027 : 49a5;
4028 : 49c6;
4029 : 20c3;
4030 : 6206;
4031 : b44e;
4032 : c4f0;
4033 : cd11;
4034 : c4af;
4035 : c4af;
4036 : cd12;
4037 : d532;
4038 : dd93;
4039 : e593;
4040 : d532;
4041 : c4af;
4042 : c48f;
4043 : c4cf;
4044 : d511;
4045 : d552;
4046 : dd93;
4047 : e593;
4048 : dd73;
4049 : d573;
4050 : d531;
4051 : ccf0;
4052 : c4af;
4053 : bc6e;
4054 : bc8f;
4055 : d532;
4056 : dd94;
4057 : dd73;
4058 : d532;
4059 : c4d0;
4060 : bc6f;
4061 : ac0d;
4062 : b42e;
4063 : bc8f;
4064 : ac0d;
4065 : 932a;
4066 : 59e6;
4067 : 4165;
4068 : 3124;
4069 : 20e3;
4070 : 4164;
4071 : 51c6;
4072 : 2924;
4073 : ffff;
4074 : ffff;
4075 : ffff;
4076 : ffff;
4077 : ffff;
4078 : ffff;
4079 : ffff;
4080 : ffff;
4081 : ffff;
4082 : ffff;
4083 : ffff;
4084 : ffff;
4085 : ffff;
4086 : ffff;
4087 : ffff;
4088 : ffff;
4089 : ffff;
4090 : ffff;
4091 : ffff;
4092 : ffff;
4093 : ffff;
4094 : ffff;
4095 : ffff;
4096 : ffff;
4097 : ffff;
4098 : ffff;
4099 : ffff;
4100 : ffff;
4101 : ffff;
4102 : ffff;
4103 : ffff;
4104 : ffff;
4105 : ffff;
4106 : ffff;
4107 : ffff;
4108 : ffff;
4109 : ffff;
4110 : ffff;
4111 : ffff;
4112 : ffff;
4113 : ffff;
4114 : ffff;
4115 : ffff;
4116 : ffff;
4117 : ffff;
4118 : ffff;
4119 : ffff;
4120 : ffff;
4121 : ffff;
4122 : ffff;
4123 : ffff;
4124 : ffff;
4125 : ffff;
4126 : ddf5;
4127 : d531;
4128 : 5207;
4129 : 3924;
4130 : 936b;
4131 : ccf0;
4132 : cd11;
4133 : cd11;
4134 : ccf0;
4135 : d531;
4136 : dd52;
4137 : e573;
4138 : e593;
4139 : e5b4;
4140 : e594;
4141 : d532;
4142 : ccf1;
4143 : c4d0;
4144 : c4cf;
4145 : d531;
4146 : dd72;
4147 : dd72;
4148 : d552;
4149 : cd32;
4150 : cd11;
4151 : c4af;
4152 : c4af;
4153 : ccd0;
4154 : d511;
4155 : e594;
4156 : e5b4;
4157 : e593;
4158 : dd32;
4159 : d511;
4160 : c4af;
4161 : b44e;
4162 : b44e;
4163 : c4d0;
4164 : bc8f;
4165 : b42d;
4166 : 6a27;
4167 : 4985;
4168 : 28e3;
4169 : 6207;
4170 : ccaf;
4171 : d4f0;
4172 : 4164;
4173 : ffff;
4174 : ffff;
4175 : ffff;
4176 : ffff;
4177 : ffff;
4178 : ffff;
4179 : ffff;
4180 : ffff;
4181 : ffff;
4182 : ffff;
4183 : ffff;
4184 : ffff;
4185 : ffff;
4186 : ffff;
4187 : ffff;
4188 : ffff;
4189 : ffff;
4190 : ffff;
4191 : ffff;
4192 : ffff;
4193 : ffff;
4194 : ffff;
4195 : ffff;
4196 : ffff;
4197 : ffff;
4198 : ffff;
4199 : ffff;
4200 : ffff;
4201 : ffff;
4202 : ffff;
4203 : ffff;
4204 : ffff;
4205 : ffff;
4206 : ffff;
4207 : ffff;
4208 : ffff;
4209 : ffff;
4210 : ffff;
4211 : ffff;
4212 : ffff;
4213 : ffff;
4214 : ffff;
4215 : ffff;
4216 : ffff;
4217 : ffff;
4218 : ffff;
4219 : ffff;
4220 : ffff;
4221 : ffff;
4222 : ffff;
4223 : ffff;
4224 : ffff;
4225 : ffff;
4226 : d5b4;
4227 : bc0c;
4228 : bc6f;
4229 : 51c5;
4230 : ac2e;
4231 : d532;
4232 : d531;
4233 : d552;
4234 : ccf0;
4235 : d511;
4236 : dd52;
4237 : e573;
4238 : ccf0;
4239 : b44f;
4240 : b44e;
4241 : dd31;
4242 : d511;
4243 : ccf1;
4244 : ccf0;
4245 : d511;
4246 : dd52;
4247 : dd73;
4248 : d552;
4249 : c4f1;
4250 : c4d0;
4251 : c4cf;
4252 : ccf0;
4253 : cd11;
4254 : d552;
4255 : ac4f;
4256 : a3ed;
4257 : a3ed;
4258 : ccd0;
4259 : ccf0;
4260 : bc6f;
4261 : bc4e;
4262 : bc8f;
4263 : c4f0;
4264 : c4cf;
4265 : bc8f;
4266 : 82ea;
4267 : 51e6;
4268 : 51c6;
4269 : 9b4b;
4270 : 9b4a;
4271 : a38b;
4272 : 4144;
4273 : f79e;
4274 : ffff;
4275 : ffff;
4276 : ffff;
4277 : ffff;
4278 : ffff;
4279 : ffff;
4280 : ffff;
4281 : ffff;
4282 : ffff;
4283 : ffff;
4284 : ffff;
4285 : ffff;
4286 : ffff;
4287 : ffff;
4288 : ffff;
4289 : ffff;
4290 : ffff;
4291 : ffff;
4292 : ffff;
4293 : ffff;
4294 : ffff;
4295 : ffff;
4296 : ffff;
4297 : ffff;
4298 : ffff;
4299 : ffff;
4300 : ffff;
4301 : ffff;
4302 : ffff;
4303 : ffff;
4304 : ffff;
4305 : ffff;
4306 : ffff;
4307 : ffff;
4308 : ffff;
4309 : ffff;
4310 : ffff;
4311 : ffff;
4312 : ffff;
4313 : ffff;
4314 : ffff;
4315 : ffff;
4316 : ffff;
4317 : ffff;
4318 : ffff;
4319 : ffff;
4320 : ffff;
4321 : ffff;
4322 : ffff;
4323 : ffff;
4324 : ffff;
4325 : ffff;
4326 : e698;
4327 : 9a67;
4328 : b42d;
4329 : 936b;
4330 : ac4f;
4331 : d573;
4332 : dd52;
4333 : d552;
4334 : d531;
4335 : ccf0;
4336 : b3cc;
4337 : 61a5;
4338 : 526a;
4339 : 0820;
4340 : 31c7;
4341 : 0000;
4342 : 8b0a;
4343 : d511;
4344 : ccf0;
4345 : d510;
4346 : dd72;
4347 : e5d4;
4348 : dd94;
4349 : d512;
4350 : cccf;
4351 : c4af;
4352 : ccf1;
4353 : 9bac;
4354 : 1040;
4355 : 2986;
4356 : 0000;
4357 : 526a;
4358 : 4966;
4359 : 9b0a;
4360 : bc0d;
4361 : c48f;
4362 : ccf0;
4363 : ccf1;
4364 : c4f0;
4365 : bc8f;
4366 : 934b;
4367 : 7288;
4368 : 82c9;
4369 : 9b8b;
4370 : 8ac9;
4371 : b40e;
4372 : 28a2;
4373 : ef5d;
4374 : ffff;
4375 : ffff;
4376 : ffff;
4377 : ffff;
4378 : ffff;
4379 : ffff;
4380 : ffff;
4381 : ffff;
4382 : ffff;
4383 : ffff;
4384 : ffff;
4385 : ffff;
4386 : ffff;
4387 : ffff;
4388 : ffff;
4389 : ffff;
4390 : ffff;
4391 : ffff;
4392 : ffff;
4393 : ffff;
4394 : ffff;
4395 : ffff;
4396 : ffff;
4397 : ffff;
4398 : ffff;
4399 : ffff;
4400 : ffff;
4401 : ffff;
4402 : ffff;
4403 : ffff;
4404 : ffff;
4405 : ffff;
4406 : ffff;
4407 : ffff;
4408 : ffff;
4409 : ffff;
4410 : ffff;
4411 : ffff;
4412 : ffff;
4413 : ffff;
4414 : ffff;
4415 : ffff;
4416 : ffff;
4417 : ffff;
4418 : ffff;
4419 : ffff;
4420 : ffff;
4421 : ffff;
4422 : ffff;
4423 : ffff;
4424 : ffff;
4425 : ffff;
4426 : ef1b;
4427 : bbed;
4428 : c4f0;
4429 : ac0d;
4430 : b46f;
4431 : dd93;
4432 : dd93;
4433 : dd93;
4434 : dd72;
4435 : d510;
4436 : c48f;
4437 : bc0f;
4438 : cdb7;
4439 : 3104;
4440 : 3985;
4441 : 28a2;
4442 : 8452;
4443 : c46f;
4444 : d532;
4445 : d511;
4446 : e592;
4447 : edf5;
4448 : edf5;
4449 : d532;
4450 : ccd0;
4451 : d511;
4452 : c4af;
4453 : 9493;
4454 : 4186;
4455 : 4a08;
4456 : 28a2;
4457 : bd35;
4458 : c450;
4459 : c46f;
4460 : ccd0;
4461 : d531;
4462 : d552;
4463 : d511;
4464 : ccf0;
4465 : bcaf;
4466 : 934b;
4467 : 8ae9;
4468 : a3ac;
4469 : ac0e;
4470 : 9b4b;
4471 : a3ac;
4472 : 1881;
4473 : ef7d;
4474 : ffff;
4475 : ffff;
4476 : ffff;
4477 : ffff;
4478 : ffff;
4479 : ffff;
4480 : ffff;
4481 : ffff;
4482 : ffff;
4483 : ffff;
4484 : ffff;
4485 : ffff;
4486 : ffff;
4487 : ffff;
4488 : ffff;
4489 : ffff;
4490 : ffff;
4491 : ffff;
4492 : ffff;
4493 : ffff;
4494 : ffff;
4495 : ffff;
4496 : ffff;
4497 : ffff;
4498 : ffff;
4499 : ffff;
4500 : ffff;
4501 : ffff;
4502 : ffff;
4503 : ffff;
4504 : ffff;
4505 : ffff;
4506 : ffff;
4507 : ffff;
4508 : ffff;
4509 : ffff;
4510 : ffff;
4511 : ffff;
4512 : ffff;
4513 : ffff;
4514 : ffff;
4515 : ffff;
4516 : ffff;
4517 : ffff;
4518 : ffff;
4519 : ffff;
4520 : ffff;
4521 : ffff;
4522 : ffff;
4523 : ffff;
4524 : ffff;
4525 : ffff;
4526 : f7be;
4527 : cc8f;
4528 : cd11;
4529 : abcc;
4530 : b46f;
4531 : ddb3;
4532 : dd93;
4533 : e5b3;
4534 : e5d3;
4535 : e5b3;
4536 : edd3;
4537 : edb4;
4538 : edb5;
4539 : d534;
4540 : ac0f;
4541 : bc91;
4542 : cd53;
4543 : d511;
4544 : e593;
4545 : dd52;
4546 : edb3;
4547 : ee36;
4548 : ee16;
4549 : dd32;
4550 : d510;
4551 : dd73;
4552 : d531;
4553 : d532;
4554 : d596;
4555 : bc91;
4556 : dd95;
4557 : e5b5;
4558 : e552;
4559 : e552;
4560 : e593;
4561 : e593;
4562 : dd52;
4563 : d531;
4564 : ccf0;
4565 : c4d0;
4566 : 934b;
4567 : 82c9;
4568 : 9b2a;
4569 : bcb0;
4570 : c4b0;
4571 : 59e7;
4572 : 28c2;
4573 : f7be;
4574 : ffff;
4575 : ffff;
4576 : ffff;
4577 : ffff;
4578 : ffff;
4579 : ffff;
4580 : ffff;
4581 : ffff;
4582 : ffff;
4583 : ffff;
4584 : ffff;
4585 : ffff;
4586 : ffff;
4587 : ffff;
4588 : ffff;
4589 : ffff;
4590 : ffff;
4591 : ffff;
4592 : ffff;
4593 : ffff;
4594 : ffff;
4595 : ffff;
4596 : ffff;
4597 : ffff;
4598 : ffff;
4599 : ffff;
4600 : ffff;
4601 : ffff;
4602 : ffff;
4603 : ffff;
4604 : ffff;
4605 : ffff;
4606 : ffff;
4607 : ffff;
4608 : ffff;
4609 : ffff;
4610 : ffff;
4611 : ffff;
4612 : ffff;
4613 : ffff;
4614 : ffff;
4615 : ffff;
4616 : ffff;
4617 : ffff;
4618 : ffff;
4619 : ffff;
4620 : ffff;
4621 : ffff;
4622 : ffff;
4623 : ffff;
4624 : ffff;
4625 : ffff;
4626 : ffff;
4627 : 9c2f;
4628 : dd72;
4629 : bc4e;
4630 : ac2e;
4631 : ddb4;
4632 : ddb3;
4633 : e5b3;
4634 : e5d3;
4635 : e5b3;
4636 : e5b4;
4637 : edd4;
4638 : edd4;
4639 : edf6;
4640 : edf6;
4641 : edf6;
4642 : edf5;
4643 : ee36;
4644 : e5b4;
4645 : e593;
4646 : edd3;
4647 : f636;
4648 : ee37;
4649 : e572;
4650 : dd51;
4651 : dd73;
4652 : ee15;
4653 : edd5;
4654 : edb5;
4655 : edf5;
4656 : edd5;
4657 : e594;
4658 : e573;
4659 : e593;
4660 : e593;
4661 : dd72;
4662 : dd51;
4663 : d531;
4664 : ccf0;
4665 : c4f1;
4666 : 8b2a;
4667 : 9b8c;
4668 : abee;
4669 : c4d0;
4670 : ccf1;
4671 : 1041;
4672 : 4185;
4673 : ffff;
4674 : ffff;
4675 : ffff;
4676 : ffff;
4677 : ffff;
4678 : ffff;
4679 : ffff;
4680 : ffff;
4681 : ffff;
4682 : ffff;
4683 : ffff;
4684 : ffff;
4685 : ffff;
4686 : ffff;
4687 : ffff;
4688 : ffff;
4689 : ffff;
4690 : ffff;
4691 : ffff;
4692 : ffff;
4693 : ffff;
4694 : ffff;
4695 : ffff;
4696 : ffff;
4697 : ffff;
4698 : ffff;
4699 : ffff;
4700 : ffff;
4701 : ffff;
4702 : ffff;
4703 : ffff;
4704 : ffff;
4705 : ffff;
4706 : ffff;
4707 : ffff;
4708 : ffff;
4709 : ffff;
4710 : ffff;
4711 : ffff;
4712 : ffff;
4713 : ffff;
4714 : ffff;
4715 : ffff;
4716 : ffff;
4717 : ffff;
4718 : ffff;
4719 : ffff;
4720 : ffff;
4721 : ffff;
4722 : ffff;
4723 : ffff;
4724 : ffff;
4725 : ffff;
4726 : ffff;
4727 : ad34;
4728 : d511;
4729 : d532;
4730 : b44f;
4731 : ddb4;
4732 : ddb3;
4733 : e5b3;
4734 : e5d3;
4735 : e5d3;
4736 : e5d4;
4737 : e5d4;
4738 : e5b4;
4739 : e5b4;
4740 : edd5;
4741 : edf6;
4742 : f657;
4743 : f636;
4744 : edd4;
4745 : edb3;
4746 : f5d3;
4747 : f657;
4748 : f657;
4749 : e593;
4750 : e552;
4751 : e593;
4752 : ee15;
4753 : f636;
4754 : ee16;
4755 : edd5;
4756 : edd5;
4757 : edd5;
4758 : edd5;
4759 : edf4;
4760 : e593;
4761 : dd72;
4762 : dd52;
4763 : d531;
4764 : c4f0;
4765 : bcf1;
4766 : 8b2a;
4767 : ac0e;
4768 : b42f;
4769 : d552;
4770 : 938c;
4771 : 1082;
4772 : 49e7;
4773 : ffff;
4774 : ffff;
4775 : ffff;
4776 : ffff;
4777 : ffff;
4778 : ffff;
4779 : ffff;
4780 : ffff;
4781 : ffff;
4782 : ffff;
4783 : ffff;
4784 : ffff;
4785 : ffff;
4786 : ffff;
4787 : ffff;
4788 : ffff;
4789 : ffff;
4790 : ffff;
4791 : ffff;
4792 : ffff;
4793 : ffff;
4794 : ffff;
4795 : ffff;
4796 : ffff;
4797 : ffff;
4798 : ffff;
4799 : ffff;
4800 : ffff;
4801 : ffff;
4802 : ffff;
4803 : ffff;
4804 : ffff;
4805 : ffff;
4806 : ffff;
4807 : ffff;
4808 : ffff;
4809 : ffff;
4810 : ffff;
4811 : ffff;
4812 : ffff;
4813 : ffff;
4814 : ffff;
4815 : ffff;
4816 : ffff;
4817 : ffff;
4818 : ffff;
4819 : ffff;
4820 : ffff;
4821 : ffff;
4822 : ffff;
4823 : ffff;
4824 : ffff;
4825 : ffff;
4826 : ffff;
4827 : e71c;
4828 : 9b8c;
4829 : e5d4;
4830 : bc4e;
4831 : d5b4;
4832 : ddb3;
4833 : e5d3;
4834 : e5d3;
4835 : edf4;
4836 : edf4;
4837 : ee15;
4838 : ee36;
4839 : f656;
4840 : f657;
4841 : f677;
4842 : f677;
4843 : f636;
4844 : edd4;
4845 : f5d3;
4846 : f5f4;
4847 : f657;
4848 : f657;
4849 : edb4;
4850 : ed72;
4851 : ed93;
4852 : ee14;
4853 : f656;
4854 : f657;
4855 : f657;
4856 : f636;
4857 : f616;
4858 : f636;
4859 : edf4;
4860 : e5b3;
4861 : e552;
4862 : dd72;
4863 : d531;
4864 : c4f1;
4865 : b4b0;
4866 : 8b0a;
4867 : 9b4c;
4868 : c4b0;
4869 : dd73;
4870 : 51c6;
4871 : 20c3;
4872 : 5a69;
4873 : ffff;
4874 : ffff;
4875 : ffff;
4876 : ffff;
4877 : ffff;
4878 : ffff;
4879 : ffff;
4880 : ffff;
4881 : ffff;
4882 : ffff;
4883 : ffff;
4884 : ffff;
4885 : ffff;
4886 : ffff;
4887 : ffff;
4888 : ffff;
4889 : ffff;
4890 : ffff;
4891 : ffff;
4892 : ffff;
4893 : ffff;
4894 : ffff;
4895 : ffff;
4896 : ffff;
4897 : ffff;
4898 : ffff;
4899 : ffff;
4900 : ffff;
4901 : ffff;
4902 : ffff;
4903 : ffff;
4904 : ffff;
4905 : ffff;
4906 : ffff;
4907 : ffff;
4908 : ffff;
4909 : ffff;
4910 : ffff;
4911 : ffff;
4912 : ffff;
4913 : ffff;
4914 : ffff;
4915 : ffff;
4916 : ffff;
4917 : ffff;
4918 : ffff;
4919 : ffff;
4920 : ffff;
4921 : ffff;
4922 : ffff;
4923 : ffff;
4924 : ffff;
4925 : ffff;
4926 : ffff;
4927 : ffff;
4928 : 51e6;
4929 : edf4;
4930 : c4d0;
4931 : cd73;
4932 : ddb3;
4933 : e5d3;
4934 : edd4;
4935 : edf4;
4936 : f615;
4937 : f656;
4938 : f677;
4939 : f698;
4940 : fe98;
4941 : fe97;
4942 : f677;
4943 : f635;
4944 : edd4;
4945 : f5f3;
4946 : f5d3;
4947 : f636;
4948 : f636;
4949 : edd4;
4950 : e593;
4951 : ed92;
4952 : edf4;
4953 : f656;
4954 : f677;
4955 : f698;
4956 : fe97;
4957 : f657;
4958 : f636;
4959 : edf4;
4960 : edb3;
4961 : e593;
4962 : dd72;
4963 : d511;
4964 : c511;
4965 : a42f;
4966 : 8aa8;
4967 : b44e;
4968 : ccf0;
4969 : c490;
4970 : 18c3;
4971 : 20c2;
4972 : 6b0b;
4973 : ffff;
4974 : ffff;
4975 : ffff;
4976 : ffff;
4977 : ffff;
4978 : ffff;
4979 : ffff;
4980 : ffff;
4981 : ffff;
4982 : ffff;
4983 : ffff;
4984 : ffff;
4985 : ffff;
4986 : ffff;
4987 : ffff;
4988 : ffff;
4989 : ffff;
4990 : ffff;
4991 : ffff;
4992 : ffff;
4993 : ffff;
4994 : ffff;
4995 : ffff;
4996 : ffff;
4997 : ffff;
4998 : ffff;
4999 : ffff;
5000 : ffff;
5001 : ffff;
5002 : ffff;
5003 : ffff;
5004 : ffff;
5005 : ffff;
5006 : ffff;
5007 : ffff;
5008 : ffff;
5009 : ffff;
5010 : ffff;
5011 : ffff;
5012 : ffff;
5013 : ffff;
5014 : ffff;
5015 : ffff;
5016 : ffff;
5017 : ffff;
5018 : ffff;
5019 : ffff;
5020 : ffff;
5021 : ffff;
5022 : ffff;
5023 : ffff;
5024 : ffff;
5025 : ffff;
5026 : ffff;
5027 : ffff;
5028 : 6b0b;
5029 : a42e;
5030 : dd72;
5031 : d594;
5032 : ddb3;
5033 : e5d3;
5034 : edf4;
5035 : f614;
5036 : f635;
5037 : f676;
5038 : feb8;
5039 : feb8;
5040 : feb8;
5041 : fe97;
5042 : f677;
5043 : f615;
5044 : edb3;
5045 : edb3;
5046 : f5f4;
5047 : f656;
5048 : f636;
5049 : edd4;
5050 : e593;
5051 : e572;
5052 : edd3;
5053 : f636;
5054 : fe98;
5055 : feb8;
5056 : fe98;
5057 : fe77;
5058 : f656;
5059 : f615;
5060 : edd3;
5061 : e593;
5062 : dd52;
5063 : cd10;
5064 : c511;
5065 : 9bcd;
5066 : b42e;
5067 : b46f;
5068 : dd72;
5069 : 28e3;
5070 : 2925;
5071 : 1881;
5072 : 9471;
5073 : ffff;
5074 : ffff;
5075 : ffff;
5076 : ffff;
5077 : ffff;
5078 : ffff;
5079 : ffff;
5080 : ffff;
5081 : ffff;
5082 : ffff;
5083 : ffff;
5084 : ffff;
5085 : ffff;
5086 : ffff;
5087 : ffff;
5088 : ffff;
5089 : ffff;
5090 : ffff;
5091 : ffff;
5092 : ffff;
5093 : ffff;
5094 : ffff;
5095 : ffff;
5096 : ffff;
5097 : ffff;
5098 : ffff;
5099 : ffff;
5100 : ffff;
5101 : ffff;
5102 : ffff;
5103 : ffff;
5104 : ffff;
5105 : ffff;
5106 : ffff;
5107 : ffff;
5108 : ffff;
5109 : ffff;
5110 : ffff;
5111 : ffff;
5112 : ffff;
5113 : ffff;
5114 : ffff;
5115 : ffff;
5116 : ffff;
5117 : ffff;
5118 : ffff;
5119 : ffff;
5120 : ffff;
5121 : ffff;
5122 : ffff;
5123 : ffff;
5124 : ffff;
5125 : ffff;
5126 : ffff;
5127 : ffff;
5128 : d69a;
5129 : 30e3;
5130 : d573;
5131 : d594;
5132 : ddb3;
5133 : e5b3;
5134 : edd4;
5135 : f615;
5136 : f636;
5137 : fe76;
5138 : fe97;
5139 : feb8;
5140 : feb9;
5141 : fe98;
5142 : f656;
5143 : edf4;
5144 : e572;
5145 : e592;
5146 : f614;
5147 : fe77;
5148 : f636;
5149 : edf4;
5150 : e552;
5151 : dd10;
5152 : e593;
5153 : f635;
5154 : fe97;
5155 : feb8;
5156 : feb8;
5157 : fe77;
5158 : f656;
5159 : f615;
5160 : edd3;
5161 : e593;
5162 : d531;
5163 : ccf1;
5164 : bcf1;
5165 : a3ed;
5166 : b44e;
5167 : c4d0;
5168 : 3965;
5169 : 20e3;
5170 : 2945;
5171 : 28e3;
5172 : ce59;
5173 : ffff;
5174 : ffff;
5175 : ffff;
5176 : ffff;
5177 : ffff;
5178 : ffff;
5179 : ffff;
5180 : ffff;
5181 : ffff;
5182 : ffff;
5183 : ffff;
5184 : ffff;
5185 : ffff;
5186 : ffff;
5187 : ffff;
5188 : ffff;
5189 : ffff;
5190 : ffff;
5191 : ffff;
5192 : ffff;
5193 : ffff;
5194 : ffff;
5195 : ffff;
5196 : ffff;
5197 : ffff;
5198 : ffff;
5199 : ffff;
5200 : ffff;
5201 : ffff;
5202 : ffff;
5203 : ffff;
5204 : ffff;
5205 : ffff;
5206 : ffff;
5207 : ffff;
5208 : ffff;
5209 : ffff;
5210 : ffff;
5211 : ffff;
5212 : ffff;
5213 : ffff;
5214 : ffff;
5215 : ffff;
5216 : ffff;
5217 : ffff;
5218 : ffff;
5219 : ffff;
5220 : ffff;
5221 : ffff;
5222 : ffff;
5223 : ffff;
5224 : ffff;
5225 : ffff;
5226 : ffff;
5227 : ffff;
5228 : ffff;
5229 : 51e6;
5230 : 7b0b;
5231 : e5f5;
5232 : ddb4;
5233 : e593;
5234 : edd4;
5235 : f615;
5236 : f656;
5237 : fe77;
5238 : fe97;
5239 : fe98;
5240 : feb8;
5241 : fe97;
5242 : f636;
5243 : e593;
5244 : e531;
5245 : ed72;
5246 : f5f4;
5247 : fe77;
5248 : f657;
5249 : edb3;
5250 : e531;
5251 : dd11;
5252 : dd10;
5253 : ee15;
5254 : f677;
5255 : fe98;
5256 : fe98;
5257 : fe77;
5258 : f636;
5259 : f5f5;
5260 : edd4;
5261 : e593;
5262 : d531;
5263 : ccf1;
5264 : bcd1;
5265 : bc6e;
5266 : ccaf;
5267 : 3964;
5268 : 18a2;
5269 : 3145;
5270 : 2904;
5271 : 3104;
5272 : ffdf;
5273 : ffff;
5274 : ffff;
5275 : ffff;
5276 : ffff;
5277 : ffff;
5278 : ffff;
5279 : ffff;
5280 : ffff;
5281 : ffff;
5282 : ffff;
5283 : ffff;
5284 : ffff;
5285 : ffff;
5286 : ffff;
5287 : ffff;
5288 : ffff;
5289 : ffff;
5290 : ffff;
5291 : ffff;
5292 : ffff;
5293 : ffff;
5294 : ffff;
5295 : ffff;
5296 : ffff;
5297 : ffff;
5298 : ffff;
5299 : ffff;
5300 : ffff;
5301 : ffff;
5302 : ffff;
5303 : ffff;
5304 : ffff;
5305 : ffff;
5306 : ffff;
5307 : ffff;
5308 : ffff;
5309 : ffff;
5310 : ffff;
5311 : ffff;
5312 : ffff;
5313 : ffff;
5314 : ffff;
5315 : ffff;
5316 : ffff;
5317 : ffff;
5318 : ffff;
5319 : ffff;
5320 : ffff;
5321 : ffff;
5322 : ffff;
5323 : ffff;
5324 : ffff;
5325 : ffff;
5326 : ffff;
5327 : ffff;
5328 : ffff;
5329 : b554;
5330 : 30e2;
5331 : 9bcd;
5332 : ddd5;
5333 : dd93;
5334 : edd4;
5335 : f5f4;
5336 : f636;
5337 : fe56;
5338 : fe77;
5339 : fe97;
5340 : fe98;
5341 : f677;
5342 : f635;
5343 : e551;
5344 : f635;
5345 : f5f5;
5346 : edd3;
5347 : f615;
5348 : f5f5;
5349 : ed93;
5350 : edf4;
5351 : f636;
5352 : dd31;
5353 : dd72;
5354 : f656;
5355 : f677;
5356 : fe97;
5357 : fe56;
5358 : f636;
5359 : f5f5;
5360 : edb3;
5361 : dd73;
5362 : d511;
5363 : ccf1;
5364 : c511;
5365 : 49a5;
5366 : 1882;
5367 : 18c3;
5368 : 2924;
5369 : 3165;
5370 : 18a2;
5371 : 6289;
5372 : ffff;
5373 : ffff;
5374 : ffff;
5375 : ffff;
5376 : ffff;
5377 : ffff;
5378 : ffff;
5379 : ffff;
5380 : ffff;
5381 : ffff;
5382 : ffff;
5383 : ffff;
5384 : ffff;
5385 : ffff;
5386 : ffff;
5387 : ffff;
5388 : ffff;
5389 : ffff;
5390 : ffff;
5391 : ffff;
5392 : ffff;
5393 : ffff;
5394 : ffff;
5395 : ffff;
5396 : ffff;
5397 : ffff;
5398 : ffff;
5399 : ffff;
5400 : ffff;
5401 : ffff;
5402 : ffff;
5403 : ffff;
5404 : ffff;
5405 : ffff;
5406 : ffff;
5407 : ffff;
5408 : ffff;
5409 : ffff;
5410 : ffff;
5411 : ffff;
5412 : ffff;
5413 : ffff;
5414 : ffff;
5415 : ffff;
5416 : ffff;
5417 : ffff;
5418 : ffff;
5419 : ffff;
5420 : ffff;
5421 : ffff;
5422 : ffff;
5423 : ffff;
5424 : ffff;
5425 : ffff;
5426 : ffff;
5427 : ffff;
5428 : ffff;
5429 : ffff;
5430 : 6268;
5431 : 28e3;
5432 : ee36;
5433 : dd73;
5434 : e5b3;
5435 : edf4;
5436 : f615;
5437 : f615;
5438 : fe56;
5439 : fe77;
5440 : f656;
5441 : f636;
5442 : edf5;
5443 : dd51;
5444 : e552;
5445 : dd32;
5446 : e573;
5447 : e553;
5448 : e593;
5449 : dd72;
5450 : ccd1;
5451 : bbed;
5452 : d511;
5453 : d4d0;
5454 : ee15;
5455 : f636;
5456 : f656;
5457 : f636;
5458 : f5f5;
5459 : edd4;
5460 : e5b3;
5461 : d532;
5462 : ccf0;
5463 : c4f1;
5464 : c4f1;
5465 : 18a2;
5466 : 18c3;
5467 : 2904;
5468 : 3145;
5469 : 2904;
5470 : 1881;
5471 : b534;
5472 : ffff;
5473 : ffff;
5474 : ffff;
5475 : ffff;
5476 : ffff;
5477 : ffff;
5478 : ffff;
5479 : ffff;
5480 : ffff;
5481 : ffff;
5482 : ffff;
5483 : ffff;
5484 : ffff;
5485 : ffff;
5486 : ffff;
5487 : ffff;
5488 : ffff;
5489 : ffff;
5490 : ffff;
5491 : ffff;
5492 : ffff;
5493 : ffff;
5494 : ffff;
5495 : ffff;
5496 : ffff;
5497 : ffff;
5498 : ffff;
5499 : ffff;
5500 : ffff;
5501 : ffff;
5502 : ffff;
5503 : ffff;
5504 : ffff;
5505 : ffff;
5506 : ffff;
5507 : ffff;
5508 : ffff;
5509 : ffff;
5510 : ffff;
5511 : ffff;
5512 : ffff;
5513 : ffff;
5514 : ffff;
5515 : ffff;
5516 : ffff;
5517 : ffff;
5518 : ffff;
5519 : ffff;
5520 : ffff;
5521 : ffff;
5522 : ffff;
5523 : ffff;
5524 : ffff;
5525 : ffff;
5526 : ffff;
5527 : ffff;
5528 : ffff;
5529 : ffff;
5530 : f7be;
5531 : 28a1;
5532 : ddf5;
5533 : d573;
5534 : dd73;
5535 : e5b4;
5536 : edd4;
5537 : f5f4;
5538 : f615;
5539 : f636;
5540 : f656;
5541 : edf5;
5542 : edf4;
5543 : cccf;
5544 : b40d;
5545 : a34a;
5546 : b3ed;
5547 : c4b0;
5548 : c4d1;
5549 : abed;
5550 : 9b0a;
5551 : b40d;
5552 : b40d;
5553 : d511;
5554 : edf4;
5555 : f615;
5556 : f636;
5557 : f615;
5558 : edd4;
5559 : e5b3;
5560 : dd52;
5561 : d4f1;
5562 : ccf0;
5563 : c4f1;
5564 : bcd0;
5565 : 1081;
5566 : 2904;
5567 : 2924;
5568 : 2904;
5569 : 18c3;
5570 : 28c2;
5571 : f7be;
5572 : ffff;
5573 : ffff;
5574 : ffff;
5575 : ffff;
5576 : ffff;
5577 : ffff;
5578 : ffff;
5579 : ffff;
5580 : ffff;
5581 : ffff;
5582 : ffff;
5583 : ffff;
5584 : ffff;
5585 : ffff;
5586 : ffff;
5587 : ffff;
5588 : ffff;
5589 : ffff;
5590 : ffff;
5591 : ffff;
5592 : ffff;
5593 : ffff;
5594 : ffff;
5595 : ffff;
5596 : ffff;
5597 : ffff;
5598 : ffff;
5599 : ffff;
5600 : ffff;
5601 : ffff;
5602 : ffff;
5603 : ffff;
5604 : ffff;
5605 : ffff;
5606 : ffff;
5607 : ffff;
5608 : ffff;
5609 : ffff;
5610 : ffff;
5611 : ffff;
5612 : ffff;
5613 : ffff;
5614 : ffff;
5615 : ffff;
5616 : ffff;
5617 : ffff;
5618 : ffff;
5619 : ffff;
5620 : ffff;
5621 : ffff;
5622 : ffff;
5623 : ffff;
5624 : ffff;
5625 : ffff;
5626 : ffff;
5627 : ffff;
5628 : ffff;
5629 : ffff;
5630 : ffff;
5631 : 9450;
5632 : ac70;
5633 : d573;
5634 : dd52;
5635 : e573;
5636 : e593;
5637 : e5b4;
5638 : edd4;
5639 : edd4;
5640 : edd4;
5641 : e5d4;
5642 : e5b3;
5643 : dd72;
5644 : d531;
5645 : e5b3;
5646 : e5d5;
5647 : c4b0;
5648 : bc4f;
5649 : cd12;
5650 : dd73;
5651 : d511;
5652 : d531;
5653 : e593;
5654 : edd4;
5655 : edd4;
5656 : edf4;
5657 : edd4;
5658 : e593;
5659 : dd73;
5660 : d532;
5661 : ccd0;
5662 : c4d0;
5663 : c4f1;
5664 : 8b6c;
5665 : 1081;
5666 : 2924;
5667 : 2904;
5668 : 20c3;
5669 : 1882;
5670 : 62ca;
5671 : ffff;
5672 : ffff;
5673 : ffff;
5674 : ffff;
5675 : ffff;
5676 : ffff;
5677 : ffff;
5678 : ffff;
5679 : ffff;
5680 : ffff;
5681 : ffff;
5682 : ffff;
5683 : ffff;
5684 : ffff;
5685 : ffff;
5686 : ffff;
5687 : ffff;
5688 : ffff;
5689 : ffff;
5690 : ffff;
5691 : ffff;
5692 : ffff;
5693 : ffff;
5694 : ffff;
5695 : ffff;
5696 : ffff;
5697 : ffff;
5698 : ffff;
5699 : ffff;
5700 : ffff;
5701 : ffff;
5702 : ffff;
5703 : ffff;
5704 : ffff;
5705 : ffff;
5706 : ffff;
5707 : ffff;
5708 : ffff;
5709 : ffff;
5710 : ffff;
5711 : ffff;
5712 : ffff;
5713 : ffff;
5714 : ffff;
5715 : ffff;
5716 : ffff;
5717 : ffff;
5718 : ffff;
5719 : ffff;
5720 : ffff;
5721 : ffff;
5722 : ffff;
5723 : ffff;
5724 : ffff;
5725 : ffff;
5726 : ffff;
5727 : ffff;
5728 : ffff;
5729 : ffff;
5730 : ffff;
5731 : f7be;
5732 : 8b6c;
5733 : d573;
5734 : d532;
5735 : dd52;
5736 : dd73;
5737 : e573;
5738 : e573;
5739 : e573;
5740 : e573;
5741 : d531;
5742 : dd52;
5743 : e5b3;
5744 : e5d4;
5745 : e5d4;
5746 : ee15;
5747 : edf5;
5748 : edf5;
5749 : edf4;
5750 : e5b3;
5751 : e593;
5752 : e593;
5753 : e573;
5754 : e593;
5755 : e5b3;
5756 : e593;
5757 : e573;
5758 : dd53;
5759 : d532;
5760 : d511;
5761 : c4d1;
5762 : c4d1;
5763 : cd32;
5764 : 49c6;
5765 : 18a2;
5766 : 3125;
5767 : 20e3;
5768 : 1082;
5769 : 2081;
5770 : d699;
5771 : ffff;
5772 : ffff;
5773 : ffff;
5774 : ffff;
5775 : ffff;
5776 : ffff;
5777 : ffff;
5778 : ffff;
5779 : ffff;
5780 : ffff;
5781 : ffff;
5782 : ffff;
5783 : ffff;
5784 : ffff;
5785 : ffff;
5786 : ffff;
5787 : ffff;
5788 : ffff;
5789 : ffff;
5790 : ffff;
5791 : ffff;
5792 : ffff;
5793 : ffff;
5794 : ffff;
5795 : ffff;
5796 : ffff;
5797 : ffff;
5798 : ffff;
5799 : ffff;
5800 : ffff;
5801 : ffff;
5802 : ffff;
5803 : ffff;
5804 : ffff;
5805 : ffff;
5806 : ffff;
5807 : ffff;
5808 : ffff;
5809 : ffff;
5810 : ffff;
5811 : ffff;
5812 : ffff;
5813 : ffff;
5814 : ffff;
5815 : ffff;
5816 : ffff;
5817 : ffff;
5818 : ffff;
5819 : ffff;
5820 : ffff;
5821 : ffff;
5822 : ffff;
5823 : ffff;
5824 : ffff;
5825 : ffff;
5826 : ffff;
5827 : ffff;
5828 : ffff;
5829 : ffff;
5830 : ffff;
5831 : ffff;
5832 : ef5d;
5833 : cd73;
5834 : cd12;
5835 : d532;
5836 : dd52;
5837 : dd52;
5838 : dd32;
5839 : d532;
5840 : d4f1;
5841 : ccd0;
5842 : d531;
5843 : dd52;
5844 : dd93;
5845 : e5b3;
5846 : e5d4;
5847 : edf4;
5848 : edf4;
5849 : edd4;
5850 : e594;
5851 : dd73;
5852 : d532;
5853 : d531;
5854 : d532;
5855 : d532;
5856 : dd32;
5857 : dd52;
5858 : d532;
5859 : d512;
5860 : ccf1;
5861 : c4d1;
5862 : c4d1;
5863 : cd32;
5864 : 1041;
5865 : 20e3;
5866 : 2924;
5867 : 1081;
5868 : 1861;
5869 : 8bef;
5870 : ffff;
5871 : ffff;
5872 : ffff;
5873 : ffff;
5874 : ffff;
5875 : ffff;
5876 : ffff;
5877 : ffff;
5878 : ffff;
5879 : ffff;
5880 : ffff;
5881 : ffff;
5882 : ffff;
5883 : ffff;
5884 : ffff;
5885 : ffff;
5886 : ffff;
5887 : ffff;
5888 : ffff;
5889 : ffff;
5890 : ffff;
5891 : ffff;
5892 : ffff;
5893 : ffff;
5894 : ffff;
5895 : ffff;
5896 : ffff;
5897 : ffff;
5898 : ffff;
5899 : ffff;
5900 : ffff;
5901 : ffff;
5902 : ffff;
5903 : ffff;
5904 : ffff;
5905 : ffff;
5906 : ffff;
5907 : ffff;
5908 : ffff;
5909 : ffff;
5910 : ffff;
5911 : ffff;
5912 : ffff;
5913 : ffff;
5914 : ffff;
5915 : ffff;
5916 : ffff;
5917 : ffff;
5918 : ffff;
5919 : ffff;
5920 : ffff;
5921 : ffff;
5922 : ffff;
5923 : ffff;
5924 : ffff;
5925 : ffff;
5926 : ffff;
5927 : ffff;
5928 : ffff;
5929 : ffff;
5930 : ffff;
5931 : ffff;
5932 : ffff;
5933 : ef1b;
5934 : ccf1;
5935 : d512;
5936 : d532;
5937 : dd52;
5938 : dd52;
5939 : d532;
5940 : cccf;
5941 : b3ec;
5942 : a3ac;
5943 : bc90;
5944 : cd31;
5945 : d531;
5946 : d511;
5947 : dd32;
5948 : e593;
5949 : d4f1;
5950 : ccd0;
5951 : c4b0;
5952 : c4b0;
5953 : a38c;
5954 : abcc;
5955 : c4af;
5956 : d531;
5957 : dd52;
5958 : d532;
5959 : d511;
5960 : ccf1;
5961 : c4d1;
5962 : cd32;
5963 : 72ca;
5964 : 18a2;
5965 : 3144;
5966 : 1082;
5967 : 1061;
5968 : 62aa;
5969 : ffff;
5970 : ffff;
5971 : ffff;
5972 : ffff;
5973 : ffff;
5974 : ffff;
5975 : ffff;
5976 : ffff;
5977 : ffff;
5978 : ffff;
5979 : ffff;
5980 : ffff;
5981 : ffff;
5982 : ffff;
5983 : ffff;
5984 : ffff;
5985 : ffff;
5986 : ffff;
5987 : ffff;
5988 : ffff;
5989 : ffff;
5990 : ffff;
5991 : ffff;
5992 : ffff;
5993 : ffff;
5994 : ffff;
5995 : ffff;
5996 : ffff;
5997 : ffff;
5998 : ffff;
5999 : ffff;
6000 : ffff;
6001 : ffff;
6002 : ffff;
6003 : ffff;
6004 : ffff;
6005 : ffff;
6006 : ffff;
6007 : ffff;
6008 : ffff;
6009 : ffff;
6010 : ffff;
6011 : ffff;
6012 : ffff;
6013 : ffff;
6014 : ffff;
6015 : ffff;
6016 : ffff;
6017 : ffff;
6018 : ffff;
6019 : ffff;
6020 : ffff;
6021 : ffff;
6022 : ffff;
6023 : ffff;
6024 : ffff;
6025 : ffff;
6026 : ffff;
6027 : ffff;
6028 : ffff;
6029 : ffff;
6030 : ffff;
6031 : ffff;
6032 : ffff;
6033 : ffff;
6034 : d594;
6035 : ccf1;
6036 : d512;
6037 : d532;
6038 : dd52;
6039 : dd52;
6040 : d511;
6041 : ccae;
6042 : cccf;
6043 : 9b2b;
6044 : 8a69;
6045 : a30c;
6046 : a32c;
6047 : ab2c;
6048 : ab2c;
6049 : a30c;
6050 : a32c;
6051 : 92aa;
6052 : 7a08;
6053 : a3cd;
6054 : c48e;
6055 : ccaf;
6056 : d551;
6057 : dd72;
6058 : d532;
6059 : ccf1;
6060 : c4d1;
6061 : c4f1;
6062 : bcf2;
6063 : 1882;
6064 : 2904;
6065 : 2924;
6066 : 18a2;
6067 : 28c3;
6068 : ffbe;
6069 : ffff;
6070 : ffff;
6071 : ffff;
6072 : ffff;
6073 : ffff;
6074 : ffff;
6075 : ffff;
6076 : ffff;
6077 : ffff;
6078 : ffff;
6079 : ffff;
6080 : ffff;
6081 : ffff;
6082 : ffff;
6083 : ffff;
6084 : ffff;
6085 : ffff;
6086 : ffff;
6087 : ffff;
6088 : ffff;
6089 : ffff;
6090 : ffff;
6091 : ffff;
6092 : ffff;
6093 : ffff;
6094 : ffff;
6095 : ffff;
6096 : ffff;
6097 : ffff;
6098 : ffff;
6099 : ffff;
6100 : ffff;
6101 : ffff;
6102 : ffff;
6103 : ffff;
6104 : ffff;
6105 : ffff;
6106 : ffff;
6107 : ffff;
6108 : ffff;
6109 : ffff;
6110 : ffff;
6111 : ffff;
6112 : ffff;
6113 : ffff;
6114 : ffff;
6115 : ffff;
6116 : ffff;
6117 : ffff;
6118 : ffff;
6119 : ffff;
6120 : ffff;
6121 : ffff;
6122 : ffff;
6123 : ffff;
6124 : ffff;
6125 : ffff;
6126 : ffff;
6127 : ffff;
6128 : ffff;
6129 : ffff;
6130 : ffff;
6131 : ffff;
6132 : ffff;
6133 : ffff;
6134 : ffff;
6135 : c4f1;
6136 : cd11;
6137 : cd12;
6138 : d552;
6139 : dd53;
6140 : dd72;
6141 : dd92;
6142 : e5b3;
6143 : dd72;
6144 : d532;
6145 : d4d1;
6146 : dcb2;
6147 : dcf4;
6148 : dcb3;
6149 : dcd3;
6150 : cc91;
6151 : c46f;
6152 : cd11;
6153 : d552;
6154 : e593;
6155 : dd71;
6156 : dd52;
6157 : d552;
6158 : ccf1;
6159 : c4d1;
6160 : c4d1;
6161 : d573;
6162 : 3965;
6163 : 20e3;
6164 : 4165;
6165 : 18a2;
6166 : 30e3;
6167 : bdb5;
6168 : ffff;
6169 : ffff;
6170 : ffff;
6171 : ffff;
6172 : ffff;
6173 : ffff;
6174 : ffff;
6175 : ffff;
6176 : ffff;
6177 : ffff;
6178 : ffff;
6179 : ffff;
6180 : ffff;
6181 : ffff;
6182 : ffff;
6183 : ffff;
6184 : ffff;
6185 : ffff;
6186 : ffff;
6187 : ffff;
6188 : ffff;
6189 : ffff;
6190 : ffff;
6191 : ffff;
6192 : ffff;
6193 : ffff;
6194 : ffff;
6195 : ffff;
6196 : ffff;
6197 : ffff;
6198 : ffff;
6199 : ffff;
6200 : ffff;
6201 : ffff;
6202 : ffff;
6203 : ffff;
6204 : ffff;
6205 : ffff;
6206 : ffff;
6207 : ffff;
6208 : ffff;
6209 : ffff;
6210 : ffff;
6211 : ffff;
6212 : ffff;
6213 : ffff;
6214 : ffff;
6215 : ffff;
6216 : ffff;
6217 : ffff;
6218 : ffff;
6219 : ffff;
6220 : ffff;
6221 : ffff;
6222 : ffff;
6223 : ffff;
6224 : ffff;
6225 : ffff;
6226 : ffff;
6227 : ffff;
6228 : ffff;
6229 : ffff;
6230 : ffff;
6231 : ffff;
6232 : ffff;
6233 : ffff;
6234 : ffff;
6235 : ffbe;
6236 : c4d1;
6237 : ccf1;
6238 : cd12;
6239 : d532;
6240 : e593;
6241 : e5b3;
6242 : e5b3;
6243 : dd93;
6244 : d572;
6245 : dd93;
6246 : e573;
6247 : e553;
6248 : e573;
6249 : dd32;
6250 : dd52;
6251 : d553;
6252 : cd11;
6253 : dd93;
6254 : dd92;
6255 : e592;
6256 : dd72;
6257 : cd11;
6258 : c4d1;
6259 : bcd1;
6260 : d553;
6261 : 6268;
6262 : 1882;
6263 : 4165;
6264 : 4985;
6265 : 49a5;
6266 : cdf7;
6267 : ffff;
6268 : ffff;
6269 : ffff;
6270 : ffff;
6271 : ffff;
6272 : ffff;
6273 : ffff;
6274 : ffff;
6275 : ffff;
6276 : ffff;
6277 : ffff;
6278 : ffff;
6279 : ffff;
6280 : ffff;
6281 : ffff;
6282 : ffff;
6283 : ffff;
6284 : ffff;
6285 : ffff;
6286 : ffff;
6287 : ffff;
6288 : ffff;
6289 : ffff;
6290 : ffff;
6291 : ffff;
6292 : ffff;
6293 : ffff;
6294 : ffff;
6295 : ffff;
6296 : ffff;
6297 : ffff;
6298 : ffff;
6299 : ffff;
6300 : ffff;
6301 : ffff;
6302 : ffff;
6303 : ffff;
6304 : ffff;
6305 : ffff;
6306 : ffff;
6307 : ffff;
6308 : ffff;
6309 : ffff;
6310 : ffff;
6311 : ffff;
6312 : ffff;
6313 : ffff;
6314 : ffff;
6315 : ffff;
6316 : ffff;
6317 : ffff;
6318 : ffff;
6319 : ffff;
6320 : ffff;
6321 : ffff;
6322 : ffff;
6323 : ffff;
6324 : ffff;
6325 : ffff;
6326 : ffff;
6327 : ffff;
6328 : ffff;
6329 : ffff;
6330 : ffff;
6331 : ffff;
6332 : ffff;
6333 : ffff;
6334 : ffff;
6335 : ffff;
6336 : ffbe;
6337 : c4d1;
6338 : c4f1;
6339 : cd32;
6340 : dd73;
6341 : e5b3;
6342 : e5b3;
6343 : e5b3;
6344 : dd93;
6345 : d552;
6346 : d532;
6347 : d532;
6348 : d532;
6349 : cd32;
6350 : cd32;
6351 : cd11;
6352 : dd93;
6353 : e593;
6354 : e593;
6355 : e593;
6356 : d552;
6357 : c4f1;
6358 : bcb0;
6359 : cd12;
6360 : 7b0b;
6361 : 1081;
6362 : 4164;
6363 : 59e6;
6364 : 83ad;
6365 : ffff;
6366 : ffff;
6367 : ffff;
6368 : ffff;
6369 : ffff;
6370 : ffff;
6371 : ffff;
6372 : ffff;
6373 : ffff;
6374 : ffff;
6375 : ffff;
6376 : ffff;
6377 : ffff;
6378 : ffff;
6379 : ffff;
6380 : ffff;
6381 : ffff;
6382 : ffff;
6383 : ffff;
6384 : ffff;
6385 : ffff;
6386 : ffff;
6387 : ffff;
6388 : ffff;
6389 : ffff;
6390 : ffff;
6391 : ffff;
6392 : ffff;
6393 : ffff;
6394 : ffff;
6395 : ffff;
6396 : ffff;
6397 : ffff;
6398 : ffff;
6399 : ffff;
6400 : ffff;
6401 : ffff;
6402 : ffff;
6403 : ffff;
6404 : ffff;
6405 : ffff;
6406 : ffff;
6407 : ffff;
6408 : ffff;
6409 : ffff;
6410 : ffff;
6411 : ffff;
6412 : ffff;
6413 : ffff;
6414 : ffff;
6415 : ffff;
6416 : ffff;
6417 : ffff;
6418 : ffff;
6419 : ffff;
6420 : ffff;
6421 : ffff;
6422 : ffff;
6423 : ffff;
6424 : ffff;
6425 : ffff;
6426 : ffff;
6427 : ffff;
6428 : ffff;
6429 : ffff;
6430 : ffff;
6431 : ffff;
6432 : ffff;
6433 : ffff;
6434 : ffff;
6435 : ffff;
6436 : ffff;
6437 : ffff;
6438 : cd53;
6439 : c512;
6440 : cd32;
6441 : dd72;
6442 : dd93;
6443 : e5d3;
6444 : e5d3;
6445 : e5b3;
6446 : e5b3;
6447 : dd73;
6448 : dd72;
6449 : dd72;
6450 : dd93;
6451 : e5d3;
6452 : e5b3;
6453 : dd93;
6454 : dd72;
6455 : d552;
6456 : ccf1;
6457 : bcb0;
6458 : c4d1;
6459 : a3cd;
6460 : 28e3;
6461 : 3923;
6462 : 72ca;
6463 : deba;
6464 : ffff;
6465 : ffff;
6466 : ffff;
6467 : ffff;
6468 : ffff;
6469 : ffff;
6470 : ffff;
6471 : ffff;
6472 : ffff;
6473 : ffff;
6474 : ffff;
6475 : ffff;
6476 : ffff;
6477 : ffff;
6478 : ffff;
6479 : ffff;
6480 : ffff;
6481 : ffff;
6482 : ffff;
6483 : ffff;
6484 : ffff;
6485 : ffff;
6486 : ffff;
6487 : ffff;
6488 : ffff;
6489 : ffff;
6490 : ffff;
6491 : ffff;
6492 : ffff;
6493 : ffff;
6494 : ffff;
6495 : ffff;
6496 : ffff;
6497 : ffff;
6498 : ffff;
6499 : ffff;
6500 : ffff;
6501 : ffff;
6502 : ffff;
6503 : ffff;
6504 : ffff;
6505 : ffff;
6506 : ffff;
6507 : ffff;
6508 : ffff;
6509 : ffff;
6510 : ffff;
6511 : ffff;
6512 : ffff;
6513 : ffff;
6514 : ffff;
6515 : ffff;
6516 : ffff;
6517 : ffff;
6518 : ffff;
6519 : ffff;
6520 : ffff;
6521 : ffff;
6522 : ffff;
6523 : ffff;
6524 : ffff;
6525 : ffff;
6526 : ffff;
6527 : ffff;
6528 : ffff;
6529 : ffff;
6530 : ffff;
6531 : ffff;
6532 : ffff;
6533 : ffff;
6534 : ffff;
6535 : ffff;
6536 : ffff;
6537 : ffff;
6538 : ce16;
6539 : c4f2;
6540 : c512;
6541 : cd32;
6542 : d572;
6543 : e5b3;
6544 : e5d3;
6545 : edf4;
6546 : ee15;
6547 : edf4;
6548 : e5f4;
6549 : edf4;
6550 : edf4;
6551 : edf4;
6552 : e5b3;
6553 : dd73;
6554 : d532;
6555 : ccf1;
6556 : bcb0;
6557 : c4b0;
6558 : 934b;
6559 : 82c8;
6560 : 3923;
6561 : 940f;
6562 : d699;
6563 : ffff;
6564 : ffff;
6565 : ffff;
6566 : ffff;
6567 : ffff;
6568 : ffff;
6569 : ffff;
6570 : ffff;
6571 : ffff;
6572 : ffff;
6573 : ffff;
6574 : ffff;
6575 : ffff;
6576 : ffff;
6577 : ffff;
6578 : ffff;
6579 : ffff;
6580 : ffff;
6581 : ffff;
6582 : ffff;
6583 : ffff;
6584 : ffff;
6585 : ffff;
6586 : ffff;
6587 : ffff;
6588 : ffff;
6589 : ffff;
6590 : ffff;
6591 : ffff;
6592 : ffff;
6593 : ffff;
6594 : ffff;
6595 : ffff;
6596 : ffff;
6597 : ffff;
6598 : ffff;
6599 : ffff;
6600 : ffff;
6601 : ffff;
6602 : ffff;
6603 : ffff;
6604 : ffff;
6605 : ffff;
6606 : ffff;
6607 : ffff;
6608 : ffff;
6609 : ffff;
6610 : ffff;
6611 : ffff;
6612 : ffff;
6613 : ffff;
6614 : ffff;
6615 : ffff;
6616 : ffff;
6617 : ffff;
6618 : ffff;
6619 : ffff;
6620 : ffff;
6621 : ffff;
6622 : ffff;
6623 : ffff;
6624 : ffff;
6625 : ffff;
6626 : ffff;
6627 : ffff;
6628 : ffff;
6629 : ffff;
6630 : ffff;
6631 : ffff;
6632 : ffff;
6633 : ffff;
6634 : ffff;
6635 : ffff;
6636 : ffff;
6637 : ffff;
6638 : e6ba;
6639 : a3cc;
6640 : bcb0;
6641 : c532;
6642 : cd32;
6643 : dd73;
6644 : e5b3;
6645 : edd4;
6646 : edf4;
6647 : edd4;
6648 : e5f4;
6649 : edf4;
6650 : edf4;
6651 : e5d4;
6652 : dd93;
6653 : d532;
6654 : ccf1;
6655 : c4d0;
6656 : b44f;
6657 : 8b2a;
6658 : 8ae9;
6659 : 936b;
6660 : dedb;
6661 : ffff;
6662 : ffff;
6663 : ffff;
6664 : ffff;
6665 : ffff;
6666 : ffff;
6667 : ffff;
6668 : ffff;
6669 : ffff;
6670 : ffff;
6671 : ffff;
6672 : ffff;
6673 : ffff;
6674 : ffff;
6675 : ffff;
6676 : ffff;
6677 : ffff;
6678 : ffff;
6679 : ffff;
6680 : ffff;
6681 : ffff;
6682 : ffff;
6683 : ffff;
6684 : ffff;
6685 : ffff;
6686 : ffff;
6687 : ffff;
6688 : ffff;
6689 : ffff;
6690 : ffff;
6691 : ffff;
6692 : ffff;
6693 : ffff;
6694 : ffff;
6695 : ffff;
6696 : ffff;
6697 : ffff;
6698 : ffff;
6699 : ffff;
6700 : ffff;
6701 : ffff;
6702 : ffff;
6703 : ffff;
6704 : ffff;
6705 : ffff;
6706 : ffff;
6707 : ffff;
6708 : ffff;
6709 : ffff;
6710 : ffff;
6711 : ffff;
6712 : ffff;
6713 : ffff;
6714 : ffff;
6715 : ffff;
6716 : ffff;
6717 : ffff;
6718 : ffff;
6719 : ffff;
6720 : ffff;
6721 : ffff;
6722 : ffff;
6723 : ffff;
6724 : ffff;
6725 : ffff;
6726 : ffff;
6727 : ffff;
6728 : ffff;
6729 : ffff;
6730 : ffff;
6731 : ffff;
6732 : ffff;
6733 : ffff;
6734 : ffff;
6735 : ffff;
6736 : ffff;
6737 : ffff;
6738 : f77d;
6739 : b42d;
6740 : b44e;
6741 : ac0d;
6742 : bcd1;
6743 : d552;
6744 : d573;
6745 : dd93;
6746 : e5b4;
6747 : dd93;
6748 : dd93;
6749 : dd93;
6750 : e5b3;
6751 : dd73;
6752 : d532;
6753 : cd11;
6754 : bcb0;
6755 : a3cc;
6756 : 934a;
6757 : 9b6b;
6758 : 9b8b;
6759 : 9b8c;
6760 : ffff;
6761 : ffff;
6762 : ffff;
6763 : ffff;
6764 : ffff;
6765 : ffff;
6766 : ffff;
6767 : ffff;
6768 : ffff;
6769 : ffff;
6770 : ffff;
6771 : ffff;
6772 : ffff;
6773 : ffff;
6774 : ffff;
6775 : ffff;
6776 : ffff;
6777 : ffff;
6778 : ffff;
6779 : ffff;
6780 : ffff;
6781 : ffff;
6782 : ffff;
6783 : ffff;
6784 : ffff;
6785 : ffff;
6786 : ffff;
6787 : ffff;
6788 : ffff;
6789 : ffff;
6790 : ffff;
6791 : ffff;
6792 : ffff;
6793 : ffff;
6794 : ffff;
6795 : ffff;
6796 : ffff;
6797 : ffff;
6798 : ffff;
6799 : ffff;
6800 : ffff;
6801 : ffff;
6802 : ffff;
6803 : ffff;
6804 : ffff;
6805 : ffff;
6806 : ffff;
6807 : ffff;
6808 : ffff;
6809 : ffff;
6810 : ffff;
6811 : ffff;
6812 : ffff;
6813 : ffff;
6814 : ffff;
6815 : ffff;
6816 : ffff;
6817 : ffff;
6818 : ffff;
6819 : ffff;
6820 : ffff;
6821 : ffff;
6822 : ffff;
6823 : ffff;
6824 : ffff;
6825 : ffff;
6826 : ffff;
6827 : ffff;
6828 : ffff;
6829 : ffff;
6830 : ffff;
6831 : ffff;
6832 : ffff;
6833 : ffff;
6834 : ffff;
6835 : ffff;
6836 : ffff;
6837 : ffff;
6838 : ef1b;
6839 : b46f;
6840 : bc8f;
6841 : bc8f;
6842 : ac0d;
6843 : ac0d;
6844 : c4d0;
6845 : cd52;
6846 : d552;
6847 : d552;
6848 : d553;
6849 : d552;
6850 : d532;
6851 : cd11;
6852 : c4d0;
6853 : abed;
6854 : 9b6b;
6855 : 9b8c;
6856 : abed;
6857 : ac0d;
6858 : abec;
6859 : 9b6b;
6860 : e71c;
6861 : ffff;
6862 : ffff;
6863 : ffff;
6864 : ffff;
6865 : ffff;
6866 : ffff;
6867 : ffff;
6868 : ffff;
6869 : ffff;
6870 : ffff;
6871 : ffff;
6872 : ffff;
6873 : ffff;
6874 : ffff;
6875 : ffff;
6876 : ffff;
6877 : ffff;
6878 : ffff;
6879 : ffff;
6880 : ffff;
6881 : ffff;
6882 : ffff;
6883 : ffff;
6884 : ffff;
6885 : ffff;
6886 : ffff;
6887 : ffff;
6888 : ffff;
6889 : ffff;
6890 : ffff;
6891 : ffff;
6892 : ffff;
6893 : ffff;
6894 : ffff;
6895 : ffff;
6896 : ffff;
6897 : ffff;
6898 : ffff;
6899 : ffff;
6900 : ffff;
6901 : ffff;
6902 : ffff;
6903 : ffff;
6904 : ffff;
6905 : ffff;
6906 : ffff;
6907 : ffff;
6908 : ffff;
6909 : ffff;
6910 : ffff;
6911 : ffff;
6912 : ffff;
6913 : ffff;
6914 : ffff;
6915 : ffff;
6916 : ffff;
6917 : ffff;
6918 : ffff;
6919 : ffff;
6920 : ffff;
6921 : ffff;
6922 : ffff;
6923 : ffff;
6924 : ffff;
6925 : ffff;
6926 : ffff;
6927 : ffff;
6928 : ffff;
6929 : ffff;
6930 : ffff;
6931 : ffff;
6932 : ffff;
6933 : ffff;
6934 : ffff;
6935 : ffff;
6936 : ffff;
6937 : ffff;
6938 : bd12;
6939 : bc8f;
6940 : c4d0;
6941 : c4d0;
6942 : bcaf;
6943 : b44e;
6944 : a3cc;
6945 : a3ac;
6946 : abed;
6947 : b44e;
6948 : bc6f;
6949 : b44e;
6950 : b42e;
6951 : abed;
6952 : a3ac;
6953 : a3cc;
6954 : ac0d;
6955 : b44e;
6956 : bc6e;
6957 : bc6e;
6958 : b42e;
6959 : ac0d;
6960 : ac70;
6961 : ffff;
6962 : ffff;
6963 : ffff;
6964 : ffff;
6965 : ffff;
6966 : ffff;
6967 : ffff;
6968 : ffff;
6969 : ffff;
6970 : ffff;
6971 : ffff;
6972 : ffff;
6973 : ffff;
6974 : ffff;
6975 : ffff;
6976 : ffff;
6977 : ffff;
6978 : ffff;
6979 : ffff;
6980 : ffff;
6981 : ffff;
6982 : ffff;
6983 : ffff;
6984 : ffff;
6985 : ffff;
6986 : ffff;
6987 : ffff;
6988 : ffff;
6989 : ffff;
6990 : ffff;
6991 : ffff;
6992 : ffff;
6993 : ffff;
6994 : ffff;
6995 : ffff;
6996 : ffff;
6997 : ffff;
6998 : ffff;
6999 : ffff;
7000 : ffff;
7001 : ffff;
7002 : ffff;
7003 : ffff;
7004 : ffff;
7005 : ffff;
7006 : ffff;
7007 : ffff;
7008 : ffff;
7009 : ffff;
7010 : ffff;
7011 : ffff;
7012 : ffff;
7013 : ffff;
7014 : ffff;
7015 : ffff;
7016 : ffff;
7017 : ffff;
7018 : ffff;
7019 : ffff;
7020 : ffff;
7021 : ffff;
7022 : ffff;
7023 : ffff;
7024 : ffff;
7025 : ffff;
7026 : ffff;
7027 : ffff;
7028 : ffff;
7029 : ffff;
7030 : ffff;
7031 : ffff;
7032 : ffff;
7033 : ffff;
7034 : ffff;
7035 : ffff;
7036 : ffff;
7037 : c553;
7038 : bcb0;
7039 : bcb0;
7040 : c4d0;
7041 : c4f1;
7042 : ccf1;
7043 : c4d0;
7044 : bc8f;
7045 : b42e;
7046 : ac0d;
7047 : ac0d;
7048 : b40d;
7049 : b42e;
7050 : b42e;
7051 : b42e;
7052 : bc4e;
7053 : bc6f;
7054 : bc8f;
7055 : c4b0;
7056 : bcb0;
7057 : bcd0;
7058 : bcb0;
7059 : b44e;
7060 : a3cc;
7061 : c553;
7062 : ffff;
7063 : ffff;
7064 : ffff;
7065 : ffff;
7066 : ffff;
7067 : ffff;
7068 : ffff;
7069 : ffff;
7070 : ffff;
7071 : ffff;
7072 : ffff;
7073 : ffff;
7074 : ffff;
7075 : ffff;
7076 : ffff;
7077 : ffff;
7078 : ffff;
7079 : ffff;
7080 : ffff;
7081 : ffff;
7082 : ffff;
7083 : ffff;
7084 : ffff;
7085 : ffff;
7086 : ffff;
7087 : ffff;
7088 : ffff;
7089 : ffff;
7090 : ffff;
7091 : ffff;
7092 : ffff;
7093 : ffff;
7094 : ffff;
7095 : ffff;
7096 : ffff;
7097 : ffff;
7098 : ffff;
7099 : ffff;
7100 : ffff;
7101 : ffff;
7102 : ffff;
7103 : ffff;
7104 : ffff;
7105 : ffff;
7106 : ffff;
7107 : ffff;
7108 : ffff;
7109 : ffff;
7110 : ffff;
7111 : ffff;
7112 : ffff;
7113 : ffff;
7114 : ffff;
7115 : ffff;
7116 : ffff;
7117 : ffff;
7118 : ffff;
7119 : ffff;
7120 : ffff;
7121 : ffff;
7122 : ffff;
7123 : ffff;
7124 : ffff;
7125 : ffff;
7126 : ffff;
7127 : ffff;
7128 : ffff;
7129 : ffff;
7130 : ffff;
7131 : ffff;
7132 : ffff;
7133 : ffff;
7134 : ffff;
7135 : f73c;
7136 : c4f1;
7137 : c4f0;
7138 : c4f1;
7139 : c4f0;
7140 : cd11;
7141 : cd11;
7142 : cd11;
7143 : cd11;
7144 : ccf1;
7145 : c4d0;
7146 : c4b0;
7147 : c4b0;
7148 : c4d0;
7149 : c4d0;
7150 : c4b0;
7151 : c4b0;
7152 : c4d0;
7153 : c4d0;
7154 : c4d1;
7155 : c4f1;
7156 : c4f1;
7157 : c4f0;
7158 : c4d0;
7159 : c4af;
7160 : bc8f;
7161 : ac2d;
7162 : bd12;
7163 : ffff;
7164 : ffff;
7165 : ffff;
7166 : ffff;
7167 : ffff;
7168 : ffff;
7169 : ffff;
7170 : ffff;
7171 : ffff;
7172 : ffff;
7173 : ffff;
7174 : ffff;
7175 : ffff;
7176 : ffff;
7177 : ffff;
7178 : ffff;
7179 : ffff;
7180 : ffff;
7181 : ffff;
7182 : ffff;
7183 : ffff;
7184 : ffff;
7185 : ffff;
7186 : ffff;
7187 : ffff;
7188 : ffff;
7189 : ffff;
7190 : ffff;
7191 : ffff;
7192 : ffff;
7193 : ffff;
7194 : ffff;
7195 : ffff;
7196 : ffff;
7197 : ffff;
7198 : ffff;
7199 : ffff;
7200 : ffff;
7201 : ffff;
7202 : ffff;
7203 : ffff;
7204 : ffff;
7205 : ffff;
7206 : ffff;
7207 : ffff;
7208 : ffff;
7209 : ffff;
7210 : ffff;
7211 : ffff;
7212 : ffff;
7213 : ffff;
7214 : ffff;
7215 : ffff;
7216 : ffff;
7217 : ffff;
7218 : ffff;
7219 : ffff;
7220 : ffff;
7221 : ffff;
7222 : ffff;
7223 : ffff;
7224 : ffff;
7225 : ffff;
7226 : ffff;
7227 : ffff;
7228 : ffff;
7229 : ffff;
7230 : ffff;
7231 : ffff;
7232 : ffff;
7233 : ffff;
7234 : de37;
7235 : ccf1;
7236 : cd31;
7237 : cd31;
7238 : cd31;
7239 : cd31;
7240 : cd31;
7241 : d552;
7242 : d552;
7243 : d531;
7244 : cd31;
7245 : cd11;
7246 : cd11;
7247 : cd11;
7248 : cd11;
7249 : cd11;
7250 : cd11;
7251 : cd11;
7252 : cd11;
7253 : cd11;
7254 : cd11;
7255 : cd11;
7256 : cd11;
7257 : cd31;
7258 : cd11;
7259 : ccf1;
7260 : c4f0;
7261 : bcb0;
7262 : bc6f;
7263 : b4b0;
7264 : ef5c;
7265 : ffff;
7266 : ffff;
7267 : ffff;
7268 : ffff;
7269 : ffff;
7270 : ffff;
7271 : ffff;
7272 : ffff;
7273 : ffff;
7274 : ffff;
7275 : ffff;
7276 : ffff;
7277 : ffff;
7278 : ffff;
7279 : ffff;
7280 : ffff;
7281 : ffff;
7282 : ffff;
7283 : ffff;
7284 : ffff;
7285 : ffff;
7286 : ffff;
7287 : ffff;
7288 : ffff;
7289 : ffff;
7290 : ffff;
7291 : ffff;
7292 : ffff;
7293 : ffff;
7294 : ffff;
7295 : ffff;
7296 : ffff;
7297 : ffff;
7298 : ffff;
7299 : ffff;
7300 : ffff;
7301 : ffff;
7302 : ffff;
7303 : ffff;
7304 : ffff;
7305 : ffff;
7306 : ffff;
7307 : ffff;
7308 : ffff;
7309 : ffff;
7310 : ffff;
7311 : ffff;
7312 : ffff;
7313 : ffff;
7314 : ffff;
7315 : ffff;
7316 : ffff;
7317 : ffff;
7318 : ffff;
7319 : ffff;
7320 : ffff;
7321 : ffff;
7322 : ffff;
7323 : ffff;
7324 : ffff;
7325 : ffff;
7326 : ffff;
7327 : ffff;
7328 : ffff;
7329 : ffff;
7330 : ffff;
7331 : ffff;
7332 : f75d;
7333 : d5b4;
7334 : d552;
7335 : d572;
7336 : d552;
7337 : d552;
7338 : d552;
7339 : cd52;
7340 : d552;
7341 : d552;
7342 : d552;
7343 : d552;
7344 : d552;
7345 : d532;
7346 : cd31;
7347 : cd31;
7348 : cd31;
7349 : cd11;
7350 : cd11;
7351 : cd11;
7352 : cd11;
7353 : cd11;
7354 : cd31;
7355 : d551;
7356 : d552;
7357 : d552;
7358 : cd32;
7359 : cd31;
7360 : cd11;
7361 : c4f0;
7362 : c4d0;
7363 : c4b0;
7364 : bc8f;
7365 : d616;
7366 : ef7d;
7367 : ffff;
7368 : ffff;
7369 : ffff;
7370 : ffff;
7371 : ffff;
7372 : ffff;
7373 : ffff;
7374 : ffff;
7375 : ffff;
7376 : ffff;
7377 : ffff;
7378 : ffff;
7379 : ffff;
7380 : ffff;
7381 : ffff;
7382 : ffff;
7383 : ffff;
7384 : ffff;
7385 : ffff;
7386 : ffff;
7387 : ffff;
7388 : ffff;
7389 : ffff;
7390 : ffff;
7391 : ffff;
7392 : ffff;
7393 : ffff;
7394 : ffff;
7395 : ffff;
7396 : ffff;
7397 : ffff;
7398 : ffff;
7399 : ffff;
7400 : ffff;
7401 : ffff;
7402 : ffff;
7403 : ffff;
7404 : ffff;
7405 : ffff;
7406 : ffff;
7407 : ffff;
7408 : ffff;
7409 : ffff;
7410 : ffff;
7411 : ffff;
7412 : ffff;
7413 : ffff;
7414 : ffff;
7415 : ffff;
7416 : ffff;
7417 : ffff;
7418 : ffff;
7419 : ffff;
7420 : ffff;
7421 : ffff;
7422 : ffff;
7423 : ffff;
7424 : ffff;
7425 : ffff;
7426 : ffff;
7427 : ffff;
7428 : ffdf;
7429 : ef3c;
7430 : deba;
7431 : ce59;
7432 : c5b6;
7433 : dd73;
7434 : dd93;
7435 : dd73;
7436 : dd73;
7437 : dd73;
7438 : d572;
7439 : d573;
7440 : d573;
7441 : d573;
7442 : d573;
7443 : dd93;
7444 : d572;
7445 : d572;
7446 : d552;
7447 : d552;
7448 : d552;
7449 : d532;
7450 : d532;
7451 : d531;
7452 : cd31;
7453 : cd31;
7454 : d531;
7455 : d552;
7456 : d552;
7457 : d552;
7458 : d552;
7459 : d532;
7460 : cd11;
7461 : cd10;
7462 : cd10;
7463 : cd10;
7464 : ccf0;
7465 : c4d0;
7466 : c5f8;
7467 : c5f8;
7468 : d69a;
7469 : ef7d;
7470 : ffff;
7471 : ffff;
7472 : ffff;
7473 : ffff;
7474 : ffff;
7475 : ffff;
7476 : ffff;
7477 : ffff;
7478 : ffff;
7479 : ffff;
7480 : ffff;
7481 : ffff;
7482 : ffff;
7483 : ffff;
7484 : ffff;
7485 : ffff;
7486 : ffff;
7487 : ffff;
7488 : ffff;
7489 : ffff;
7490 : ffff;
7491 : ffff;
7492 : ffff;
7493 : ffff;
7494 : ffff;
7495 : ffff;
7496 : ffff;
7497 : ffff;
7498 : ffff;
7499 : ffff;
7500 : ffff;
7501 : ffff;
7502 : ffff;
7503 : ffff;
7504 : ffff;
7505 : ffff;
7506 : ffff;
7507 : ffff;
7508 : ffff;
7509 : ffff;
7510 : ffff;
7511 : ffff;
7512 : ffff;
7513 : ffff;
7514 : ffff;
7515 : ffff;
7516 : ffff;
7517 : ffff;
7518 : ffff;
7519 : ffff;
7520 : ffff;
7521 : ffff;
7522 : ffff;
7523 : ffff;
7524 : ffff;
7525 : f7be;
7526 : d69b;
7527 : ce59;
7528 : ce59;
7529 : ce59;
7530 : d69a;
7531 : debb;
7532 : d6bb;
7533 : d5b4;
7534 : e593;
7535 : dd93;
7536 : dd73;
7537 : dd52;
7538 : d552;
7539 : d552;
7540 : d552;
7541 : dd73;
7542 : dd73;
7543 : dd93;
7544 : dd93;
7545 : dd93;
7546 : dd73;
7547 : d552;
7548 : d552;
7549 : d552;
7550 : d532;
7551 : d531;
7552 : d531;
7553 : d531;
7554 : d531;
7555 : d531;
7556 : d532;
7557 : d532;
7558 : d531;
7559 : d511;
7560 : ccf0;
7561 : cd11;
7562 : d511;
7563 : d511;
7564 : cd11;
7565 : ce39;
7566 : d69a;
7567 : ce5a;
7568 : ce5a;
7569 : c619;
7570 : ce7a;
7571 : dedb;
7572 : f7be;
7573 : ffff;
7574 : ffff;
7575 : ffff;
7576 : ffff;
7577 : ffff;
7578 : ffff;
7579 : ffff;
7580 : ffff;
7581 : ffff;
7582 : ffff;
7583 : ffff;
7584 : ffff;
7585 : ffff;
7586 : ffff;
7587 : ffff;
7588 : ffff;
7589 : ffff;
7590 : ffff;
7591 : ffff;
7592 : ffff;
7593 : ffff;
7594 : ffff;
7595 : ffff;
7596 : ffff;
7597 : ffff;
7598 : ffff;
7599 : ffff;
7600 : ffff;
7601 : ffff;
7602 : ffff;
7603 : ffff;
7604 : ffff;
7605 : ffff;
7606 : ffff;
7607 : ffff;
7608 : ffff;
7609 : ffff;
7610 : ffff;
7611 : ffff;
7612 : ffff;
7613 : ffff;
7614 : ffff;
7615 : ffff;
7616 : ffff;
7617 : ffff;
7618 : ffff;
7619 : ffff;
7620 : ffff;
7621 : ffff;
7622 : ffff;
7623 : ef5d;
7624 : d67a;
7625 : b5b9;
7626 : b5b9;
7627 : c619;
7628 : d67a;
7629 : d69a;
7630 : debb;
7631 : dedb;
7632 : dedb;
7633 : d6bb;
7634 : ddb4;
7635 : e593;
7636 : e593;
7637 : dd73;
7638 : dd72;
7639 : dd73;
7640 : dd93;
7641 : dd93;
7642 : dd93;
7643 : e593;
7644 : e593;
7645 : dd93;
7646 : dd93;
7647 : dd73;
7648 : dd72;
7649 : dd52;
7650 : dd52;
7651 : d552;
7652 : d532;
7653 : dd52;
7654 : dd72;
7655 : dd73;
7656 : dd72;
7657 : dd72;
7658 : dd72;
7659 : dd72;
7660 : dd72;
7661 : dd52;
7662 : dd52;
7663 : d532;
7664 : d659;
7665 : debb;
7666 : d69a;
7667 : d69a;
7668 : d69a;
7669 : ce7a;
7670 : ce59;
7671 : ce5a;
7672 : b5b9;
7673 : bdf9;
7674 : ef3d;
7675 : ffff;
7676 : ffff;
7677 : ffff;
7678 : ffff;
7679 : ffff;
7680 : ffff;
7681 : ffff;
7682 : ffff;
7683 : ffff;
7684 : ffff;
7685 : ffff;
7686 : ffff;
7687 : ffff;
7688 : ffff;
7689 : ffff;
7690 : ffff;
7691 : ffff;
7692 : ffff;
7693 : ffff;
7694 : ffff;
7695 : ffff;
7696 : ffff;
7697 : ffff;
7698 : ffff;
7699 : ffff;
7700 : ffff;
7701 : ffff;
7702 : ffff;
7703 : ffff;
7704 : ffff;
7705 : ffff;
7706 : ffff;
7707 : ffff;
7708 : ffff;
7709 : ffff;
7710 : ffff;
7711 : ffff;
7712 : ffff;
7713 : ffff;
7714 : ffff;
7715 : ffff;
7716 : ffff;
7717 : ffff;
7718 : ffff;
7719 : ffff;
7720 : f7be;
7721 : debb;
7722 : ce18;
7723 : ce39;
7724 : c63a;
7725 : be1a;
7726 : bdfa;
7727 : be1a;
7728 : d69a;
7729 : d6bb;
7730 : d6bb;
7731 : dedb;
7732 : dedb;
7733 : dedb;
7734 : d6dc;
7735 : d5f6;
7736 : e5b3;
7737 : e5d4;
7738 : edd4;
7739 : edf4;
7740 : edd4;
7741 : edd4;
7742 : edd4;
7743 : edf4;
7744 : edd4;
7745 : e5d4;
7746 : e5b4;
7747 : e5b3;
7748 : e593;
7749 : dd93;
7750 : dd93;
7751 : dd93;
7752 : e573;
7753 : e593;
7754 : e5b3;
7755 : edd4;
7756 : edb4;
7757 : e5b3;
7758 : e5b3;
7759 : e5b3;
7760 : e5b3;
7761 : e593;
7762 : d5f6;
7763 : d6dc;
7764 : dedc;
7765 : d69b;
7766 : d6bb;
7767 : d6bb;
7768 : d69b;
7769 : d69a;
7770 : c619;
7771 : ce7a;
7772 : b5fa;
7773 : be1a;
7774 : b5d9;
7775 : ce19;
7776 : e73c;
7777 : ffff;
7778 : ffff;
7779 : ffff;
7780 : ffff;
7781 : ffff;
7782 : ffff;
7783 : ffff;
7784 : ffff;
7785 : ffff;
7786 : ffff;
7787 : ffff;
7788 : ffff;
7789 : ffff;
7790 : ffff;
7791 : ffff;
7792 : ffff;
7793 : ffff;
7794 : ffff;
7795 : ffff;
7796 : ffff;
7797 : ffff;
7798 : ffff;
7799 : ffff;
7800 : ffff;
7801 : ffff;
7802 : ffff;
7803 : ffff;
7804 : ffff;
7805 : ffff;
7806 : ffff;
7807 : ffff;
7808 : ffff;
7809 : ffff;
7810 : ffff;
7811 : ffff;
7812 : ffff;
7813 : ffff;
7814 : ffff;
7815 : ffff;
7816 : ffff;
7817 : ffff;
7818 : ef3c;
7819 : ce59;
7820 : cdf8;
7821 : ce39;
7822 : ce59;
7823 : d67a;
7824 : c63a;
7825 : b5fa;
7826 : be1a;
7827 : bdfa;
7828 : d69a;
7829 : d69a;
7830 : dedb;
7831 : dedb;
7832 : dedb;
7833 : dedb;
7834 : dedc;
7835 : defc;
7836 : d679;
7837 : e5d4;
7838 : edd4;
7839 : edf4;
7840 : edf5;
7841 : ee15;
7842 : f635;
7843 : f635;
7844 : f635;
7845 : edf5;
7846 : edf4;
7847 : edf4;
7848 : edf4;
7849 : edd4;
7850 : edd4;
7851 : edd4;
7852 : edd4;
7853 : edd4;
7854 : edf4;
7855 : edf4;
7856 : edd4;
7857 : edb3;
7858 : e5b3;
7859 : e592;
7860 : ddb5;
7861 : d67a;
7862 : defc;
7863 : dedb;
7864 : debb;
7865 : debb;
7866 : debb;
7867 : d6bb;
7868 : d69a;
7869 : d69b;
7870 : ce5a;
7871 : c63a;
7872 : b61b;
7873 : b61a;
7874 : b5da;
7875 : d67a;
7876 : ce39;
7877 : ce39;
7878 : e73c;
7879 : ffff;
7880 : ffff;
7881 : ffff;
7882 : ffff;
7883 : ffff;
7884 : ffff;
7885 : ffff;
7886 : ffff;
7887 : ffff;
7888 : ffff;
7889 : ffff;
7890 : ffff;
7891 : ffff;
7892 : ffff;
7893 : ffff;
7894 : ffff;
7895 : ffff;
7896 : ffff;
7897 : ffff;
7898 : ffff;
7899 : ffff;
7900 : ffff;
7901 : ffff;
7902 : ffff;
7903 : ffff;
7904 : ffff;
7905 : ffff;
7906 : ffff;
7907 : ffff;
7908 : ffff;
7909 : ffff;
7910 : ffff;
7911 : ffff;
7912 : ffff;
7913 : ffff;
7914 : ffff;
7915 : ffff;
7916 : ffff;
7917 : d679;
7918 : cdf8;
7919 : ce39;
7920 : ce59;
7921 : d65a;
7922 : d65a;
7923 : d67a;
7924 : be1a;
7925 : be3a;
7926 : be1a;
7927 : bdfa;
7928 : ce7b;
7929 : d6bb;
7930 : debb;
7931 : dedb;
7932 : dedb;
7933 : dedb;
7934 : dedb;
7935 : dedb;
7936 : defc;
7937 : dedc;
7938 : d658;
7939 : ddf5;
7940 : edb4;
7941 : edd3;
7942 : edf4;
7943 : f615;
7944 : f635;
7945 : f615;
7946 : f615;
7947 : f615;
7948 : f635;
7949 : f635;
7950 : f615;
7951 : f615;
7952 : f615;
7953 : f615;
7954 : f614;
7955 : edf4;
7956 : edb3;
7957 : e593;
7958 : ddf6;
7959 : d67a;
7960 : defc;
7961 : dedc;
7962 : debb;
7963 : debb;
7964 : dedb;
7965 : dedb;
7966 : debb;
7967 : d69a;
7968 : d67a;
7969 : d6bb;
7970 : d67a;
7971 : b5fa;
7972 : b61a;
7973 : be1a;
7974 : b5fa;
7975 : ce5a;
7976 : d67a;
7977 : ce7a;
7978 : ce39;
7979 : ce39;
7980 : f7be;
7981 : ffff;
7982 : ffff;
7983 : ffff;
7984 : ffff;
7985 : ffff;
7986 : ffff;
7987 : ffff;
7988 : ffff;
7989 : ffff;
7990 : ffff;
7991 : ffff;
7992 : ffff;
7993 : ffff;
7994 : ffff;
7995 : ffff;
7996 : ffff;
7997 : ffff;
7998 : ffff;
7999 : ffff;
8000 : ffff;
8001 : ffff;
8002 : ffff;
8003 : ffff;
8004 : ffff;
8005 : ffff;
8006 : ffff;
8007 : ffff;
8008 : ffff;
8009 : ffff;
8010 : ffff;
8011 : ffff;
8012 : ffff;
8013 : ffff;
8014 : ffff;
8015 : ffff;
8016 : ce39;
8017 : ce39;
8018 : ce59;
8019 : d659;
8020 : d659;
8021 : d67a;
8022 : d67a;
8023 : ce5a;
8024 : b5fa;
8025 : be1a;
8026 : be3a;
8027 : be1a;
8028 : c63a;
8029 : dedb;
8030 : d69b;
8031 : debb;
8032 : dedc;
8033 : dedc;
8034 : dedc;
8035 : dedb;
8036 : dedb;
8037 : dedc;
8038 : defc;
8039 : defc;
8040 : d6db;
8041 : de79;
8042 : de37;
8043 : e5f5;
8044 : edd4;
8045 : f5f4;
8046 : f614;
8047 : f614;
8048 : f614;
8049 : f614;
8050 : f635;
8051 : f634;
8052 : f614;
8053 : edd4;
8054 : e5f5;
8055 : de37;
8056 : d69a;
8057 : dedc;
8058 : defc;
8059 : dedb;
8060 : dedb;
8061 : dedb;
8062 : dedb;
8063 : dedb;
8064 : dedb;
8065 : dedb;
8066 : d67a;
8067 : d69a;
8068 : d67a;
8069 : d6bb;
8070 : c63a;
8071 : be1b;
8072 : be1a;
8073 : be1a;
8074 : be1a;
8075 : ce7a;
8076 : d67a;
8077 : ce5a;
8078 : ce5a;
8079 : ce7a;
8080 : c619;
8081 : dedb;
8082 : ffff;
8083 : ffff;
8084 : ffff;
8085 : ffff;
8086 : ffff;
8087 : ffff;
8088 : ffff;
8089 : ffff;
8090 : ffff;
8091 : ffff;
8092 : ffff;
8093 : ffff;
8094 : ffff;
8095 : ffff;
8096 : ffff;
8097 : ffff;
8098 : ffff;
8099 : ffff;
8100 : ffff;
8101 : ffff;
8102 : ffff;
8103 : ffff;
8104 : ffff;
8105 : ffff;
8106 : ffff;
8107 : ffff;
8108 : ffff;
8109 : ffff;
8110 : ffff;
8111 : ffff;
8112 : ffff;
8113 : ffff;
8114 : ffdf;
8115 : c5f7;
8116 : d67a;
8117 : ce59;
8118 : d67a;
8119 : d69a;
8120 : d69a;
8121 : d67a;
8122 : d67a;
8123 : ce7a;
8124 : be1a;
8125 : be3b;
8126 : be3a;
8127 : be3a;
8128 : be1a;
8129 : d69b;
8130 : d6bb;
8131 : debb;
8132 : d6bb;
8133 : dedb;
8134 : dedc;
8135 : defc;
8136 : dedc;
8137 : dedc;
8138 : defc;
8139 : defc;
8140 : defc;
8141 : defc;
8142 : defc;
8143 : df1c;
8144 : defc;
8145 : d6bb;
8146 : debb;
8147 : deba;
8148 : de9a;
8149 : deba;
8150 : de9a;
8151 : d69b;
8152 : d69b;
8153 : dedc;
8154 : defc;
8155 : defc;
8156 : defc;
8157 : dedb;
8158 : dedb;
8159 : dedb;
8160 : dedb;
8161 : dedb;
8162 : dedb;
8163 : dedb;
8164 : debb;
8165 : debb;
8166 : ce7a;
8167 : d69a;
8168 : d69a;
8169 : d69b;
8170 : b5fa;
8171 : be1a;
8172 : be1a;
8173 : be3a;
8174 : b61a;
8175 : ce7a;
8176 : d69a;
8177 : d69a;
8178 : ce7a;
8179 : ce7a;
8180 : d659;
8181 : ce39;
8182 : ce39;
8183 : ffff;
8184 : ffff;
8185 : ffff;
8186 : ffff;
8187 : ffff;
8188 : ffff;
8189 : ffff;
8190 : ffff;
8191 : ffff;
8192 : ffff;
8193 : ffff;
8194 : ffff;
8195 : ffff;
8196 : ffff;
8197 : ffff;
8198 : ffff;
8199 : ffff;
8200 : ffff;
8201 : ffff;
8202 : ffff;
8203 : ffff;
8204 : ffff;
8205 : ffff;
8206 : ffff;
8207 : ffff;
8208 : ffff;
8209 : ffff;
8210 : ffff;
8211 : ffff;
8212 : ffff;
8213 : ffff;
8214 : dedb;
8215 : ce18;
8216 : d69a;
8217 : d67a;
8218 : d69a;
8219 : de9a;
8220 : d69a;
8221 : d69b;
8222 : d69a;
8223 : ce5a;
8224 : be3a;
8225 : be3a;
8226 : c63b;
8227 : be3b;
8228 : be1b;
8229 : ce7b;
8230 : debb;
8231 : dedb;
8232 : d6bb;
8233 : d6bb;
8234 : debb;
8235 : dedb;
8236 : dedb;
8237 : dedb;
8238 : dedc;
8239 : dedc;
8240 : defc;
8241 : defc;
8242 : dedc;
8243 : defc;
8244 : defc;
8245 : defc;
8246 : defc;
8247 : defc;
8248 : defc;
8249 : defc;
8250 : defc;
8251 : dedc;
8252 : dedc;
8253 : dedb;
8254 : dedc;
8255 : dedc;
8256 : dedc;
8257 : dedb;
8258 : dedb;
8259 : dedb;
8260 : dedb;
8261 : d6bb;
8262 : debb;
8263 : d6bb;
8264 : d69b;
8265 : debb;
8266 : d67a;
8267 : d67a;
8268 : debb;
8269 : c65a;
8270 : be3b;
8271 : be3a;
8272 : be1a;
8273 : be3a;
8274 : b61a;
8275 : d69b;
8276 : debb;
8277 : d69a;
8278 : d69a;
8279 : d67a;
8280 : d659;
8281 : d69a;
8282 : ce59;
8283 : debb;
8284 : ffff;
8285 : ffff;
8286 : ffff;
8287 : ffff;
8288 : ffff;
8289 : ffff;
8290 : ffff;
8291 : ffff;
8292 : ffff;
8293 : ffff;
8294 : ffff;
8295 : ffff;
8296 : ffff;
8297 : ffff;
8298 : ffff;
8299 : ffff;
8300 : ffff;
8301 : ffff;
8302 : ffff;
8303 : ffff;
8304 : ffff;
8305 : ffff;
8306 : ffff;
8307 : ffff;
8308 : ffff;
8309 : ffff;
8310 : ffff;
8311 : ffff;
8312 : ffff;
8313 : ffff;
8314 : ce18;
8315 : ce59;
8316 : debb;
8317 : de9a;
8318 : d69a;
8319 : de9b;
8320 : d69b;
8321 : d69a;
8322 : d6bb;
8323 : c65a;
8324 : be3b;
8325 : be3b;
8326 : be3b;
8327 : c65b;
8328 : be3b;
8329 : c63b;
8330 : debb;
8331 : debb;
8332 : d69a;
8333 : d6bb;
8334 : debb;
8335 : debb;
8336 : debb;
8337 : dedb;
8338 : dedb;
8339 : dedb;
8340 : dedb;
8341 : dedb;
8342 : dedc;
8343 : dedc;
8344 : defc;
8345 : defc;
8346 : defc;
8347 : defc;
8348 : defc;
8349 : defc;
8350 : defc;
8351 : dedb;
8352 : dedb;
8353 : dedb;
8354 : dedb;
8355 : dedb;
8356 : debb;
8357 : dedb;
8358 : dedb;
8359 : dedb;
8360 : dedb;
8361 : d69b;
8362 : d6bb;
8363 : d6bb;
8364 : d6bb;
8365 : debb;
8366 : d69a;
8367 : d67a;
8368 : debb;
8369 : be1a;
8370 : be3b;
8371 : be3b;
8372 : be3b;
8373 : be3a;
8374 : b61a;
8375 : d69b;
8376 : d69a;
8377 : d69a;
8378 : debb;
8379 : d67a;
8380 : d679;
8381 : d69a;
8382 : d6bb;
8383 : c5f8;
8384 : ef7d;
8385 : ffff;
8386 : ffff;
8387 : ffff;
8388 : ffff;
8389 : ffff;
8390 : ffff;
8391 : ffff;
8392 : ffff;
8393 : ffff;
8394 : ffff;
8395 : ffff;
8396 : ffff;
8397 : ffff;
8398 : ffff;
8399 : ffff;
8400 : ffff;
8401 : ffff;
8402 : ffff;
8403 : ffff;
8404 : ffff;
8405 : ffff;
8406 : ffff;
8407 : ffff;
8408 : ffff;
8409 : ffff;
8410 : ffff;
8411 : ffff;
8412 : ffff;
8413 : ef3d;
8414 : ce39;
8415 : d67a;
8416 : d6ba;
8417 : debb;
8418 : d69a;
8419 : debb;
8420 : d69b;
8421 : d6bb;
8422 : d6bb;
8423 : c65b;
8424 : be3a;
8425 : c63b;
8426 : c65b;
8427 : c65b;
8428 : be3b;
8429 : be3b;
8430 : d69b;
8431 : debb;
8432 : d6bb;
8433 : debb;
8434 : debb;
8435 : dedb;
8436 : d6bb;
8437 : d6bb;
8438 : debb;
8439 : dedb;
8440 : dedb;
8441 : dedb;
8442 : dedb;
8443 : dedb;
8444 : dedb;
8445 : dedb;
8446 : dedb;
8447 : dedb;
8448 : dedb;
8449 : dedb;
8450 : debb;
8451 : debb;
8452 : debb;
8453 : debb;
8454 : debb;
8455 : debb;
8456 : debb;
8457 : d6bb;
8458 : d6bb;
8459 : d6bb;
8460 : debb;
8461 : d69a;
8462 : d6bb;
8463 : d6bb;
8464 : d6bb;
8465 : dedb;
8466 : d69a;
8467 : d69b;
8468 : ce7b;
8469 : be3b;
8470 : be1a;
8471 : be3b;
8472 : be3b;
8473 : be3a;
8474 : b5fa;
8475 : d6bb;
8476 : d69a;
8477 : d69a;
8478 : de9a;
8479 : debb;
8480 : d69b;
8481 : d69b;
8482 : dedb;
8483 : ce5a;
8484 : c5f8;
8485 : ffff;
8486 : ffff;
8487 : ffff;
8488 : ffff;
8489 : ffff;
8490 : ffff;
8491 : ffff;
8492 : ffff;
8493 : ffff;
8494 : ffff;
8495 : ffff;
8496 : ffff;
8497 : ffff;
8498 : ffff;
8499 : ffff;
8500 : ffff;
8501 : ffff;
8502 : ffff;
8503 : ffff;
8504 : ffff;
8505 : ffff;
8506 : ffff;
8507 : ffff;
8508 : ffff;
8509 : ffff;
8510 : ffff;
8511 : ffff;
8512 : ffff;
8513 : d67a;
8514 : ce59;
8515 : d6bb;
8516 : d69a;
8517 : dedb;
8518 : d69a;
8519 : debb;
8520 : d69a;
8521 : debb;
8522 : d6bb;
8523 : c63a;
8524 : be3a;
8525 : be3b;
8526 : c65b;
8527 : c65b;
8528 : c63b;
8529 : be5b;
8530 : ce7b;
8531 : dedb;
8532 : d6bb;
8533 : debb;
8534 : debb;
8535 : dedb;
8536 : debb;
8537 : debb;
8538 : debb;
8539 : d6bb;
8540 : debb;
8541 : debb;
8542 : dedb;
8543 : debb;
8544 : debb;
8545 : dedb;
8546 : debb;
8547 : debb;
8548 : debb;
8549 : debb;
8550 : de9a;
8551 : debb;
8552 : d6bb;
8553 : d6bb;
8554 : deba;
8555 : debb;
8556 : d6bb;
8557 : d6bb;
8558 : d6bb;
8559 : debb;
8560 : d6bb;
8561 : d69a;
8562 : debb;
8563 : d69b;
8564 : d69b;
8565 : debb;
8566 : d69a;
8567 : debb;
8568 : bdf9;
8569 : be1a;
8570 : be3b;
8571 : be3b;
8572 : c63b;
8573 : be3b;
8574 : b5fa;
8575 : d69b;
8576 : debb;
8577 : d69a;
8578 : debb;
8579 : debb;
8580 : d6bb;
8581 : debb;
8582 : dedc;
8583 : d69b;
8584 : ce19;
8585 : d69a;
8586 : ffff;
8587 : ffff;
8588 : ffff;
8589 : ffff;
8590 : ffff;
8591 : ffff;
8592 : ffff;
8593 : ffff;
8594 : ffff;
8595 : ffff;
8596 : ffff;
8597 : ffff;
8598 : ffff;
8599 : ffff;
8600 : ffff;
8601 : ffff;
8602 : ffff;
8603 : ffff;
8604 : ffff;
8605 : ffff;
8606 : ffff;
8607 : ffff;
8608 : ffff;
8609 : ffff;
8610 : ffff;
8611 : ffff;
8612 : f7be;
8613 : ce39;
8614 : d67a;
8615 : d69a;
8616 : ce5a;
8617 : dedb;
8618 : debb;
8619 : d6bb;
8620 : d69b;
8621 : d69a;
8622 : debb;
8623 : be3a;
8624 : be3b;
8625 : be3b;
8626 : c65b;
8627 : c65b;
8628 : c65b;
8629 : be3b;
8630 : c65b;
8631 : dedb;
8632 : d6bb;
8633 : debb;
8634 : debb;
8635 : debb;
8636 : debb;
8637 : debb;
8638 : debb;
8639 : debb;
8640 : dedb;
8641 : debb;
8642 : debb;
8643 : debb;
8644 : debb;
8645 : debb;
8646 : debb;
8647 : debb;
8648 : debb;
8649 : debb;
8650 : debb;
8651 : debb;
8652 : d6bb;
8653 : debb;
8654 : debb;
8655 : debb;
8656 : debb;
8657 : d6bb;
8658 : d6bb;
8659 : debb;
8660 : d6bb;
8661 : d69a;
8662 : debb;
8663 : d69a;
8664 : d67a;
8665 : debb;
8666 : d69a;
8667 : d69b;
8668 : be3b;
8669 : be3a;
8670 : be3b;
8671 : be3b;
8672 : be3b;
8673 : be3a;
8674 : b61a;
8675 : d69b;
8676 : dedb;
8677 : d6bb;
8678 : d6bb;
8679 : debb;
8680 : debb;
8681 : debb;
8682 : dedb;
8683 : dedb;
8684 : ce19;
8685 : c619;
8686 : f7be;
8687 : ffff;
8688 : ffff;
8689 : ffff;
8690 : ffff;
8691 : ffff;
8692 : ffff;
8693 : ffff;
8694 : ffff;
8695 : ffff;
8696 : ffff;
8697 : ffff;
8698 : ffff;
8699 : ffff;
8700 : ffff;
8701 : ffff;
8702 : ffff;
8703 : ffff;
8704 : ffff;
8705 : ffff;
8706 : ffff;
8707 : ffff;
8708 : ffff;
8709 : ffff;
8710 : ffff;
8711 : ffff;
8712 : dedb;
8713 : ce39;
8714 : d6bb;
8715 : d6bb;
8716 : ce59;
8717 : d69b;
8718 : dedb;
8719 : d6bb;
8720 : d69b;
8721 : d6bb;
8722 : d6bb;
8723 : be3a;
8724 : be3b;
8725 : be3b;
8726 : c65b;
8727 : c65b;
8728 : c65b;
8729 : c63b;
8730 : be3b;
8731 : d6bb;
8732 : d6bb;
8733 : debb;
8734 : debb;
8735 : debb;
8736 : d6bb;
8737 : debb;
8738 : debb;
8739 : debb;
8740 : debb;
8741 : dedb;
8742 : debb;
8743 : debb;
8744 : debb;
8745 : debb;
8746 : debb;
8747 : debb;
8748 : debb;
8749 : debb;
8750 : debb;
8751 : d6bb;
8752 : debb;
8753 : d6bb;
8754 : de9b;
8755 : d6bb;
8756 : d6bb;
8757 : debb;
8758 : d6bb;
8759 : debb;
8760 : d69a;
8761 : d69a;
8762 : d69a;
8763 : d69a;
8764 : d67a;
8765 : de9b;
8766 : debb;
8767 : c63a;
8768 : be3b;
8769 : be3b;
8770 : c63b;
8771 : be3b;
8772 : c65b;
8773 : be1a;
8774 : be1a;
8775 : d69b;
8776 : dedb;
8777 : debb;
8778 : d69b;
8779 : debb;
8780 : debb;
8781 : dedb;
8782 : dedb;
8783 : d6bb;
8784 : ce59;
8785 : c619;
8786 : defc;
8787 : ffff;
8788 : ffff;
8789 : ffff;
8790 : ffff;
8791 : ffff;
8792 : ffff;
8793 : ffff;
8794 : ffff;
8795 : ffff;
8796 : ffff;
8797 : ffff;
8798 : ffff;
8799 : ffff;
8800 : ffff;
8801 : ffff;
8802 : ffff;
8803 : ffff;
8804 : ffff;
8805 : ffff;
8806 : ffff;
8807 : ffff;
8808 : ffff;
8809 : ffff;
8810 : ffff;
8811 : ffff;
8812 : ce39;
8813 : ce59;
8814 : d6bb;
8815 : d6bb;
8816 : ce7a;
8817 : d65a;
8818 : defc;
8819 : d6bb;
8820 : d69a;
8821 : debb;
8822 : debb;
8823 : be3a;
8824 : be3b;
8825 : c65b;
8826 : c65b;
8827 : c65b;
8828 : c63b;
8829 : c65b;
8830 : c65b;
8831 : d67b;
8832 : d6bb;
8833 : debb;
8834 : debb;
8835 : debb;
8836 : d6bb;
8837 : debb;
8838 : dedb;
8839 : debb;
8840 : dedb;
8841 : debb;
8842 : debb;
8843 : debb;
8844 : debb;
8845 : debb;
8846 : debb;
8847 : debb;
8848 : debb;
8849 : debb;
8850 : dedb;
8851 : debb;
8852 : d6bb;
8853 : d69b;
8854 : d6bb;
8855 : d6bb;
8856 : d6bb;
8857 : d6bb;
8858 : d6bb;
8859 : debb;
8860 : d69a;
8861 : d67a;
8862 : d69a;
8863 : d69a;
8864 : d67a;
8865 : de9b;
8866 : d6bb;
8867 : be1b;
8868 : c63b;
8869 : be3b;
8870 : be3a;
8871 : be3b;
8872 : c65b;
8873 : be1a;
8874 : be1a;
8875 : d69a;
8876 : dedb;
8877 : d6bb;
8878 : d6bb;
8879 : dedb;
8880 : debb;
8881 : dedb;
8882 : dedb;
8883 : d69a;
8884 : d67a;
8885 : ce19;
8886 : ce5a;
8887 : ffff;
8888 : ffff;
8889 : ffff;
8890 : ffff;
8891 : ffff;
8892 : ffff;
8893 : ffff;
8894 : ffff;
8895 : ffff;
8896 : ffff;
8897 : ffff;
8898 : ffff;
8899 : ffff;
8900 : ffff;
8901 : ffff;
8902 : ffff;
8903 : ffff;
8904 : ffff;
8905 : ffff;
8906 : ffff;
8907 : ffff;
8908 : ffff;
8909 : ffff;
8910 : ffff;
8911 : ef3c;
8912 : ce39;
8913 : ce59;
8914 : d69b;
8915 : d6bb;
8916 : d6bb;
8917 : ce39;
8918 : dedb;
8919 : d6bb;
8920 : d69b;
8921 : d6bb;
8922 : debb;
8923 : be1a;
8924 : c63b;
8925 : c65b;
8926 : c65b;
8927 : c65b;
8928 : c65b;
8929 : be3b;
8930 : c65b;
8931 : ce5b;
8932 : debb;
8933 : d6bb;
8934 : debb;
8935 : debb;
8936 : debb;
8937 : debb;
8938 : debb;
8939 : debb;
8940 : debb;
8941 : debb;
8942 : debb;
8943 : debb;
8944 : debb;
8945 : debb;
8946 : debb;
8947 : debb;
8948 : debb;
8949 : debb;
8950 : debb;
8951 : debb;
8952 : debb;
8953 : d6bb;
8954 : debb;
8955 : debb;
8956 : d69b;
8957 : d6bb;
8958 : d6bb;
8959 : debb;
8960 : d69b;
8961 : d69a;
8962 : d69b;
8963 : d69a;
8964 : d67a;
8965 : d6bb;
8966 : d67a;
8967 : be3b;
8968 : be1a;
8969 : be3b;
8970 : be3b;
8971 : be3b;
8972 : c65b;
8973 : be3a;
8974 : be3a;
8975 : d67a;
8976 : debb;
8977 : d69b;
8978 : debb;
8979 : debb;
8980 : debb;
8981 : debb;
8982 : debb;
8983 : ce59;
8984 : d6bb;
8985 : d65a;
8986 : c619;
8987 : ef7d;
8988 : ffff;
8989 : ffff;
8990 : ffff;
8991 : ffff;
8992 : ffff;
8993 : ffff;
8994 : ffff;
8995 : ffff;
8996 : ffff;
8997 : ffff;
8998 : ffff;
8999 : ffff;
9000 : ffff;
9001 : ffff;
9002 : ffff;
9003 : ffff;
9004 : ffff;
9005 : ffff;
9006 : ffff;
9007 : ffff;
9008 : ffff;
9009 : ffff;
9010 : ffff;
9011 : d659;
9012 : ce18;
9013 : ce59;
9014 : d69b;
9015 : d6bb;
9016 : d6bb;
9017 : ce59;
9018 : d67a;
9019 : d6bb;
9020 : d69a;
9021 : d69a;
9022 : d6bb;
9023 : be1a;
9024 : c65b;
9025 : c65b;
9026 : c65b;
9027 : c65b;
9028 : be3a;
9029 : c63b;
9030 : c65b;
9031 : c63a;
9032 : dedb;
9033 : debb;
9034 : debb;
9035 : debb;
9036 : d6bb;
9037 : d6bb;
9038 : debb;
9039 : debb;
9040 : dedb;
9041 : debb;
9042 : debb;
9043 : debb;
9044 : debb;
9045 : debb;
9046 : debb;
9047 : debb;
9048 : debb;
9049 : debb;
9050 : debb;
9051 : debb;
9052 : debb;
9053 : debb;
9054 : debb;
9055 : debb;
9056 : debb;
9057 : debb;
9058 : d6bb;
9059 : debb;
9060 : d69b;
9061 : d69b;
9062 : d69a;
9063 : d69b;
9064 : d67a;
9065 : dedb;
9066 : c63a;
9067 : be3b;
9068 : be1a;
9069 : be3b;
9070 : c65b;
9071 : be3b;
9072 : c63b;
9073 : c63a;
9074 : be3b;
9075 : ce5a;
9076 : d6bb;
9077 : d69b;
9078 : debb;
9079 : debb;
9080 : dedb;
9081 : debb;
9082 : d6bb;
9083 : ce39;
9084 : dedb;
9085 : d6bb;
9086 : c5d7;
9087 : d6bb;
9088 : ffff;
9089 : ffff;
9090 : ffff;
9091 : ffff;
9092 : ffff;
9093 : ffff;
9094 : ffff;
9095 : ffff;
9096 : ffff;
9097 : ffff;
9098 : ffff;
9099 : ffff;
9100 : ffff;
9101 : ffff;
9102 : ffff;
9103 : ffff;
9104 : ffff;
9105 : ffff;
9106 : ffff;
9107 : ffff;
9108 : ffff;
9109 : ffff;
9110 : ffbe;
9111 : c5f8;
9112 : ce18;
9113 : d67a;
9114 : d67a;
9115 : d69a;
9116 : debb;
9117 : d6bb;
9118 : ce39;
9119 : debb;
9120 : d69a;
9121 : d69a;
9122 : d6bb;
9123 : be1a;
9124 : c63b;
9125 : c65b;
9126 : c65b;
9127 : c65b;
9128 : c63b;
9129 : be3b;
9130 : c63a;
9131 : be5b;
9132 : d6bb;
9133 : debb;
9134 : debb;
9135 : debb;
9136 : debb;
9137 : d6bb;
9138 : debb;
9139 : debb;
9140 : debb;
9141 : debb;
9142 : debb;
9143 : debb;
9144 : debb;
9145 : debb;
9146 : debb;
9147 : debb;
9148 : debb;
9149 : debb;
9150 : debb;
9151 : debb;
9152 : debb;
9153 : debb;
9154 : debb;
9155 : debb;
9156 : debb;
9157 : debb;
9158 : d6bb;
9159 : debb;
9160 : d6bb;
9161 : d69b;
9162 : d69b;
9163 : d69b;
9164 : d69a;
9165 : debb;
9166 : be1a;
9167 : be3b;
9168 : be3b;
9169 : be3b;
9170 : be3b;
9171 : c63b;
9172 : be3b;
9173 : c63b;
9174 : be3b;
9175 : ce7a;
9176 : d69a;
9177 : debb;
9178 : debb;
9179 : debb;
9180 : dedb;
9181 : d6bb;
9182 : ce59;
9183 : d69b;
9184 : dedb;
9185 : d6bb;
9186 : bdb7;
9187 : ce39;
9188 : ffdf;
9189 : ffff;
9190 : ffff;
9191 : ffff;
9192 : ffff;
9193 : ffff;
9194 : ffff;
9195 : ffff;
9196 : ffff;
9197 : ffff;
9198 : ffff;
9199 : ffff;
9200 : ffff;
9201 : ffff;
9202 : ffff;
9203 : ffff;
9204 : ffff;
9205 : ffff;
9206 : ffff;
9207 : ffff;
9208 : ffff;
9209 : ffff;
9210 : debb;
9211 : ce18;
9212 : c5f7;
9213 : d67a;
9214 : d69a;
9215 : d69a;
9216 : de9a;
9217 : d69a;
9218 : ce5a;
9219 : d69b;
9220 : d69a;
9221 : d67a;
9222 : d6bb;
9223 : be1a;
9224 : c63a;
9225 : c65b;
9226 : c65b;
9227 : c63b;
9228 : be5b;
9229 : c65b;
9230 : c63b;
9231 : be5b;
9232 : d69b;
9233 : debb;
9234 : d6bb;
9235 : debb;
9236 : debb;
9237 : debb;
9238 : debb;
9239 : debb;
9240 : debb;
9241 : debb;
9242 : debb;
9243 : debb;
9244 : debb;
9245 : debb;
9246 : debb;
9247 : debb;
9248 : debb;
9249 : debb;
9250 : debb;
9251 : debb;
9252 : debb;
9253 : debb;
9254 : debb;
9255 : debb;
9256 : debb;
9257 : d6bb;
9258 : debb;
9259 : d6bb;
9260 : d69a;
9261 : d69b;
9262 : d69b;
9263 : d69a;
9264 : d69a;
9265 : d69a;
9266 : be1b;
9267 : be1a;
9268 : be3b;
9269 : be1a;
9270 : c65b;
9271 : c65b;
9272 : be3b;
9273 : be3a;
9274 : be3a;
9275 : d67a;
9276 : ce7a;
9277 : d6bb;
9278 : debb;
9279 : dedb;
9280 : debb;
9281 : d69a;
9282 : ce19;
9283 : d6bb;
9284 : d6bb;
9285 : d6bb;
9286 : ce39;
9287 : c5d7;
9288 : e71c;
9289 : ffff;
9290 : ffff;
9291 : ffff;
9292 : ffff;
9293 : ffff;
9294 : ffff;
9295 : ffff;
9296 : ffff;
9297 : ffff;
9298 : ffff;
9299 : ffff;
9300 : ffff;
9301 : ffff;
9302 : ffff;
9303 : ffff;
9304 : ffff;
9305 : ffff;
9306 : ffff;
9307 : ffff;
9308 : ffff;
9309 : ffff;
9310 : c5f7;
9311 : ce18;
9312 : ce18;
9313 : d67a;
9314 : d67a;
9315 : d69a;
9316 : d69a;
9317 : d67a;
9318 : d69b;
9319 : ce5a;
9320 : d69a;
9321 : ce5a;
9322 : d69a;
9323 : be1a;
9324 : be3a;
9325 : c65b;
9326 : c65b;
9327 : c65b;
9328 : be5b;
9329 : c65b;
9330 : be3b;
9331 : c65b;
9332 : ce5a;
9333 : dedb;
9334 : d6bb;
9335 : d6bb;
9336 : debb;
9337 : de9a;
9338 : debb;
9339 : debb;
9340 : debb;
9341 : debb;
9342 : debb;
9343 : debb;
9344 : debb;
9345 : debb;
9346 : d6bb;
9347 : d6bb;
9348 : debb;
9349 : debb;
9350 : d6bb;
9351 : debb;
9352 : debb;
9353 : debb;
9354 : debb;
9355 : debb;
9356 : debb;
9357 : debb;
9358 : d6bb;
9359 : debb;
9360 : d6bb;
9361 : d6bb;
9362 : debb;
9363 : d69a;
9364 : debb;
9365 : c63a;
9366 : be3b;
9367 : be3a;
9368 : c63b;
9369 : be3a;
9370 : be3b;
9371 : be3b;
9372 : be3b;
9373 : be1a;
9374 : be1a;
9375 : d6bb;
9376 : ce7a;
9377 : d69a;
9378 : debb;
9379 : dedb;
9380 : d69b;
9381 : ce7a;
9382 : ce5a;
9383 : debb;
9384 : debb;
9385 : d6bb;
9386 : ce5a;
9387 : c5d7;
9388 : ce5a;
9389 : ffff;
9390 : ffff;
9391 : ffff;
9392 : ffff;
9393 : ffff;
9394 : ffff;
9395 : ffff;
9396 : ffff;
9397 : ffff;
9398 : ffff;
9399 : ffff;
9400 : ffff;
9401 : ffff;
9402 : ffff;
9403 : ffff;
9404 : ffff;
9405 : ffff;
9406 : ffff;
9407 : ffff;
9408 : ffff;
9409 : e73c;
9410 : c5f8;
9411 : ce18;
9412 : ce39;
9413 : d67a;
9414 : ce59;
9415 : d69a;
9416 : d69a;
9417 : ce59;
9418 : d69b;
9419 : ce59;
9420 : d6bb;
9421 : ce59;
9422 : d6ba;
9423 : be1a;
9424 : be3a;
9425 : c65b;
9426 : c65b;
9427 : be3b;
9428 : be3b;
9429 : c65b;
9430 : be5b;
9431 : c65b;
9432 : c63a;
9433 : dedb;
9434 : debb;
9435 : d6bb;
9436 : d69a;
9437 : d69a;
9438 : debb;
9439 : debb;
9440 : debb;
9441 : debb;
9442 : debb;
9443 : debb;
9444 : debb;
9445 : debb;
9446 : debb;
9447 : debb;
9448 : debb;
9449 : debb;
9450 : debb;
9451 : d6bb;
9452 : d6bb;
9453 : debb;
9454 : debb;
9455 : de9b;
9456 : debb;
9457 : debb;
9458 : debb;
9459 : d6bb;
9460 : d6bb;
9461 : d69b;
9462 : d69b;
9463 : d69b;
9464 : debb;
9465 : be1a;
9466 : be3a;
9467 : be3b;
9468 : c65b;
9469 : be3b;
9470 : be3a;
9471 : be3b;
9472 : be1a;
9473 : be1a;
9474 : be1a;
9475 : d6bb;
9476 : d69a;
9477 : ce7a;
9478 : d6bb;
9479 : dedb;
9480 : ce5a;
9481 : ce7a;
9482 : ce7a;
9483 : debb;
9484 : de9b;
9485 : d69a;
9486 : d67a;
9487 : c5f8;
9488 : ce39;
9489 : f79e;
9490 : ffff;
9491 : ffff;
9492 : ffff;
9493 : ffff;
9494 : ffff;
9495 : ffff;
9496 : ffff;
9497 : ffff;
9498 : ffff;
9499 : ffff;
9500 : ffff;
9501 : ffff;
9502 : ffff;
9503 : ffff;
9504 : ffff;
9505 : ffff;
9506 : ffff;
9507 : ffff;
9508 : ffff;
9509 : ce18;
9510 : ce19;
9511 : ce18;
9512 : d659;
9513 : d67a;
9514 : d67a;
9515 : d69a;
9516 : debb;
9517 : d67a;
9518 : d69a;
9519 : ce59;
9520 : d69a;
9521 : ce39;
9522 : d69a;
9523 : be1a;
9524 : be1a;
9525 : be3b;
9526 : be3b;
9527 : be3b;
9528 : be3a;
9529 : c63b;
9530 : c65b;
9531 : be3b;
9532 : be3a;
9533 : debb;
9534 : debb;
9535 : d6bb;
9536 : d69b;
9537 : de9b;
9538 : d6bb;
9539 : debb;
9540 : d6bb;
9541 : debb;
9542 : debb;
9543 : d6bb;
9544 : d6bb;
9545 : d69b;
9546 : d69b;
9547 : d6bb;
9548 : d69b;
9549 : debb;
9550 : debb;
9551 : debb;
9552 : d6bb;
9553 : debb;
9554 : d6bb;
9555 : debb;
9556 : d6bb;
9557 : d69b;
9558 : d69b;
9559 : d6bb;
9560 : d6bb;
9561 : d6bb;
9562 : debb;
9563 : d6bb;
9564 : d69b;
9565 : be3b;
9566 : be1a;
9567 : be3b;
9568 : c65b;
9569 : be3b;
9570 : be3b;
9571 : be3a;
9572 : be1a;
9573 : be1a;
9574 : be1a;
9575 : d69a;
9576 : d69a;
9577 : d67a;
9578 : d69a;
9579 : debb;
9580 : ce59;
9581 : ce39;
9582 : d67a;
9583 : debb;
9584 : d69a;
9585 : d6bb;
9586 : d69a;
9587 : ce18;
9588 : ce18;
9589 : dedb;
9590 : ffff;
9591 : ffff;
9592 : ffff;
9593 : ffff;
9594 : ffff;
9595 : ffff;
9596 : ffff;
9597 : ffff;
9598 : ffff;
9599 : ffff;
9600 : ffff;
9601 : ffff;
9602 : ffff;
9603 : ffff;
9604 : ffff;
9605 : ffff;
9606 : ffff;
9607 : ffff;
9608 : f79e;
9609 : bdb6;
9610 : cdf7;
9611 : ce59;
9612 : d69a;
9613 : d69a;
9614 : ce59;
9615 : d69a;
9616 : d69a;
9617 : d67a;
9618 : ce7a;
9619 : ce39;
9620 : ce5a;
9621 : c619;
9622 : d67a;
9623 : c63a;
9624 : b5f9;
9625 : be3b;
9626 : c65b;
9627 : be3b;
9628 : be3a;
9629 : c65b;
9630 : c65b;
9631 : be3b;
9632 : be3a;
9633 : d6bb;
9634 : d6bb;
9635 : d6bb;
9636 : d69b;
9637 : d6bb;
9638 : d6bb;
9639 : debb;
9640 : debb;
9641 : d6bb;
9642 : debb;
9643 : d6bb;
9644 : d6bb;
9645 : d6bb;
9646 : d6bb;
9647 : d6bb;
9648 : d6bb;
9649 : d69b;
9650 : d69b;
9651 : d69b;
9652 : d69b;
9653 : debb;
9654 : d6bb;
9655 : d6bb;
9656 : d6bb;
9657 : d69b;
9658 : d6bb;
9659 : d6bb;
9660 : d6bb;
9661 : d6bb;
9662 : d6bb;
9663 : debb;
9664 : c65a;
9665 : be3b;
9666 : be1a;
9667 : be3b;
9668 : be3b;
9669 : be3b;
9670 : be3a;
9671 : be1a;
9672 : be1a;
9673 : be1a;
9674 : be19;
9675 : d659;
9676 : d67a;
9677 : d67a;
9678 : d69a;
9679 : d67a;
9680 : ce39;
9681 : ce39;
9682 : d69a;
9683 : d69a;
9684 : d6bb;
9685 : d69b;
9686 : d67a;
9687 : ce18;
9688 : c618;
9689 : ce39;
9690 : ffff;
9691 : ffff;
9692 : ffff;
9693 : ffff;
9694 : ffff;
9695 : ffff;
9696 : ffff;
9697 : ffff;
9698 : ffff;
9699 : ffff;
9700 : ffff;
9701 : ffff;
9702 : ffff;
9703 : ffff;
9704 : ffff;
9705 : ffff;
9706 : ffff;
9707 : ffff;
9708 : d69a;
9709 : c5f8;
9710 : ce18;
9711 : ce38;
9712 : ce39;
9713 : d67a;
9714 : d67a;
9715 : d67a;
9716 : d69a;
9717 : ce59;
9718 : d69a;
9719 : d67a;
9720 : ce5a;
9721 : ce59;
9722 : c618;
9723 : c639;
9724 : b5d9;
9725 : be3a;
9726 : be3b;
9727 : c65b;
9728 : be1a;
9729 : c65b;
9730 : c65b;
9731 : be3a;
9732 : be3a;
9733 : d69b;
9734 : debb;
9735 : d6bb;
9736 : d6bb;
9737 : d6bb;
9738 : d6bb;
9739 : d6bb;
9740 : d6bb;
9741 : d6bb;
9742 : debb;
9743 : d6bb;
9744 : d6bb;
9745 : d69b;
9746 : d6bb;
9747 : d6bb;
9748 : d69b;
9749 : d6bb;
9750 : d69b;
9751 : d69b;
9752 : d6bb;
9753 : d6bb;
9754 : d6bb;
9755 : d69a;
9756 : d6bb;
9757 : d6bb;
9758 : d6bb;
9759 : d69b;
9760 : d69b;
9761 : d69a;
9762 : d69b;
9763 : dedb;
9764 : be1a;
9765 : be3b;
9766 : be1a;
9767 : be1a;
9768 : be3b;
9769 : be3b;
9770 : be1a;
9771 : be1a;
9772 : be3a;
9773 : be1a;
9774 : bdf9;
9775 : ce59;
9776 : ce5a;
9777 : ce5a;
9778 : d67a;
9779 : ce5a;
9780 : ce19;
9781 : ce39;
9782 : d69a;
9783 : debb;
9784 : d69a;
9785 : d69a;
9786 : d67a;
9787 : d67a;
9788 : c5f8;
9789 : ce7a;
9790 : ef3d;
9791 : ffff;
9792 : ffff;
9793 : ffff;
9794 : ffff;
9795 : ffff;
9796 : ffff;
9797 : ffff;
9798 : ffff;
9799 : ffff;
9800 : ffff;
9801 : ffff;
9802 : ffff;
9803 : ffff;
9804 : ffff;
9805 : ffff;
9806 : ffff;
9807 : ffff;
9808 : c5d7;
9809 : ce18;
9810 : ce39;
9811 : d679;
9812 : d67a;
9813 : d67a;
9814 : ce39;
9815 : d659;
9816 : debb;
9817 : d67a;
9818 : ce5a;
9819 : d69a;
9820 : ce5a;
9821 : d67a;
9822 : c618;
9823 : c619;
9824 : b5d9;
9825 : be1a;
9826 : be3b;
9827 : be3a;
9828 : be1a;
9829 : c65b;
9830 : c65b;
9831 : be3a;
9832 : be3b;
9833 : ce7a;
9834 : debb;
9835 : d6bb;
9836 : d69b;
9837 : d6bb;
9838 : d6bb;
9839 : d69b;
9840 : d6bb;
9841 : d6bb;
9842 : d6bb;
9843 : d6bb;
9844 : d69b;
9845 : d69b;
9846 : d69a;
9847 : d69b;
9848 : d69a;
9849 : d69a;
9850 : d69a;
9851 : d6bb;
9852 : d6bb;
9853 : d6bb;
9854 : d6bb;
9855 : d69b;
9856 : d6bb;
9857 : d69b;
9858 : d6bb;
9859 : d69b;
9860 : d69b;
9861 : d69b;
9862 : d6bb;
9863 : d6bb;
9864 : be1a;
9865 : be1a;
9866 : be1a;
9867 : be1a;
9868 : be1b;
9869 : be3b;
9870 : be3a;
9871 : be1a;
9872 : be3b;
9873 : be1a;
9874 : bdd8;
9875 : ce39;
9876 : ce5a;
9877 : ce7a;
9878 : d67a;
9879 : ce59;
9880 : ce19;
9881 : ce7a;
9882 : d6bb;
9883 : d69a;
9884 : d69a;
9885 : d6bb;
9886 : d67a;
9887 : ce59;
9888 : ce39;
9889 : d679;
9890 : ce39;
9891 : ffff;
9892 : ffff;
9893 : ffff;
9894 : ffff;
9895 : ffff;
9896 : ffff;
9897 : ffff;
9898 : ffff;
9899 : ffff;
9900 : ffff;
9901 : ffff;
9902 : ffff;
9903 : ffff;
9904 : ffff;
9905 : ffff;
9906 : ffff;
9907 : e6fb;
9908 : c5f8;
9909 : ce18;
9910 : ce18;
9911 : d659;
9912 : d67a;
9913 : d69a;
9914 : ce59;
9915 : d67a;
9916 : d67a;
9917 : d65a;
9918 : ce59;
9919 : d67a;
9920 : ce59;
9921 : ce5a;
9922 : c639;
9923 : c619;
9924 : b5f9;
9925 : be1a;
9926 : be1a;
9927 : be3a;
9928 : be1a;
9929 : c65b;
9930 : c65b;
9931 : be3a;
9932 : be3a;
9933 : c63a;
9934 : debb;
9935 : d69b;
9936 : d6bb;
9937 : d6bb;
9938 : d69b;
9939 : d69b;
9940 : d6bb;
9941 : d69b;
9942 : d69b;
9943 : d6bb;
9944 : d69b;
9945 : d69a;
9946 : d69a;
9947 : d69b;
9948 : d69b;
9949 : d69a;
9950 : d69a;
9951 : d69b;
9952 : d69b;
9953 : d6bb;
9954 : d6bb;
9955 : d69a;
9956 : d69b;
9957 : d69b;
9958 : d69b;
9959 : d69b;
9960 : d6bb;
9961 : d69a;
9962 : debb;
9963 : ce7a;
9964 : be3b;
9965 : be1a;
9966 : be1a;
9967 : be1a;
9968 : be1a;
9969 : be3b;
9970 : be1a;
9971 : bdfa;
9972 : be3b;
9973 : bdfa;
9974 : bdd7;
9975 : c619;
9976 : ce5a;
9977 : d69a;
9978 : ce59;
9979 : ce5a;
9980 : ce19;
9981 : d67a;
9982 : d69a;
9983 : d69a;
9984 : d69a;
9985 : d69a;
9986 : d69a;
9987 : d67a;
9988 : d659;
9989 : cdf7;
9990 : ce39;
9991 : f7be;
9992 : ffff;
9993 : ffff;
9994 : ffff;
9995 : ffff;
9996 : ffff;
9997 : ffff;
9998 : ffff;
9999 : ffff;

END;